policy_id,product,segment,region,period,active_policies,earned_exposure_units
P06001,Commercial,Construction,South,2026-08,1,2.1739
P06002,Commercial,Construction,South,2026-08,1,2.1739
P06003,Commercial,Construction,South,2026-08,1,2.1739
P06004,Commercial,Construction,South,2026-08,1,2.1739
P06005,Commercial,Construction,South,2026-08,1,2.1739
P06006,Commercial,Construction,South,2026-08,1,2.1739
P06007,Commercial,Construction,South,2026-08,1,2.1739
P06008,Commercial,Construction,South,2026-08,1,2.1739
P06009,Commercial,Construction,South,2026-08,1,2.1739
P06010,Commercial,Construction,South,2026-08,1,2.1739
P06011,Commercial,Construction,South,2026-08,1,2.1739
P06012,Commercial,Construction,South,2026-08,1,2.1739
P06013,Commercial,Construction,South,2026-08,1,2.1739
P06014,Commercial,Construction,South,2026-08,1,2.1739
P06015,Commercial,Construction,South,2026-08,1,2.1739
P06016,Commercial,Construction,South,2026-08,1,2.1739
P06017,Commercial,Construction,South,2026-08,1,2.1739
P06018,Commercial,Construction,South,2026-08,1,2.1739
P06019,Commercial,Construction,South,2026-08,1,2.1739
P06020,Commercial,Construction,South,2026-08,1,2.1739
P06021,Commercial,Construction,South,2026-08,1,2.1739
P06022,Commercial,Construction,South,2026-08,1,2.1739
P06023,Commercial,Construction,South,2026-08,1,2.1739
P06024,Commercial,Construction,South,2026-08,1,2.1739
P06025,Commercial,Construction,South,2026-08,1,2.1739
P06026,Commercial,Construction,South,2026-08,1,2.1739
P06027,Commercial,Construction,South,2026-08,1,2.1739
P06028,Commercial,Construction,South,2026-08,1,2.1739
P06029,Commercial,Construction,South,2026-08,1,2.1739
P06030,Commercial,Construction,South,2026-08,1,2.1739
P06031,Commercial,Construction,South,2026-08,1,2.1739
P06032,Commercial,Construction,South,2026-08,1,2.1739
P06033,Commercial,Construction,South,2026-08,1,2.1739
P06034,Commercial,Construction,South,2026-08,1,2.1739
P06035,Commercial,Construction,South,2026-08,1,2.1739
P06036,Commercial,Construction,South,2026-08,1,2.1739
P06037,Commercial,Construction,South,2026-08,1,2.1739
P06038,Commercial,Construction,South,2026-08,1,2.1739
P06039,Commercial,Construction,South,2026-08,1,2.1739
P06040,Commercial,Construction,South,2026-08,1,2.1739
P06041,Commercial,Construction,South,2026-08,1,2.1739
P06042,Commercial,Construction,South,2026-08,1,2.1739
P06043,Commercial,Construction,South,2026-08,1,2.1739
P06044,Commercial,Construction,South,2026-08,1,2.1739
P06045,Commercial,Construction,South,2026-08,1,2.1739
P06046,Commercial,Construction,South,2026-08,1,2.1739
P06047,Commercial,Construction,South,2026-08,1,2.1739
P06048,Commercial,Construction,South,2026-08,1,2.1739
P06049,Commercial,Construction,South,2026-08,1,2.1739
P06050,Commercial,Construction,South,2026-08,1,2.1739
P06051,Commercial,Construction,South,2026-08,1,2.1739
P06052,Commercial,Construction,South,2026-08,1,2.1739
P06053,Commercial,Construction,South,2026-08,1,2.1739
P06054,Commercial,Construction,South,2026-08,1,2.1739
P06055,Commercial,Construction,South,2026-08,1,2.1739
P06056,Commercial,Construction,South,2026-08,1,2.1739
P06057,Commercial,Construction,South,2026-08,1,2.1739
P06058,Commercial,Construction,South,2026-08,1,2.1739
P06059,Commercial,Construction,South,2026-08,1,2.1739
P06060,Commercial,Construction,South,2026-08,1,2.1739
P06061,Commercial,Construction,South,2026-08,1,2.1739
P06062,Commercial,Construction,South,2026-08,1,2.1739
P06063,Commercial,Construction,South,2026-08,1,2.1739
P06064,Commercial,Construction,South,2026-08,1,2.1739
P06065,Commercial,Construction,South,2026-08,1,2.1739
P06066,Commercial,Construction,South,2026-08,1,2.1739
P06067,Commercial,Construction,South,2026-08,1,2.1739
P06068,Commercial,Construction,South,2026-08,1,2.1739
P06069,Commercial,Construction,South,2026-08,1,2.1739
P06070,Commercial,Construction,South,2026-08,1,2.1739
P06071,Commercial,Construction,South,2026-08,1,2.1739
P06072,Commercial,Construction,South,2026-08,1,2.1739
P06073,Commercial,Construction,South,2026-08,1,2.1739
P06074,Commercial,Construction,South,2026-08,1,2.1739
P06075,Commercial,Construction,South,2026-08,1,2.1739
P06076,Commercial,Construction,South,2026-08,1,2.1739
P06077,Commercial,Construction,South,2026-08,1,2.1739
P06078,Commercial,Construction,South,2026-08,1,2.1739
P06079,Commercial,Construction,South,2026-08,1,2.1739
P06080,Commercial,Construction,South,2026-08,1,2.1739
P06081,Commercial,Construction,South,2026-08,1,2.1739
P06082,Commercial,Construction,South,2026-08,1,2.1739
P06083,Commercial,Construction,South,2026-08,1,2.1739
P06084,Commercial,Construction,South,2026-08,1,2.1739
P06085,Commercial,Construction,South,2026-08,1,2.1739
P06086,Commercial,Construction,South,2026-08,1,2.1739
P06087,Commercial,Construction,South,2026-08,1,2.1739
P06088,Commercial,Construction,South,2026-08,1,2.1739
P06089,Commercial,Construction,South,2026-08,1,2.1739
P06090,Commercial,Construction,South,2026-08,1,2.1739
P06091,Commercial,Construction,South,2026-08,1,2.1739
P06092,Commercial,Construction,South,2026-08,1,2.1739
P06093,Commercial,Construction,South,2026-08,1,2.1739
P06094,Commercial,Construction,South,2026-08,1,2.1739
P06095,Commercial,Construction,South,2026-08,1,2.1739
P06096,Commercial,Construction,South,2026-08,1,2.1739
P06097,Commercial,Construction,South,2026-08,1,2.1739
P06098,Commercial,Construction,South,2026-08,1,2.1739
P06099,Commercial,Construction,South,2026-08,1,2.1739
P06100,Commercial,Construction,South,2026-08,1,2.1739
P06101,Commercial,Construction,South,2026-08,1,2.1739
P06102,Commercial,Construction,South,2026-08,1,2.1739
P06103,Commercial,Construction,South,2026-08,1,2.1739
P06104,Commercial,Construction,South,2026-08,1,2.1739
P06105,Commercial,Construction,South,2026-08,1,2.1739
P06106,Commercial,Construction,South,2026-08,1,2.1739
P06107,Commercial,Construction,South,2026-08,1,2.1739
P06108,Commercial,Construction,South,2026-08,1,2.1739
P06109,Commercial,Construction,South,2026-08,1,2.1739
P06110,Commercial,Construction,South,2026-08,1,2.1739
P06111,Commercial,Construction,South,2026-08,1,2.1739
P06112,Commercial,Construction,South,2026-08,1,2.1739
P06113,Commercial,Construction,South,2026-08,1,2.1739
P06114,Commercial,Construction,South,2026-08,1,2.1739
P06115,Commercial,Construction,South,2026-08,1,2.1739
P06116,Commercial,Construction,South,2026-08,1,2.1739
P06117,Commercial,Construction,South,2026-08,1,2.1739
P06118,Commercial,Construction,South,2026-08,1,2.1739
P06119,Commercial,Construction,South,2026-08,1,2.1739
P06120,Commercial,Construction,South,2026-08,1,2.1739
P06121,Commercial,Construction,South,2026-08,1,2.1739
P06122,Commercial,Construction,South,2026-08,1,2.1739
P06123,Commercial,Construction,South,2026-08,1,2.1739
P06124,Commercial,Construction,South,2026-08,1,2.1739
P06125,Commercial,Construction,South,2026-08,1,2.1739
P06126,Commercial,Construction,South,2026-08,1,2.1739
P06127,Commercial,Construction,South,2026-08,1,2.1739
P06128,Commercial,Construction,South,2026-08,1,2.1739
P06129,Commercial,Construction,South,2026-08,1,2.1739
P06130,Commercial,Construction,South,2026-08,1,2.1739
P06131,Commercial,Construction,South,2026-08,1,2.1739
P06132,Commercial,Construction,South,2026-08,1,2.1739
P06133,Commercial,Construction,South,2026-08,1,2.1739
P06134,Commercial,Construction,South,2026-08,1,2.1739
P06135,Commercial,Construction,South,2026-08,1,2.1739
P06136,Commercial,Construction,South,2026-08,1,2.1739
P06137,Commercial,Construction,South,2026-08,1,2.1739
P06138,Commercial,Construction,South,2026-08,1,2.1739
P06139,Commercial,Construction,South,2026-08,1,2.1739
P06140,Commercial,Construction,South,2026-08,1,2.1739
P06141,Commercial,Construction,South,2026-08,1,2.1739
P06142,Commercial,Construction,South,2026-08,1,2.1739
P06143,Commercial,Construction,South,2026-08,1,2.1739
P06144,Commercial,Construction,South,2026-08,1,2.1739
P06145,Commercial,Construction,South,2026-08,1,2.1739
P06146,Commercial,Construction,South,2026-08,1,2.1739
P06147,Commercial,Construction,South,2026-08,1,2.1739
P06148,Commercial,Construction,South,2026-08,1,2.1739
P06149,Commercial,Construction,South,2026-08,1,2.1739
P06150,Commercial,Construction,South,2026-08,1,2.1739
P06151,Commercial,Construction,South,2026-08,1,2.1739
P06152,Commercial,Construction,South,2026-08,1,2.1739
P06153,Commercial,Construction,South,2026-08,1,2.1739
P06154,Commercial,Construction,South,2026-08,1,2.1739
P06155,Commercial,Construction,South,2026-08,1,2.1739
P06156,Commercial,Construction,South,2026-08,1,2.1739
P06157,Commercial,Construction,South,2026-08,1,2.1739
P06158,Commercial,Construction,South,2026-08,1,2.1739
P06159,Commercial,Construction,South,2026-08,1,2.1739
P06160,Commercial,Construction,South,2026-08,1,2.1739
P06161,Commercial,Construction,South,2026-08,1,2.1739
P06162,Commercial,Construction,South,2026-08,1,2.1739
P06163,Commercial,Construction,South,2026-08,1,2.1739
P06164,Commercial,Construction,South,2026-08,1,2.1739
P06165,Commercial,Construction,South,2026-08,1,2.1739
P06166,Commercial,Construction,South,2026-08,1,2.1739
P06167,Commercial,Construction,South,2026-08,1,2.1739
P06168,Commercial,Construction,South,2026-08,1,2.1739
P06169,Commercial,Construction,South,2026-08,1,2.1739
P06170,Commercial,Construction,South,2026-08,1,2.1739
P06171,Commercial,Construction,South,2026-08,1,2.1739
P06172,Commercial,Construction,South,2026-08,1,2.1739
P06173,Commercial,Construction,South,2026-08,1,2.1739
P06174,Commercial,Construction,South,2026-08,1,2.1739
P06175,Commercial,Construction,South,2026-08,1,2.1739
P06176,Commercial,Construction,South,2026-08,1,2.1739
P06177,Commercial,Construction,South,2026-08,1,2.1739
P06178,Commercial,Construction,South,2026-08,1,2.1739
P06179,Commercial,Construction,South,2026-08,1,2.1739
P06180,Commercial,Construction,South,2026-08,1,2.1739
P06181,Commercial,Construction,South,2026-08,1,2.1739
P06182,Commercial,Construction,South,2026-08,1,2.1739
P06183,Commercial,Construction,South,2026-08,1,2.1739
P06184,Commercial,Construction,South,2026-08,1,2.1739
P06185,Commercial,Construction,South,2026-08,1,2.1739
P06186,Commercial,Construction,South,2026-08,1,2.1739
P06187,Commercial,Construction,South,2026-08,1,2.1739
P06188,Commercial,Construction,South,2026-08,1,2.1739
P06189,Commercial,Construction,South,2026-08,1,2.1739
P06190,Commercial,Construction,South,2026-08,1,2.1739
P06191,Commercial,Construction,South,2026-08,1,2.1739
P06192,Commercial,Construction,South,2026-08,1,2.1739
P06193,Commercial,Construction,South,2026-08,1,2.1739
P06194,Commercial,Construction,South,2026-08,1,2.1739
P06195,Commercial,Construction,South,2026-08,1,2.1739
P06196,Commercial,Construction,South,2026-08,1,2.1739
P06197,Commercial,Construction,South,2026-08,1,2.1739
P06198,Commercial,Construction,South,2026-08,1,2.1739
P06199,Commercial,Construction,South,2026-08,1,2.1739
P06200,Commercial,Construction,South,2026-08,1,2.1739
P06201,Commercial,Construction,South,2026-08,1,2.1739
P06202,Commercial,Construction,South,2026-08,1,2.1739
P06203,Commercial,Construction,South,2026-08,1,2.1739
P06204,Commercial,Construction,South,2026-08,1,2.1739
P06205,Commercial,Construction,South,2026-08,1,2.1739
P06206,Commercial,Construction,South,2026-08,1,2.1739
P06207,Commercial,Construction,South,2026-08,1,2.1739
P06208,Commercial,Construction,South,2026-08,1,2.1739
P06209,Commercial,Construction,South,2026-08,1,2.1739
P06210,Commercial,Construction,South,2026-08,1,2.1739
P06211,Commercial,Construction,South,2026-08,1,2.1739
P06212,Commercial,Construction,South,2026-08,1,2.1739
P06213,Commercial,Construction,South,2026-08,1,2.1739
P06214,Commercial,Construction,South,2026-08,1,2.1739
P06215,Commercial,Construction,South,2026-08,1,2.1739
P06216,Commercial,Construction,South,2026-08,1,2.1739
P06217,Commercial,Construction,South,2026-08,1,2.1739
P06218,Commercial,Construction,South,2026-08,1,2.1739
P06219,Commercial,Construction,South,2026-08,1,2.1739
P06220,Commercial,Construction,South,2026-08,1,2.1739
P06221,Commercial,Construction,South,2026-08,1,2.1739
P06222,Commercial,Construction,South,2026-08,1,2.1739
P06223,Commercial,Construction,South,2026-08,1,2.1739
P06224,Commercial,Construction,South,2026-08,1,2.1739
P06225,Commercial,Construction,South,2026-08,1,2.1739
P06226,Commercial,Construction,South,2026-08,1,2.1739
P06227,Commercial,Construction,South,2026-08,1,2.1739
P06228,Commercial,Construction,South,2026-08,1,2.1739
P06229,Commercial,Construction,South,2026-08,1,2.1739
P06230,Commercial,Construction,South,2026-08,1,2.1739
P06231,Commercial,Construction,South,2026-08,1,2.1739
P06232,Commercial,Construction,South,2026-08,1,2.1739
P06233,Commercial,Construction,South,2026-08,1,2.1739
P06234,Commercial,Construction,South,2026-08,1,2.1739
P06235,Commercial,Construction,South,2026-08,1,2.1739
P06236,Commercial,Construction,South,2026-08,1,2.1739
P06237,Commercial,Construction,South,2026-08,1,2.1739
P06238,Commercial,Construction,South,2026-08,1,2.1739
P06239,Commercial,Construction,South,2026-08,1,2.1739
P06240,Commercial,Construction,South,2026-08,1,2.1739
P06241,Commercial,Construction,South,2026-08,1,2.1739
P06242,Commercial,Construction,South,2026-08,1,2.1739
P06243,Commercial,Construction,South,2026-08,1,2.1739
P06244,Commercial,Construction,South,2026-08,1,2.1739
P06245,Commercial,Construction,South,2026-08,1,2.1739
P06246,Commercial,Construction,South,2026-08,1,2.1739
P06247,Commercial,Construction,South,2026-08,1,2.1739
P06248,Commercial,Construction,South,2026-08,1,2.1739
P06249,Commercial,Construction,South,2026-08,1,2.1739
P06250,Commercial,Construction,South,2026-08,1,2.1739
P06251,Commercial,Construction,South,2026-08,1,2.1739
P06252,Commercial,Construction,South,2026-08,1,2.1739
P06253,Commercial,Construction,South,2026-08,1,2.1739
P06254,Commercial,Construction,South,2026-08,1,2.1739
P06255,Commercial,Construction,South,2026-08,1,2.1739
P06256,Commercial,Construction,South,2026-08,1,2.1739
P06257,Commercial,Construction,South,2026-08,1,2.1739
P06258,Commercial,Construction,South,2026-08,1,2.1739
P06259,Commercial,Construction,South,2026-08,1,2.1739
P06260,Commercial,Construction,South,2026-08,1,2.1739
P06261,Commercial,Construction,South,2026-08,1,2.1739
P06262,Commercial,Construction,South,2026-08,1,2.1739
P06263,Commercial,Construction,South,2026-08,1,2.1739
P06264,Commercial,Construction,South,2026-08,1,2.1739
P06265,Commercial,Construction,South,2026-08,1,2.1739
P06266,Commercial,Construction,South,2026-08,1,2.1739
P06267,Commercial,Construction,South,2026-08,1,2.1739
P06268,Commercial,Construction,South,2026-08,1,2.1739
P06269,Commercial,Construction,South,2026-08,1,2.1739
P06270,Commercial,Construction,South,2026-08,1,2.1739
P06271,Commercial,Construction,South,2026-08,1,2.1739
P06272,Commercial,Construction,South,2026-08,1,2.1739
P06273,Commercial,Construction,South,2026-08,1,2.1739
P06274,Commercial,Construction,South,2026-08,1,2.1739
P06275,Commercial,Construction,South,2026-08,1,2.1739
P06276,Commercial,Construction,South,2026-08,1,2.1739
P06277,Commercial,Construction,South,2026-08,1,2.1739
P06278,Commercial,Construction,South,2026-08,1,2.1739
P06279,Commercial,Construction,South,2026-08,1,2.1739
P06280,Commercial,Construction,South,2026-08,1,2.1739
P06281,Commercial,Construction,South,2026-08,1,2.1739
P06282,Commercial,Construction,South,2026-08,1,2.1739
P06283,Commercial,Construction,South,2026-08,1,2.1739
P06284,Commercial,Construction,South,2026-08,1,2.1739
P06285,Commercial,Construction,South,2026-08,1,2.1739
P06286,Commercial,Construction,South,2026-08,1,2.1739
P06287,Commercial,Construction,South,2026-08,1,2.1739
P06288,Commercial,Construction,South,2026-08,1,2.1739
P06289,Commercial,Construction,South,2026-08,1,2.1739
P06290,Commercial,Construction,South,2026-08,1,2.1739
P06291,Commercial,Construction,South,2026-08,1,2.1739
P06292,Commercial,Construction,South,2026-08,1,2.1739
P06293,Commercial,Construction,South,2026-08,1,2.1739
P06294,Commercial,Construction,South,2026-08,1,2.1739
P06295,Commercial,Construction,South,2026-08,1,2.1739
P06296,Commercial,Construction,South,2026-08,1,2.1739
P06297,Commercial,Construction,South,2026-08,1,2.1739
P06298,Commercial,Construction,South,2026-08,1,2.1739
P06299,Commercial,Construction,South,2026-08,1,2.1739
P06300,Commercial,Construction,South,2026-08,1,2.1739
P06301,Commercial,Construction,South,2026-08,1,2.1739
P06302,Commercial,Construction,South,2026-08,1,2.1739
P06303,Commercial,Construction,South,2026-08,1,2.1739
P06304,Commercial,Construction,South,2026-08,1,2.1739
P06305,Commercial,Construction,South,2026-08,1,2.1739
P06306,Commercial,Construction,South,2026-08,1,2.1739
P06307,Commercial,Construction,South,2026-08,1,2.1739
P06308,Commercial,Construction,South,2026-08,1,2.1739
P06309,Commercial,Construction,South,2026-08,1,2.1739
P06310,Commercial,Construction,South,2026-08,1,2.1739
P06311,Commercial,Construction,South,2026-08,1,2.1739
P06312,Commercial,Construction,South,2026-08,1,2.1739
P06313,Commercial,Construction,South,2026-08,1,2.1739
P06314,Commercial,Construction,South,2026-08,1,2.1739
P06315,Commercial,Construction,South,2026-08,1,2.1739
P06316,Commercial,Construction,South,2026-08,1,2.1739
P06317,Commercial,Construction,South,2026-08,1,2.1739
P06318,Commercial,Construction,South,2026-08,1,2.1739
P06319,Commercial,Construction,South,2026-08,1,2.1739
P06320,Commercial,Construction,South,2026-08,1,2.1739
P06321,Commercial,Construction,South,2026-08,1,2.1739
P06322,Commercial,Construction,South,2026-08,1,2.1739
P06323,Commercial,Construction,South,2026-08,1,2.1739
P06324,Commercial,Construction,South,2026-08,1,2.1739
P06325,Commercial,Construction,South,2026-08,1,2.1739
P06326,Commercial,Construction,South,2026-08,1,2.1739
P06327,Commercial,Construction,South,2026-08,1,2.1739
P06328,Commercial,Construction,South,2026-08,1,2.1739
P06329,Commercial,Construction,South,2026-08,1,2.1739
P06330,Commercial,Construction,South,2026-08,1,2.1739
P06331,Commercial,Construction,South,2026-08,1,2.1739
P06332,Commercial,Construction,South,2026-08,1,2.1739
P06333,Commercial,Construction,South,2026-08,1,2.1739
P06334,Commercial,Construction,South,2026-08,1,2.1739
P06335,Commercial,Construction,South,2026-08,1,2.1739
P06336,Commercial,Construction,South,2026-08,1,2.1739
P06337,Commercial,Construction,South,2026-08,1,2.1739
P06338,Commercial,Construction,South,2026-08,1,2.1739
P06339,Commercial,Construction,South,2026-08,1,2.1739
P06340,Commercial,Construction,South,2026-08,1,2.1739
P06341,Commercial,Construction,South,2026-08,1,2.1739
P06342,Commercial,Construction,South,2026-08,1,2.1739
P06343,Commercial,Construction,South,2026-08,1,2.1739
P06344,Commercial,Construction,South,2026-08,1,2.1739
P06345,Commercial,Construction,South,2026-08,1,2.1739
P06346,Commercial,Construction,South,2026-08,1,2.1739
P06347,Commercial,Construction,South,2026-08,1,2.1739
P06348,Commercial,Construction,South,2026-08,1,2.1739
P06349,Commercial,Construction,South,2026-08,1,2.1739
P06350,Commercial,Construction,South,2026-08,1,2.1739
P06351,Commercial,Construction,South,2026-08,1,2.1739
P06352,Commercial,Construction,South,2026-08,1,2.1739
P06353,Commercial,Construction,South,2026-08,1,2.1739
P06354,Commercial,Construction,South,2026-08,1,2.1739
P06355,Commercial,Construction,South,2026-08,1,2.1739
P06356,Commercial,Construction,South,2026-08,1,2.1739
P06357,Commercial,Construction,South,2026-08,1,2.1739
P06358,Commercial,Construction,South,2026-08,1,2.1739
P06359,Commercial,Construction,South,2026-08,1,2.1739
P06360,Commercial,Construction,South,2026-08,1,2.1739
P06361,Commercial,Construction,South,2026-08,1,2.1739
P06362,Commercial,Construction,South,2026-08,1,2.1739
P06363,Commercial,Construction,South,2026-08,1,2.1739
P06364,Commercial,Construction,South,2026-08,1,2.1739
P06365,Commercial,Construction,South,2026-08,1,2.1739
P06366,Commercial,Construction,South,2026-08,1,2.1739
P06367,Commercial,Construction,South,2026-08,1,2.1739
P06368,Commercial,Construction,South,2026-08,1,2.1739
P06369,Commercial,Construction,South,2026-08,1,2.1739
P06370,Commercial,Construction,South,2026-08,1,2.1739
P06371,Commercial,Construction,South,2026-08,1,2.1739
P06372,Commercial,Construction,South,2026-08,1,2.1739
P06373,Commercial,Construction,South,2026-08,1,2.1739
P06374,Commercial,Construction,South,2026-08,1,2.1739
P06375,Commercial,Construction,South,2026-08,1,2.1739
P06376,Commercial,Construction,South,2026-08,1,2.1739
P06377,Commercial,Construction,South,2026-08,1,2.1739
P06378,Commercial,Construction,South,2026-08,1,2.1739
P06379,Commercial,Construction,South,2026-08,1,2.1739
P06380,Commercial,Construction,South,2026-08,1,2.1739
P06381,Commercial,Construction,South,2026-08,1,2.1739
P06382,Commercial,Construction,South,2026-08,1,2.1739
P06383,Commercial,Construction,South,2026-08,1,2.1739
P06384,Commercial,Construction,South,2026-08,1,2.1739
P06385,Commercial,Construction,South,2026-08,1,2.1739
P06386,Commercial,Construction,South,2026-08,1,2.1739
P06387,Commercial,Construction,South,2026-08,1,2.1739
P06388,Commercial,Construction,South,2026-08,1,2.1739
P06389,Commercial,Construction,South,2026-08,1,2.1739
P06390,Commercial,Construction,South,2026-08,1,2.1739
P06391,Commercial,Construction,South,2026-08,1,2.1739
P06392,Commercial,Construction,South,2026-08,1,2.1739
P06393,Commercial,Construction,South,2026-08,1,2.1739
P06394,Commercial,Construction,South,2026-08,1,2.1739
P06395,Commercial,Construction,South,2026-08,1,2.1739
P06396,Commercial,Construction,South,2026-08,1,2.1739
P06397,Commercial,Construction,South,2026-08,1,2.1739
P06398,Commercial,Construction,South,2026-08,1,2.1739
P06399,Commercial,Construction,South,2026-08,1,2.1739
P06400,Commercial,Construction,South,2026-08,1,2.1739
P06401,Commercial,Construction,South,2026-08,1,2.1739
P06402,Commercial,Construction,South,2026-08,1,2.1739
P06403,Commercial,Construction,South,2026-08,1,2.1739
P06404,Commercial,Construction,South,2026-08,1,2.1739
P06405,Commercial,Construction,South,2026-08,1,2.1739
P06406,Commercial,Construction,South,2026-08,1,2.1739
P06407,Commercial,Construction,South,2026-08,1,2.1739
P06408,Commercial,Construction,South,2026-08,1,2.1739
P06409,Commercial,Construction,South,2026-08,1,2.1739
P06410,Commercial,Construction,South,2026-08,1,2.1739
P06411,Commercial,Construction,South,2026-08,1,2.1739
P06412,Commercial,Construction,South,2026-08,1,2.1739
P06413,Commercial,Construction,South,2026-08,1,2.1739
P06414,Commercial,Construction,South,2026-08,1,2.1739
P06415,Commercial,Construction,South,2026-08,1,2.1739
P06416,Commercial,Construction,South,2026-08,1,2.1739
P06417,Commercial,Construction,South,2026-08,1,2.1739
P06418,Commercial,Construction,South,2026-08,1,2.1739
P06419,Commercial,Construction,South,2026-08,1,2.1739
P06420,Commercial,Construction,South,2026-08,1,2.1739
P06421,Commercial,Construction,South,2026-08,1,2.1739
P06422,Commercial,Construction,South,2026-08,1,2.1739
P06423,Commercial,Construction,South,2026-08,1,2.1739
P06424,Commercial,Construction,South,2026-08,1,2.1739
P06425,Commercial,Construction,South,2026-08,1,2.1739
P06426,Commercial,Construction,South,2026-08,1,2.1739
P06427,Commercial,Construction,South,2026-08,1,2.1739
P06428,Commercial,Construction,South,2026-08,1,2.1739
P06429,Commercial,Construction,South,2026-08,1,2.1739
P06430,Commercial,Construction,South,2026-08,1,2.1739
P06431,Commercial,Construction,South,2026-08,1,2.1739
P06432,Commercial,Construction,South,2026-08,1,2.1739
P06433,Commercial,Construction,South,2026-08,1,2.1739
P06434,Commercial,Construction,South,2026-08,1,2.1739
P06435,Commercial,Construction,South,2026-08,1,2.1739
P06436,Commercial,Construction,South,2026-08,1,2.1739
P06437,Commercial,Construction,South,2026-08,1,2.1739
P06438,Commercial,Construction,South,2026-08,1,2.1739
P06439,Commercial,Construction,South,2026-08,1,2.1739
P06440,Commercial,Construction,South,2026-08,1,2.1739
P06441,Commercial,Construction,South,2026-08,1,2.1739
P06442,Commercial,Construction,South,2026-08,1,2.1739
P06443,Commercial,Construction,South,2026-08,1,2.1739
P06444,Commercial,Construction,South,2026-08,1,2.1739
P06445,Commercial,Construction,South,2026-08,1,2.1739
P06446,Commercial,Construction,South,2026-08,1,2.1739
P06447,Commercial,Construction,South,2026-08,1,2.1739
P06448,Commercial,Construction,South,2026-08,1,2.1739
P06449,Commercial,Construction,South,2026-08,1,2.1739
P06450,Commercial,Construction,South,2026-08,1,2.1739
P06451,Commercial,Construction,South,2026-08,1,2.1739
P06452,Commercial,Construction,South,2026-08,1,2.1739
P06453,Commercial,Construction,South,2026-08,1,2.1739
P06454,Commercial,Construction,South,2026-08,1,2.1739
P06455,Commercial,Construction,South,2026-08,1,2.1739
P06456,Commercial,Construction,South,2026-08,1,2.1739
P06457,Commercial,Construction,South,2026-08,1,2.1739
P06458,Commercial,Construction,South,2026-08,1,2.1739
P06459,Commercial,Construction,South,2026-08,1,2.1739
P06460,Commercial,Construction,South,2026-08,1,2.1739
P06461,Commercial,Construction,North,2026-08,1,1.0
P06462,Commercial,Construction,North,2026-08,1,1.0
P06463,Commercial,Construction,North,2026-08,1,1.0
P06464,Commercial,Construction,North,2026-08,1,1.0
P06465,Commercial,Construction,North,2026-08,1,1.0
P06466,Commercial,Construction,North,2026-08,1,1.0
P06467,Commercial,Construction,North,2026-08,1,1.0
P06468,Commercial,Construction,North,2026-08,1,1.0
P06469,Commercial,Construction,North,2026-08,1,1.0
P06470,Commercial,Construction,North,2026-08,1,1.0
P06471,Commercial,Construction,North,2026-08,1,1.0
P06472,Commercial,Construction,North,2026-08,1,1.0
P06473,Commercial,Construction,North,2026-08,1,1.0
P06474,Commercial,Construction,North,2026-08,1,1.0
P06475,Commercial,Construction,North,2026-08,1,1.0
P06476,Commercial,Construction,North,2026-08,1,1.0
P06477,Commercial,Construction,North,2026-08,1,1.0
P06478,Commercial,Construction,North,2026-08,1,1.0
P06479,Commercial,Construction,North,2026-08,1,1.0
P06480,Commercial,Construction,North,2026-08,1,1.0
P06481,Commercial,Construction,North,2026-08,1,1.0
P06482,Commercial,Construction,North,2026-08,1,1.0
P06483,Commercial,Construction,North,2026-08,1,1.0
P06484,Commercial,Construction,North,2026-08,1,1.0
P06485,Commercial,Construction,North,2026-08,1,1.0
P06486,Commercial,Construction,North,2026-08,1,1.0
P06487,Commercial,Construction,North,2026-08,1,1.0
P06488,Commercial,Construction,North,2026-08,1,1.0
P06489,Commercial,Construction,North,2026-08,1,1.0
P06490,Commercial,Construction,North,2026-08,1,1.0
P06491,Commercial,Construction,North,2026-08,1,1.0
P06492,Commercial,Construction,North,2026-08,1,1.0
P06493,Commercial,Construction,North,2026-08,1,1.0
P06494,Commercial,Construction,North,2026-08,1,1.0
P06495,Commercial,Construction,North,2026-08,1,1.0
P06496,Commercial,Construction,North,2026-08,1,1.0
P06497,Commercial,Construction,North,2026-08,1,1.0
P06498,Commercial,Construction,North,2026-08,1,1.0
P06499,Commercial,Construction,North,2026-08,1,1.0
P06500,Commercial,Construction,North,2026-08,1,1.0
P06501,Commercial,Construction,North,2026-08,1,1.0
P06502,Commercial,Construction,North,2026-08,1,1.0
P06503,Commercial,Construction,North,2026-08,1,1.0
P06504,Commercial,Construction,North,2026-08,1,1.0
P06505,Commercial,Construction,North,2026-08,1,1.0
P06506,Commercial,Construction,North,2026-08,1,1.0
P06507,Commercial,Construction,North,2026-08,1,1.0
P06508,Commercial,Construction,North,2026-08,1,1.0
P06509,Commercial,Construction,North,2026-08,1,1.0
P06510,Commercial,Construction,North,2026-08,1,1.0
P06511,Commercial,Construction,North,2026-08,1,1.0
P06512,Commercial,Construction,North,2026-08,1,1.0
P06513,Commercial,Construction,North,2026-08,1,1.0
P06514,Commercial,Construction,North,2026-08,1,1.0
P06515,Commercial,Construction,North,2026-08,1,1.0
P06516,Commercial,Construction,North,2026-08,1,1.0
P06517,Commercial,Construction,North,2026-08,1,1.0
P06518,Commercial,Construction,North,2026-08,1,1.0
P06519,Commercial,Construction,North,2026-08,1,1.0
P06520,Commercial,Construction,North,2026-08,1,1.0
P06521,Commercial,Construction,North,2026-08,1,1.0
P06522,Commercial,Construction,North,2026-08,1,1.0
P06523,Commercial,Construction,North,2026-08,1,1.0
P06524,Commercial,Construction,North,2026-08,1,1.0
P06525,Commercial,Construction,North,2026-08,1,1.0
P06526,Commercial,Construction,North,2026-08,1,1.0
P06527,Commercial,Construction,North,2026-08,1,1.0
P06528,Commercial,Construction,North,2026-08,1,1.0
P06529,Commercial,Construction,North,2026-08,1,1.0
P06530,Commercial,Construction,North,2026-08,1,1.0
P06531,Commercial,Construction,North,2026-08,1,1.0
P06532,Commercial,Construction,North,2026-08,1,1.0
P06533,Commercial,Construction,North,2026-08,1,1.0
P06534,Commercial,Construction,North,2026-08,1,1.0
P06535,Commercial,Construction,North,2026-08,1,1.0
P06536,Commercial,Construction,North,2026-08,1,1.0
P06537,Commercial,Construction,North,2026-08,1,1.0
P06538,Commercial,Construction,North,2026-08,1,1.0
P06539,Commercial,Construction,North,2026-08,1,1.0
P06540,Commercial,Construction,North,2026-08,1,1.0
P06541,Commercial,Construction,North,2026-08,1,1.0
P06542,Commercial,Construction,North,2026-08,1,1.0
P06543,Commercial,Construction,North,2026-08,1,1.0
P06544,Commercial,Construction,North,2026-08,1,1.0
P06545,Commercial,Construction,North,2026-08,1,1.0
P06546,Commercial,Construction,North,2026-08,1,1.0
P06547,Commercial,Construction,North,2026-08,1,1.0
P06548,Commercial,Construction,North,2026-08,1,1.0
P06549,Commercial,Construction,North,2026-08,1,1.0
P06550,Commercial,Construction,North,2026-08,1,1.0
P06551,Commercial,Construction,North,2026-08,1,1.0
P06552,Commercial,Construction,North,2026-08,1,1.0
P06553,Commercial,Construction,North,2026-08,1,1.0
P06554,Commercial,Construction,North,2026-08,1,1.0
P06555,Commercial,Construction,North,2026-08,1,1.0
P06556,Commercial,Construction,North,2026-08,1,1.0
P06557,Commercial,Construction,North,2026-08,1,1.0
P06558,Commercial,Construction,North,2026-08,1,1.0
P06559,Commercial,Construction,North,2026-08,1,1.0
P06560,Commercial,Construction,North,2026-08,1,1.0
P06561,Commercial,Construction,North,2026-08,1,1.0
P06562,Commercial,Construction,North,2026-08,1,1.0
P06563,Commercial,Construction,North,2026-08,1,1.0
P06564,Commercial,Construction,North,2026-08,1,1.0
P06565,Commercial,Construction,North,2026-08,1,1.0
P06566,Commercial,Construction,North,2026-08,1,1.0
P06567,Commercial,Construction,North,2026-08,1,1.0
P06568,Commercial,Construction,North,2026-08,1,1.0
P06569,Commercial,Construction,North,2026-08,1,1.0
P06570,Commercial,Construction,North,2026-08,1,1.0
P06571,Commercial,Construction,North,2026-08,1,1.0
P06572,Commercial,Construction,North,2026-08,1,1.0
P06573,Commercial,Construction,North,2026-08,1,1.0
P06574,Commercial,Construction,North,2026-08,1,1.0
P06575,Commercial,Construction,North,2026-08,1,1.0
P06576,Commercial,Construction,North,2026-08,1,1.0
P06577,Commercial,Construction,North,2026-08,1,1.0
P06578,Commercial,Construction,North,2026-08,1,1.0
P06579,Commercial,Construction,North,2026-08,1,1.0
P06580,Commercial,Construction,North,2026-08,1,1.0
P06581,Commercial,Construction,North,2026-08,1,1.0
P06582,Commercial,Construction,North,2026-08,1,1.0
P06583,Commercial,Construction,North,2026-08,1,1.0
P06584,Commercial,Construction,North,2026-08,1,1.0
P06585,Commercial,Construction,North,2026-08,1,1.0
P06586,Commercial,Construction,North,2026-08,1,1.0
P06587,Commercial,Construction,North,2026-08,1,1.0
P06588,Commercial,Construction,North,2026-08,1,1.0
P06589,Commercial,Construction,North,2026-08,1,1.0
P06590,Commercial,Construction,North,2026-08,1,1.0
P06591,Commercial,Construction,North,2026-08,1,1.0
P06592,Commercial,Construction,North,2026-08,1,1.0
P06593,Commercial,Construction,North,2026-08,1,1.0
P06594,Commercial,Construction,North,2026-08,1,1.0
P06595,Commercial,Construction,North,2026-08,1,1.0
P06596,Commercial,Construction,North,2026-08,1,1.0
P06597,Commercial,Construction,North,2026-08,1,1.0
P06598,Commercial,Construction,North,2026-08,1,1.0
P06599,Commercial,Construction,North,2026-08,1,1.0
P06600,Commercial,Construction,North,2026-08,1,1.0
P06601,Commercial,Construction,North,2026-08,1,1.0
P06602,Commercial,Construction,North,2026-08,1,1.0
P06603,Commercial,Construction,North,2026-08,1,1.0
P06604,Commercial,Construction,North,2026-08,1,1.0
P06605,Commercial,Construction,North,2026-08,1,1.0
P06606,Commercial,Construction,North,2026-08,1,1.0
P06607,Commercial,Construction,North,2026-08,1,1.0
P06608,Commercial,Construction,North,2026-08,1,1.0
P06609,Commercial,Construction,North,2026-08,1,1.0
P06610,Commercial,Construction,North,2026-08,1,1.0
P06611,Commercial,Construction,North,2026-08,1,1.0
P06612,Commercial,Construction,North,2026-08,1,1.0
P06613,Commercial,Construction,North,2026-08,1,1.0
P06614,Commercial,Construction,North,2026-08,1,1.0
P06615,Commercial,Construction,North,2026-08,1,1.0
P06616,Commercial,Construction,North,2026-08,1,1.0
P06617,Commercial,Construction,North,2026-08,1,1.0
P06618,Commercial,Construction,North,2026-08,1,1.0
P06619,Commercial,Construction,North,2026-08,1,1.0
P06620,Commercial,Construction,North,2026-08,1,1.0
P06621,Commercial,Construction,North,2026-08,1,1.0
P06622,Commercial,Construction,North,2026-08,1,1.0
P06623,Commercial,Construction,North,2026-08,1,1.0
P06624,Commercial,Construction,North,2026-08,1,1.0
P06625,Commercial,Construction,North,2026-08,1,1.0
P06626,Commercial,Construction,North,2026-08,1,1.0
P06627,Commercial,Construction,North,2026-08,1,1.0
P06628,Commercial,Construction,North,2026-08,1,1.0
P06629,Commercial,Construction,North,2026-08,1,1.0
P06630,Commercial,Construction,North,2026-08,1,1.0
P06631,Commercial,Construction,North,2026-08,1,1.0
P06632,Commercial,Construction,North,2026-08,1,1.0
P06633,Commercial,Construction,North,2026-08,1,1.0
P06634,Commercial,Construction,North,2026-08,1,1.0
P06635,Commercial,Construction,North,2026-08,1,1.0
P06636,Commercial,Construction,North,2026-08,1,1.0
P06637,Commercial,Construction,North,2026-08,1,1.0
P06638,Commercial,Construction,North,2026-08,1,1.0
P06639,Commercial,Construction,North,2026-08,1,1.0
P06640,Commercial,Construction,North,2026-08,1,1.0
P06641,Commercial,Construction,North,2026-08,1,1.0
P06642,Commercial,Construction,North,2026-08,1,1.0
P06643,Commercial,Construction,North,2026-08,1,1.0
P06644,Commercial,Construction,North,2026-08,1,1.0
P06645,Commercial,Construction,North,2026-08,1,1.0
P06646,Commercial,Construction,North,2026-08,1,1.0
P06647,Commercial,Construction,North,2026-08,1,1.0
P06648,Commercial,Construction,North,2026-08,1,1.0
P06649,Commercial,Construction,North,2026-08,1,1.0
P06650,Commercial,Construction,North,2026-08,1,1.0
P06651,Commercial,Construction,North,2026-08,1,1.0
P06652,Commercial,Construction,North,2026-08,1,1.0
P06653,Commercial,Construction,North,2026-08,1,1.0
P06654,Commercial,Construction,North,2026-08,1,1.0
P06655,Commercial,Construction,North,2026-08,1,1.0
P06656,Commercial,Construction,North,2026-08,1,1.0
P06657,Commercial,Construction,North,2026-08,1,1.0
P06658,Commercial,Construction,North,2026-08,1,1.0
P06659,Commercial,Construction,North,2026-08,1,1.0
P06660,Commercial,Construction,North,2026-08,1,1.0
P06661,Commercial,Construction,North,2026-08,1,1.0
P06662,Commercial,Construction,North,2026-08,1,1.0
P06663,Commercial,Construction,North,2026-08,1,1.0
P06664,Commercial,Construction,North,2026-08,1,1.0
P06665,Commercial,Construction,North,2026-08,1,1.0
P06666,Commercial,Construction,North,2026-08,1,1.0
P06667,Commercial,Construction,North,2026-08,1,1.0
P06668,Commercial,Construction,North,2026-08,1,1.0
P06669,Commercial,Construction,North,2026-08,1,1.0
P06670,Commercial,Construction,North,2026-08,1,1.0
P06671,Commercial,Construction,North,2026-08,1,1.0
P06672,Commercial,Construction,North,2026-08,1,1.0
P06673,Commercial,Construction,North,2026-08,1,1.0
P06674,Commercial,Construction,North,2026-08,1,1.0
P06675,Commercial,Construction,North,2026-08,1,1.0
P06676,Commercial,Construction,North,2026-08,1,1.0
P06677,Commercial,Construction,North,2026-08,1,1.0
P06678,Commercial,Construction,North,2026-08,1,1.0
P06679,Commercial,Construction,North,2026-08,1,1.0
P06680,Commercial,Construction,North,2026-08,1,1.0
P06681,Commercial,Construction,North,2026-08,1,1.0
P06682,Commercial,Construction,North,2026-08,1,1.0
P06683,Commercial,Construction,North,2026-08,1,1.0
P06684,Commercial,Construction,North,2026-08,1,1.0
P06685,Commercial,Construction,North,2026-08,1,1.0
P06686,Commercial,Construction,North,2026-08,1,1.0
P06687,Commercial,Construction,North,2026-08,1,1.0
P06688,Commercial,Construction,North,2026-08,1,1.0
P06689,Commercial,Construction,North,2026-08,1,1.0
P06690,Commercial,Construction,North,2026-08,1,1.0
P06691,Commercial,Construction,North,2026-08,1,1.0
P06692,Commercial,Construction,North,2026-08,1,1.0
P06693,Commercial,Construction,North,2026-08,1,1.0
P06694,Commercial,Construction,North,2026-08,1,1.0
P06695,Commercial,Construction,North,2026-08,1,1.0
P06696,Commercial,Construction,North,2026-08,1,1.0
P06697,Commercial,Construction,North,2026-08,1,1.0
P06698,Commercial,Construction,North,2026-08,1,1.0
P06699,Commercial,Construction,North,2026-08,1,1.0
P06700,Commercial,Construction,North,2026-08,1,1.0
P06701,Commercial,Construction,North,2026-08,1,1.0
P06702,Commercial,Construction,North,2026-08,1,1.0
P06703,Commercial,Construction,North,2026-08,1,1.0
P06704,Commercial,Construction,North,2026-08,1,1.0
P06705,Commercial,Construction,East,2026-08,1,1.0
P06706,Commercial,Construction,East,2026-08,1,1.0
P06707,Commercial,Construction,East,2026-08,1,1.0
P06708,Commercial,Construction,East,2026-08,1,1.0
P06709,Commercial,Construction,East,2026-08,1,1.0
P06710,Commercial,Construction,East,2026-08,1,1.0
P06711,Commercial,Construction,East,2026-08,1,1.0
P06712,Commercial,Construction,East,2026-08,1,1.0
P06713,Commercial,Construction,East,2026-08,1,1.0
P06714,Commercial,Construction,East,2026-08,1,1.0
P06715,Commercial,Construction,East,2026-08,1,1.0
P06716,Commercial,Construction,East,2026-08,1,1.0
P06717,Commercial,Construction,East,2026-08,1,1.0
P06718,Commercial,Construction,East,2026-08,1,1.0
P06719,Commercial,Construction,East,2026-08,1,1.0
P06720,Commercial,Construction,East,2026-08,1,1.0
P06721,Commercial,Construction,East,2026-08,1,1.0
P06722,Commercial,Construction,East,2026-08,1,1.0
P06723,Commercial,Construction,East,2026-08,1,1.0
P06724,Commercial,Construction,East,2026-08,1,1.0
P06725,Commercial,Construction,East,2026-08,1,1.0
P06726,Commercial,Construction,East,2026-08,1,1.0
P06727,Commercial,Construction,East,2026-08,1,1.0
P06728,Commercial,Construction,East,2026-08,1,1.0
P06729,Commercial,Construction,East,2026-08,1,1.0
P06730,Commercial,Construction,East,2026-08,1,1.0
P06731,Commercial,Construction,East,2026-08,1,1.0
P06732,Commercial,Construction,East,2026-08,1,1.0
P06733,Commercial,Construction,East,2026-08,1,1.0
P06734,Commercial,Construction,East,2026-08,1,1.0
P06735,Commercial,Construction,East,2026-08,1,1.0
P06736,Commercial,Construction,East,2026-08,1,1.0
P06737,Commercial,Construction,East,2026-08,1,1.0
P06738,Commercial,Construction,East,2026-08,1,1.0
P06739,Commercial,Construction,East,2026-08,1,1.0
P06740,Commercial,Construction,East,2026-08,1,1.0
P06741,Commercial,Construction,East,2026-08,1,1.0
P06742,Commercial,Construction,East,2026-08,1,1.0
P06743,Commercial,Construction,East,2026-08,1,1.0
P06744,Commercial,Construction,East,2026-08,1,1.0
P06745,Commercial,Construction,East,2026-08,1,1.0
P06746,Commercial,Construction,East,2026-08,1,1.0
P06747,Commercial,Construction,East,2026-08,1,1.0
P06748,Commercial,Construction,East,2026-08,1,1.0
P06749,Commercial,Construction,East,2026-08,1,1.0
P06750,Commercial,Construction,East,2026-08,1,1.0
P06751,Commercial,Construction,East,2026-08,1,1.0
P06752,Commercial,Construction,East,2026-08,1,1.0
P06753,Commercial,Construction,East,2026-08,1,1.0
P06754,Commercial,Construction,East,2026-08,1,1.0
P06755,Commercial,Construction,East,2026-08,1,1.0
P06756,Commercial,Construction,East,2026-08,1,1.0
P06757,Commercial,Construction,East,2026-08,1,1.0
P06758,Commercial,Construction,East,2026-08,1,1.0
P06759,Commercial,Construction,East,2026-08,1,1.0
P06760,Commercial,Construction,East,2026-08,1,1.0
P06761,Commercial,Construction,East,2026-08,1,1.0
P06762,Commercial,Construction,East,2026-08,1,1.0
P06763,Commercial,Construction,East,2026-08,1,1.0
P06764,Commercial,Construction,East,2026-08,1,1.0
P06765,Commercial,Construction,East,2026-08,1,1.0
P06766,Commercial,Construction,East,2026-08,1,1.0
P06767,Commercial,Construction,East,2026-08,1,1.0
P06768,Commercial,Construction,East,2026-08,1,1.0
P06769,Commercial,Construction,East,2026-08,1,1.0
P06770,Commercial,Construction,East,2026-08,1,1.0
P06771,Commercial,Construction,East,2026-08,1,1.0
P06772,Commercial,Construction,East,2026-08,1,1.0
P06773,Commercial,Construction,East,2026-08,1,1.0
P06774,Commercial,Construction,East,2026-08,1,1.0
P06775,Commercial,Construction,East,2026-08,1,1.0
P06776,Commercial,Construction,East,2026-08,1,1.0
P06777,Commercial,Construction,East,2026-08,1,1.0
P06778,Commercial,Construction,East,2026-08,1,1.0
P06779,Commercial,Construction,East,2026-08,1,1.0
P06780,Commercial,Construction,East,2026-08,1,1.0
P06781,Commercial,Construction,East,2026-08,1,1.0
P06782,Commercial,Construction,East,2026-08,1,1.0
P06783,Commercial,Construction,East,2026-08,1,1.0
P06784,Commercial,Construction,East,2026-08,1,1.0
P06785,Commercial,Construction,East,2026-08,1,1.0
P06786,Commercial,Construction,East,2026-08,1,1.0
P06787,Commercial,Construction,East,2026-08,1,1.0
P06788,Commercial,Construction,East,2026-08,1,1.0
P06789,Commercial,Construction,East,2026-08,1,1.0
P06790,Commercial,Construction,East,2026-08,1,1.0
P06791,Commercial,Construction,East,2026-08,1,1.0
P06792,Commercial,Construction,East,2026-08,1,1.0
P06793,Commercial,Construction,East,2026-08,1,1.0
P06794,Commercial,Construction,East,2026-08,1,1.0
P06795,Commercial,Construction,East,2026-08,1,1.0
P06796,Commercial,Construction,East,2026-08,1,1.0
P06797,Commercial,Construction,East,2026-08,1,1.0
P06798,Commercial,Construction,East,2026-08,1,1.0
P06799,Commercial,Construction,East,2026-08,1,1.0
P06800,Commercial,Construction,East,2026-08,1,1.0
P06801,Commercial,Construction,East,2026-08,1,1.0
P06802,Commercial,Construction,East,2026-08,1,1.0
P06803,Commercial,Construction,East,2026-08,1,1.0
P06804,Commercial,Construction,East,2026-08,1,1.0
P06805,Commercial,Construction,East,2026-08,1,1.0
P06806,Commercial,Construction,East,2026-08,1,1.0
P06807,Commercial,Construction,East,2026-08,1,1.0
P06808,Commercial,Construction,East,2026-08,1,1.0
P06809,Commercial,Construction,East,2026-08,1,1.0
P06810,Commercial,Construction,East,2026-08,1,1.0
P06811,Commercial,Construction,East,2026-08,1,1.0
P06812,Commercial,Construction,East,2026-08,1,1.0
P06813,Commercial,Construction,East,2026-08,1,1.0
P06814,Commercial,Construction,East,2026-08,1,1.0
P06815,Commercial,Construction,East,2026-08,1,1.0
P06816,Commercial,Construction,East,2026-08,1,1.0
P06817,Commercial,Construction,East,2026-08,1,1.0
P06818,Commercial,Construction,East,2026-08,1,1.0
P06819,Commercial,Construction,East,2026-08,1,1.0
P06820,Commercial,Construction,East,2026-08,1,1.0
P06821,Commercial,Construction,East,2026-08,1,1.0
P06822,Commercial,Construction,East,2026-08,1,1.0
P06823,Commercial,Construction,East,2026-08,1,1.0
P06824,Commercial,Construction,East,2026-08,1,1.0
P06825,Commercial,Construction,East,2026-08,1,1.0
P06826,Commercial,Construction,East,2026-08,1,1.0
P06827,Commercial,Construction,East,2026-08,1,1.0
P06828,Commercial,Construction,East,2026-08,1,1.0
P06829,Commercial,Construction,East,2026-08,1,1.0
P06830,Commercial,Construction,East,2026-08,1,1.0
P06831,Commercial,Construction,East,2026-08,1,1.0
P06832,Commercial,Construction,East,2026-08,1,1.0
P06833,Commercial,Construction,East,2026-08,1,1.0
P06834,Commercial,Construction,East,2026-08,1,1.0
P06835,Commercial,Construction,East,2026-08,1,1.0
P06836,Commercial,Construction,East,2026-08,1,1.0
P06837,Commercial,Construction,East,2026-08,1,1.0
P06838,Commercial,Construction,East,2026-08,1,1.0
P06839,Commercial,Construction,East,2026-08,1,1.0
P06840,Commercial,Construction,East,2026-08,1,1.0
P06841,Commercial,Construction,East,2026-08,1,1.0
P06842,Commercial,Construction,East,2026-08,1,1.0
P06843,Commercial,Construction,East,2026-08,1,1.0
P06844,Commercial,Construction,East,2026-08,1,1.0
P06845,Commercial,Construction,East,2026-08,1,1.0
P06846,Commercial,Construction,East,2026-08,1,1.0
P06847,Commercial,Construction,East,2026-08,1,1.0
P06848,Commercial,Construction,East,2026-08,1,1.0
P06849,Commercial,Construction,East,2026-08,1,1.0
P06850,Commercial,Construction,East,2026-08,1,1.0
P06851,Commercial,Construction,East,2026-08,1,1.0
P06852,Commercial,Construction,East,2026-08,1,1.0
P06853,Commercial,Construction,East,2026-08,1,1.0
P06854,Commercial,Construction,East,2026-08,1,1.0
P06855,Commercial,Construction,East,2026-08,1,1.0
P06856,Commercial,Construction,East,2026-08,1,1.0
P06857,Commercial,Construction,East,2026-08,1,1.0
P06858,Commercial,Construction,East,2026-08,1,1.0
P06859,Commercial,Construction,East,2026-08,1,1.0
P06860,Commercial,Construction,East,2026-08,1,1.0
P06861,Commercial,Construction,East,2026-08,1,1.0
P06862,Commercial,Construction,East,2026-08,1,1.0
P06863,Commercial,Construction,East,2026-08,1,1.0
P06864,Commercial,Construction,East,2026-08,1,1.0
P06865,Commercial,Construction,East,2026-08,1,1.0
P06866,Commercial,Construction,East,2026-08,1,1.0
P06867,Commercial,Construction,East,2026-08,1,1.0
P06868,Commercial,Construction,East,2026-08,1,1.0
P06869,Commercial,Construction,East,2026-08,1,1.0
P06870,Commercial,Construction,East,2026-08,1,1.0
P06871,Commercial,Construction,East,2026-08,1,1.0
P06872,Commercial,Construction,East,2026-08,1,1.0
P06873,Commercial,Construction,East,2026-08,1,1.0
P06874,Commercial,Construction,East,2026-08,1,1.0
P06875,Commercial,Construction,East,2026-08,1,1.0
P06876,Commercial,Construction,East,2026-08,1,1.0
P06877,Commercial,Construction,East,2026-08,1,1.0
P06878,Commercial,Construction,East,2026-08,1,1.0
P06879,Commercial,Construction,East,2026-08,1,1.0
P06880,Commercial,Construction,East,2026-08,1,1.0
P06881,Commercial,Construction,East,2026-08,1,1.0
P06882,Commercial,Construction,East,2026-08,1,1.0
P06883,Commercial,Construction,East,2026-08,1,1.0
P06884,Commercial,Construction,East,2026-08,1,1.0
P06885,Commercial,Construction,East,2026-08,1,1.0
P06886,Commercial,Construction,East,2026-08,1,1.0
P06887,Commercial,Construction,East,2026-08,1,1.0
P06888,Commercial,Construction,East,2026-08,1,1.0
P06889,Commercial,Construction,East,2026-08,1,1.0
P06890,Commercial,Construction,East,2026-08,1,1.0
P06891,Commercial,Construction,East,2026-08,1,1.0
P06892,Commercial,Construction,East,2026-08,1,1.0
P06893,Commercial,Construction,East,2026-08,1,1.0
P06894,Commercial,Construction,East,2026-08,1,1.0
P06895,Commercial,Construction,East,2026-08,1,1.0
P06896,Commercial,Construction,East,2026-08,1,1.0
P06897,Commercial,Construction,East,2026-08,1,1.0
P06898,Commercial,Construction,East,2026-08,1,1.0
P06899,Commercial,Construction,East,2026-08,1,1.0
P06900,Commercial,Construction,East,2026-08,1,1.0
P06901,Commercial,Construction,East,2026-08,1,1.0
P06902,Commercial,Construction,East,2026-08,1,1.0
P06903,Commercial,Construction,East,2026-08,1,1.0
P06904,Commercial,Construction,East,2026-08,1,1.0
P06905,Commercial,Construction,East,2026-08,1,1.0
P06906,Commercial,Construction,East,2026-08,1,1.0
P06907,Commercial,Construction,East,2026-08,1,1.0
P06908,Commercial,Construction,East,2026-08,1,1.0
P06909,Commercial,Construction,East,2026-08,1,1.0
P06910,Commercial,Construction,East,2026-08,1,1.0
P06911,Commercial,Construction,East,2026-08,1,1.0
P06912,Commercial,Construction,West,2026-08,1,1.0
P06913,Commercial,Construction,West,2026-08,1,1.0
P06914,Commercial,Construction,West,2026-08,1,1.0
P06915,Commercial,Construction,West,2026-08,1,1.0
P06916,Commercial,Construction,West,2026-08,1,1.0
P06917,Commercial,Construction,West,2026-08,1,1.0
P06918,Commercial,Construction,West,2026-08,1,1.0
P06919,Commercial,Construction,West,2026-08,1,1.0
P06920,Commercial,Construction,West,2026-08,1,1.0
P06921,Commercial,Construction,West,2026-08,1,1.0
P06922,Commercial,Construction,West,2026-08,1,1.0
P06923,Commercial,Construction,West,2026-08,1,1.0
P06924,Commercial,Construction,West,2026-08,1,1.0
P06925,Commercial,Construction,West,2026-08,1,1.0
P06926,Commercial,Construction,West,2026-08,1,1.0
P06927,Commercial,Construction,West,2026-08,1,1.0
P06928,Commercial,Construction,West,2026-08,1,1.0
P06929,Commercial,Construction,West,2026-08,1,1.0
P06930,Commercial,Construction,West,2026-08,1,1.0
P06931,Commercial,Construction,West,2026-08,1,1.0
P06932,Commercial,Construction,West,2026-08,1,1.0
P06933,Commercial,Construction,West,2026-08,1,1.0
P06934,Commercial,Construction,West,2026-08,1,1.0
P06935,Commercial,Construction,West,2026-08,1,1.0
P06936,Commercial,Construction,West,2026-08,1,1.0
P06937,Commercial,Construction,West,2026-08,1,1.0
P06938,Commercial,Construction,West,2026-08,1,1.0
P06939,Commercial,Construction,West,2026-08,1,1.0
P06940,Commercial,Construction,West,2026-08,1,1.0
P06941,Commercial,Construction,West,2026-08,1,1.0
P06942,Commercial,Construction,West,2026-08,1,1.0
P06943,Commercial,Construction,West,2026-08,1,1.0
P06944,Commercial,Construction,West,2026-08,1,1.0
P06945,Commercial,Construction,West,2026-08,1,1.0
P06946,Commercial,Construction,West,2026-08,1,1.0
P06947,Commercial,Construction,West,2026-08,1,1.0
P06948,Commercial,Construction,West,2026-08,1,1.0
P06949,Commercial,Construction,West,2026-08,1,1.0
P06950,Commercial,Construction,West,2026-08,1,1.0
P06951,Commercial,Construction,West,2026-08,1,1.0
P06952,Commercial,Construction,West,2026-08,1,1.0
P06953,Commercial,Construction,West,2026-08,1,1.0
P06954,Commercial,Construction,West,2026-08,1,1.0
P06955,Commercial,Construction,West,2026-08,1,1.0
P06956,Commercial,Construction,West,2026-08,1,1.0
P06957,Commercial,Construction,West,2026-08,1,1.0
P06958,Commercial,Construction,West,2026-08,1,1.0
P06959,Commercial,Construction,West,2026-08,1,1.0
P06960,Commercial,Construction,West,2026-08,1,1.0
P06961,Commercial,Construction,West,2026-08,1,1.0
P06962,Commercial,Construction,West,2026-08,1,1.0
P06963,Commercial,Construction,West,2026-08,1,1.0
P06964,Commercial,Construction,West,2026-08,1,1.0
P06965,Commercial,Construction,West,2026-08,1,1.0
P06966,Commercial,Construction,West,2026-08,1,1.0
P06967,Commercial,Construction,West,2026-08,1,1.0
P06968,Commercial,Construction,West,2026-08,1,1.0
P06969,Commercial,Construction,West,2026-08,1,1.0
P06970,Commercial,Construction,West,2026-08,1,1.0
P06971,Commercial,Construction,West,2026-08,1,1.0
P06972,Commercial,Construction,West,2026-08,1,1.0
P06973,Commercial,Construction,West,2026-08,1,1.0
P06974,Commercial,Construction,West,2026-08,1,1.0
P06975,Commercial,Construction,West,2026-08,1,1.0
P06976,Commercial,Construction,West,2026-08,1,1.0
P06977,Commercial,Construction,West,2026-08,1,1.0
P06978,Commercial,Construction,West,2026-08,1,1.0
P06979,Commercial,Construction,West,2026-08,1,1.0
P06980,Commercial,Construction,West,2026-08,1,1.0
P06981,Commercial,Construction,West,2026-08,1,1.0
P06982,Commercial,Construction,West,2026-08,1,1.0
P06983,Commercial,Construction,West,2026-08,1,1.0
P06984,Commercial,Construction,West,2026-08,1,1.0
P06985,Commercial,Construction,West,2026-08,1,1.0
P06986,Commercial,Construction,West,2026-08,1,1.0
P06987,Commercial,Construction,West,2026-08,1,1.0
P06988,Commercial,Construction,West,2026-08,1,1.0
P06989,Commercial,Construction,West,2026-08,1,1.0
P06990,Commercial,Construction,West,2026-08,1,1.0
P06991,Commercial,Construction,West,2026-08,1,1.0
P06992,Commercial,Construction,West,2026-08,1,1.0
P06993,Commercial,Construction,West,2026-08,1,1.0
P06994,Commercial,Construction,West,2026-08,1,1.0
P06995,Commercial,Construction,West,2026-08,1,1.0
P06996,Commercial,Construction,West,2026-08,1,1.0
P06997,Commercial,Construction,West,2026-08,1,1.0
P06998,Commercial,Construction,West,2026-08,1,1.0
P06999,Commercial,Construction,West,2026-08,1,1.0
P07000,Commercial,Construction,West,2026-08,1,1.0
P07001,Commercial,Construction,West,2026-08,1,1.0
P07002,Commercial,Construction,West,2026-08,1,1.0
P07003,Commercial,Construction,West,2026-08,1,1.0
P07004,Commercial,Construction,West,2026-08,1,1.0
P07005,Commercial,Construction,West,2026-08,1,1.0
P07006,Commercial,Construction,West,2026-08,1,1.0
P07007,Commercial,Construction,West,2026-08,1,1.0
P07008,Commercial,Construction,West,2026-08,1,1.0
P07009,Commercial,Construction,West,2026-08,1,1.0
P07010,Commercial,Construction,West,2026-08,1,1.0
P07011,Commercial,Construction,West,2026-08,1,1.0
P07012,Commercial,Construction,West,2026-08,1,1.0
P07013,Commercial,Construction,West,2026-08,1,1.0
P07014,Commercial,Construction,West,2026-08,1,1.0
P07015,Commercial,Construction,West,2026-08,1,1.0
P07016,Commercial,Construction,West,2026-08,1,1.0
P07017,Commercial,Construction,West,2026-08,1,1.0
P07018,Commercial,Construction,West,2026-08,1,1.0
P07019,Commercial,Construction,West,2026-08,1,1.0
P07020,Commercial,Construction,West,2026-08,1,1.0
P07021,Commercial,Construction,West,2026-08,1,1.0
P07022,Commercial,Construction,West,2026-08,1,1.0
P07023,Commercial,Construction,West,2026-08,1,1.0
P07024,Commercial,Construction,West,2026-08,1,1.0
P07025,Commercial,Construction,West,2026-08,1,1.0
P07026,Commercial,Construction,West,2026-08,1,1.0
P07027,Commercial,Construction,West,2026-08,1,1.0
P07028,Commercial,Construction,West,2026-08,1,1.0
P07029,Commercial,Construction,West,2026-08,1,1.0
P07030,Commercial,Construction,West,2026-08,1,1.0
P07031,Commercial,Construction,West,2026-08,1,1.0
P07032,Commercial,Construction,West,2026-08,1,1.0
P07033,Commercial,Construction,West,2026-08,1,1.0
P07034,Commercial,Construction,West,2026-08,1,1.0
P07035,Commercial,Construction,West,2026-08,1,1.0
P07036,Commercial,Construction,West,2026-08,1,1.0
P07037,Commercial,Construction,West,2026-08,1,1.0
P07038,Commercial,Construction,West,2026-08,1,1.0
P07039,Commercial,Construction,West,2026-08,1,1.0
P07040,Commercial,Construction,West,2026-08,1,1.0
P07041,Commercial,Construction,West,2026-08,1,1.0
P07042,Commercial,Construction,West,2026-08,1,1.0
P07043,Commercial,Construction,West,2026-08,1,1.0
P07044,Commercial,Construction,West,2026-08,1,1.0
P07045,Commercial,Construction,West,2026-08,1,1.0
P07046,Commercial,Construction,West,2026-08,1,1.0
P07047,Commercial,Construction,West,2026-08,1,1.0
P07048,Commercial,Construction,West,2026-08,1,1.0
P07049,Commercial,Construction,West,2026-08,1,1.0
P07050,Commercial,Construction,West,2026-08,1,1.0
P07051,Commercial,Construction,West,2026-08,1,1.0
P07052,Commercial,Construction,West,2026-08,1,1.0
P07053,Commercial,Construction,West,2026-08,1,1.0
P07054,Commercial,Construction,West,2026-08,1,1.0
P07055,Commercial,Construction,West,2026-08,1,1.0
P07056,Commercial,Construction,West,2026-08,1,1.0
P07057,Commercial,Construction,West,2026-08,1,1.0
P07058,Commercial,Construction,West,2026-08,1,1.0
P07059,Commercial,Construction,West,2026-08,1,1.0
P07060,Commercial,Construction,West,2026-08,1,1.0
P07061,Commercial,Construction,West,2026-08,1,1.0
P07062,Commercial,Construction,West,2026-08,1,1.0
P07063,Commercial,Construction,West,2026-08,1,1.0
P07064,Commercial,Construction,West,2026-08,1,1.0
P07065,Commercial,Construction,West,2026-08,1,1.0
P07066,Commercial,Construction,West,2026-08,1,1.0
P07067,Commercial,Construction,West,2026-08,1,1.0
P07068,Commercial,Construction,West,2026-08,1,1.0
P07069,Commercial,Construction,West,2026-08,1,1.0
P07070,Commercial,Construction,West,2026-08,1,1.0
P07071,Commercial,Construction,West,2026-08,1,1.0
P07072,Commercial,Construction,West,2026-08,1,1.0
P07073,Commercial,Construction,West,2026-08,1,1.0
P07074,Commercial,Construction,West,2026-08,1,1.0
P07075,Commercial,Construction,West,2026-08,1,1.0
P07076,Commercial,Construction,West,2026-08,1,1.0
P07077,Commercial,Construction,West,2026-08,1,1.0
P07078,Commercial,Construction,West,2026-08,1,1.0
P07079,Commercial,Construction,West,2026-08,1,1.0
P07080,Commercial,Construction,West,2026-08,1,1.0
P07081,Commercial,Construction,West,2026-08,1,1.0
P07082,Commercial,Construction,West,2026-08,1,1.0
P07083,Commercial,Construction,West,2026-08,1,1.0
P07084,Commercial,Construction,West,2026-08,1,1.0
P07085,Commercial,Construction,West,2026-08,1,1.0
P07086,Commercial,Construction,West,2026-08,1,1.0
P07087,Commercial,Construction,West,2026-08,1,1.0
P07088,Commercial,Construction,West,2026-08,1,1.0
P07089,Commercial,Construction,West,2026-08,1,1.0
P07090,Commercial,Construction,West,2026-08,1,1.0
P07091,Commercial,Construction,West,2026-08,1,1.0
P07092,Commercial,Construction,West,2026-08,1,1.0
P07093,Commercial,Construction,West,2026-08,1,1.0
P07094,Commercial,Construction,West,2026-08,1,1.0
P07095,Commercial,Construction,West,2026-08,1,1.0
P07096,Commercial,Construction,West,2026-08,1,1.0
P07097,Commercial,Construction,West,2026-08,1,1.0
P07098,Commercial,Construction,West,2026-08,1,1.0
P07099,Commercial,Construction,West,2026-08,1,1.0
P07100,Commercial,Construction,West,2026-08,1,1.0
P07101,Commercial,Construction,West,2026-08,1,1.0
P07102,Commercial,Construction,West,2026-08,1,1.0
P07103,Commercial,Construction,West,2026-08,1,1.0
P07104,Commercial,Construction,West,2026-08,1,1.0
P07105,Commercial,Construction,West,2026-08,1,1.0
P07106,Commercial,Construction,West,2026-08,1,1.0
P07107,Commercial,Construction,West,2026-08,1,1.0
P07108,Commercial,Construction,West,2026-08,1,1.0
P07109,Commercial,Construction,West,2026-08,1,1.0
P07110,Commercial,Construction,West,2026-08,1,1.0
P07111,Commercial,Construction,West,2026-08,1,1.0
P07112,Commercial,Construction,West,2026-08,1,1.0
P07113,Commercial,Construction,West,2026-08,1,1.0
P07114,Commercial,Construction,West,2026-08,1,1.0
P07115,Commercial,Construction,West,2026-08,1,1.0
P07116,Commercial,Construction,West,2026-08,1,1.0
P07117,Commercial,Construction,West,2026-08,1,1.0
P07118,Commercial,Construction,West,2026-08,1,1.0
P07119,Commercial,SME,North,2026-08,1,1.0
P07120,Commercial,SME,North,2026-08,1,1.0
P07121,Commercial,SME,North,2026-08,1,1.0
P07122,Commercial,SME,North,2026-08,1,1.0
P07123,Commercial,SME,North,2026-08,1,1.0
P07124,Commercial,SME,North,2026-08,1,1.0
P07125,Commercial,SME,North,2026-08,1,1.0
P07126,Commercial,SME,North,2026-08,1,1.0
P07127,Commercial,SME,North,2026-08,1,1.0
P07128,Commercial,SME,North,2026-08,1,1.0
P07129,Commercial,SME,North,2026-08,1,1.0
P07130,Commercial,SME,North,2026-08,1,1.0
P07131,Commercial,SME,North,2026-08,1,1.0
P07132,Commercial,SME,North,2026-08,1,1.0
P07133,Commercial,SME,North,2026-08,1,1.0
P07134,Commercial,SME,North,2026-08,1,1.0
P07135,Commercial,SME,North,2026-08,1,1.0
P07136,Commercial,SME,North,2026-08,1,1.0
P07137,Commercial,SME,North,2026-08,1,1.0
P07138,Commercial,SME,North,2026-08,1,1.0
P07139,Commercial,SME,North,2026-08,1,1.0
P07140,Commercial,SME,North,2026-08,1,1.0
P07141,Commercial,SME,North,2026-08,1,1.0
P07142,Commercial,SME,North,2026-08,1,1.0
P07143,Commercial,SME,North,2026-08,1,1.0
P07144,Commercial,SME,North,2026-08,1,1.0
P07145,Commercial,SME,North,2026-08,1,1.0
P07146,Commercial,SME,North,2026-08,1,1.0
P07147,Commercial,SME,North,2026-08,1,1.0
P07148,Commercial,SME,North,2026-08,1,1.0
P07149,Commercial,SME,North,2026-08,1,1.0
P07150,Commercial,SME,North,2026-08,1,1.0
P07151,Commercial,SME,North,2026-08,1,1.0
P07152,Commercial,SME,North,2026-08,1,1.0
P07153,Commercial,SME,North,2026-08,1,1.0
P07154,Commercial,SME,North,2026-08,1,1.0
P07155,Commercial,SME,North,2026-08,1,1.0
P07156,Commercial,SME,North,2026-08,1,1.0
P07157,Commercial,SME,North,2026-08,1,1.0
P07158,Commercial,SME,North,2026-08,1,1.0
P07159,Commercial,SME,North,2026-08,1,1.0
P07160,Commercial,SME,North,2026-08,1,1.0
P07161,Commercial,SME,North,2026-08,1,1.0
P07162,Commercial,SME,North,2026-08,1,1.0
P07163,Commercial,SME,North,2026-08,1,1.0
P07164,Commercial,SME,North,2026-08,1,1.0
P07165,Commercial,SME,North,2026-08,1,1.0
P07166,Commercial,SME,North,2026-08,1,1.0
P07167,Commercial,SME,North,2026-08,1,1.0
P07168,Commercial,SME,North,2026-08,1,1.0
P07169,Commercial,SME,North,2026-08,1,1.0
P07170,Commercial,SME,North,2026-08,1,1.0
P07171,Commercial,SME,North,2026-08,1,1.0
P07172,Commercial,SME,North,2026-08,1,1.0
P07173,Commercial,SME,North,2026-08,1,1.0
P07174,Commercial,SME,North,2026-08,1,1.0
P07175,Commercial,SME,North,2026-08,1,1.0
P07176,Commercial,SME,North,2026-08,1,1.0
P07177,Commercial,SME,North,2026-08,1,1.0
P07178,Commercial,SME,North,2026-08,1,1.0
P07179,Commercial,SME,North,2026-08,1,1.0
P07180,Commercial,SME,North,2026-08,1,1.0
P07181,Commercial,SME,North,2026-08,1,1.0
P07182,Commercial,SME,North,2026-08,1,1.0
P07183,Commercial,SME,North,2026-08,1,1.0
P07184,Commercial,SME,North,2026-08,1,1.0
P07185,Commercial,SME,North,2026-08,1,1.0
P07186,Commercial,SME,North,2026-08,1,1.0
P07187,Commercial,SME,North,2026-08,1,1.0
P07188,Commercial,SME,North,2026-08,1,1.0
P07189,Commercial,SME,North,2026-08,1,1.0
P07190,Commercial,SME,North,2026-08,1,1.0
P07191,Commercial,SME,North,2026-08,1,1.0
P07192,Commercial,SME,North,2026-08,1,1.0
P07193,Commercial,SME,North,2026-08,1,1.0
P07194,Commercial,SME,North,2026-08,1,1.0
P07195,Commercial,SME,North,2026-08,1,1.0
P07196,Commercial,SME,North,2026-08,1,1.0
P07197,Commercial,SME,North,2026-08,1,1.0
P07198,Commercial,SME,North,2026-08,1,1.0
P07199,Commercial,SME,North,2026-08,1,1.0
P07200,Commercial,SME,North,2026-08,1,1.0
P07201,Commercial,SME,North,2026-08,1,1.0
P07202,Commercial,SME,North,2026-08,1,1.0
P07203,Commercial,SME,North,2026-08,1,1.0
P07204,Commercial,SME,North,2026-08,1,1.0
P07205,Commercial,SME,North,2026-08,1,1.0
P07206,Commercial,SME,North,2026-08,1,1.0
P07207,Commercial,SME,North,2026-08,1,1.0
P07208,Commercial,SME,North,2026-08,1,1.0
P07209,Commercial,SME,North,2026-08,1,1.0
P07210,Commercial,SME,North,2026-08,1,1.0
P07211,Commercial,SME,North,2026-08,1,1.0
P07212,Commercial,SME,North,2026-08,1,1.0
P07213,Commercial,SME,North,2026-08,1,1.0
P07214,Commercial,SME,North,2026-08,1,1.0
P07215,Commercial,SME,North,2026-08,1,1.0
P07216,Commercial,SME,North,2026-08,1,1.0
P07217,Commercial,SME,North,2026-08,1,1.0
P07218,Commercial,SME,North,2026-08,1,1.0
P07219,Commercial,SME,North,2026-08,1,1.0
P07220,Commercial,SME,North,2026-08,1,1.0
P07221,Commercial,SME,North,2026-08,1,1.0
P07222,Commercial,SME,North,2026-08,1,1.0
P07223,Commercial,SME,North,2026-08,1,1.0
P07224,Commercial,SME,North,2026-08,1,1.0
P07225,Commercial,SME,North,2026-08,1,1.0
P07226,Commercial,SME,North,2026-08,1,1.0
P07227,Commercial,SME,North,2026-08,1,1.0
P07228,Commercial,SME,North,2026-08,1,1.0
P07229,Commercial,SME,North,2026-08,1,1.0
P07230,Commercial,SME,North,2026-08,1,1.0
P07231,Commercial,SME,North,2026-08,1,1.0
P07232,Commercial,SME,North,2026-08,1,1.0
P07233,Commercial,SME,North,2026-08,1,1.0
P07234,Commercial,SME,North,2026-08,1,1.0
P07235,Commercial,SME,North,2026-08,1,1.0
P07236,Commercial,SME,North,2026-08,1,1.0
P07237,Commercial,SME,North,2026-08,1,1.0
P07238,Commercial,SME,North,2026-08,1,1.0
P07239,Commercial,SME,North,2026-08,1,1.0
P07240,Commercial,SME,North,2026-08,1,1.0
P07241,Commercial,SME,North,2026-08,1,1.0
P07242,Commercial,SME,North,2026-08,1,1.0
P07243,Commercial,SME,North,2026-08,1,1.0
P07244,Commercial,SME,North,2026-08,1,1.0
P07245,Commercial,SME,North,2026-08,1,1.0
P07246,Commercial,SME,North,2026-08,1,1.0
P07247,Commercial,SME,North,2026-08,1,1.0
P07248,Commercial,SME,North,2026-08,1,1.0
P07249,Commercial,SME,North,2026-08,1,1.0
P07250,Commercial,SME,North,2026-08,1,1.0
P07251,Commercial,SME,North,2026-08,1,1.0
P07252,Commercial,SME,North,2026-08,1,1.0
P07253,Commercial,SME,North,2026-08,1,1.0
P07254,Commercial,SME,North,2026-08,1,1.0
P07255,Commercial,SME,North,2026-08,1,1.0
P07256,Commercial,SME,North,2026-08,1,1.0
P07257,Commercial,SME,North,2026-08,1,1.0
P07258,Commercial,SME,North,2026-08,1,1.0
P07259,Commercial,SME,North,2026-08,1,1.0
P07260,Commercial,SME,North,2026-08,1,1.0
P07261,Commercial,SME,North,2026-08,1,1.0
P07262,Commercial,SME,North,2026-08,1,1.0
P07263,Commercial,SME,North,2026-08,1,1.0
P07264,Commercial,SME,North,2026-08,1,1.0
P07265,Commercial,SME,North,2026-08,1,1.0
P07266,Commercial,SME,North,2026-08,1,1.0
P07267,Commercial,SME,North,2026-08,1,1.0
P07268,Commercial,SME,North,2026-08,1,1.0
P07269,Commercial,SME,North,2026-08,1,1.0
P07270,Commercial,SME,North,2026-08,1,1.0
P07271,Commercial,SME,North,2026-08,1,1.0
P07272,Commercial,SME,North,2026-08,1,1.0
P07273,Commercial,SME,North,2026-08,1,1.0
P07274,Commercial,SME,North,2026-08,1,1.0
P07275,Commercial,SME,North,2026-08,1,1.0
P07276,Commercial,SME,North,2026-08,1,1.0
P07277,Commercial,SME,North,2026-08,1,1.0
P07278,Commercial,SME,North,2026-08,1,1.0
P07279,Commercial,SME,North,2026-08,1,1.0
P07280,Commercial,SME,North,2026-08,1,1.0
P07281,Commercial,SME,North,2026-08,1,1.0
P07282,Commercial,SME,North,2026-08,1,1.0
P07283,Commercial,SME,North,2026-08,1,1.0
P07284,Commercial,SME,North,2026-08,1,1.0
P07285,Commercial,SME,North,2026-08,1,1.0
P07286,Commercial,SME,North,2026-08,1,1.0
P07287,Commercial,SME,North,2026-08,1,1.0
P07288,Commercial,SME,North,2026-08,1,1.0
P07289,Commercial,SME,North,2026-08,1,1.0
P07290,Commercial,SME,North,2026-08,1,1.0
P07291,Commercial,SME,North,2026-08,1,1.0
P07292,Commercial,SME,North,2026-08,1,1.0
P07293,Commercial,SME,North,2026-08,1,1.0
P07294,Commercial,SME,North,2026-08,1,1.0
P07295,Commercial,SME,North,2026-08,1,1.0
P07296,Commercial,SME,North,2026-08,1,1.0
P07297,Commercial,SME,North,2026-08,1,1.0
P07298,Commercial,SME,North,2026-08,1,1.0
P07299,Commercial,SME,North,2026-08,1,1.0
P07300,Commercial,SME,North,2026-08,1,1.0
P07301,Commercial,SME,North,2026-08,1,1.0
P07302,Commercial,SME,North,2026-08,1,1.0
P07303,Commercial,SME,North,2026-08,1,1.0
P07304,Commercial,SME,North,2026-08,1,1.0
P07305,Commercial,SME,North,2026-08,1,1.0
P07306,Commercial,SME,North,2026-08,1,1.0
P07307,Commercial,SME,North,2026-08,1,1.0
P07308,Commercial,SME,North,2026-08,1,1.0
P07309,Commercial,SME,North,2026-08,1,1.0
P07310,Commercial,SME,North,2026-08,1,1.0
P07311,Commercial,SME,North,2026-08,1,1.0
P07312,Commercial,SME,North,2026-08,1,1.0
P07313,Commercial,SME,North,2026-08,1,1.0
P07314,Commercial,SME,North,2026-08,1,1.0
P07315,Commercial,SME,North,2026-08,1,1.0
P07316,Commercial,SME,North,2026-08,1,1.0
P07317,Commercial,SME,North,2026-08,1,1.0
P07318,Commercial,SME,North,2026-08,1,1.0
P07319,Commercial,SME,North,2026-08,1,1.0
P07320,Commercial,SME,North,2026-08,1,1.0
P07321,Commercial,SME,North,2026-08,1,1.0
P07322,Commercial,SME,North,2026-08,1,1.0
P07323,Commercial,SME,North,2026-08,1,1.0
P07324,Commercial,SME,North,2026-08,1,1.0
P07325,Commercial,SME,North,2026-08,1,1.0
P07326,Commercial,SME,North,2026-08,1,1.0
P07327,Commercial,SME,North,2026-08,1,1.0
P07328,Commercial,SME,North,2026-08,1,1.0
P07329,Commercial,SME,North,2026-08,1,1.0
P07330,Commercial,SME,North,2026-08,1,1.0
P07331,Commercial,SME,North,2026-08,1,1.0
P07332,Commercial,SME,North,2026-08,1,1.0
P07333,Commercial,SME,North,2026-08,1,1.0
P07334,Commercial,SME,North,2026-08,1,1.0
P07335,Commercial,SME,North,2026-08,1,1.0
P07336,Commercial,SME,North,2026-08,1,1.0
P07337,Commercial,SME,North,2026-08,1,1.0
P07338,Commercial,SME,North,2026-08,1,1.0
P07339,Commercial,SME,North,2026-08,1,1.0
P07340,Commercial,SME,North,2026-08,1,1.0
P07341,Commercial,SME,North,2026-08,1,1.0
P07342,Commercial,SME,North,2026-08,1,1.0
P07343,Commercial,SME,North,2026-08,1,1.0
P07344,Commercial,SME,North,2026-08,1,1.0
P07345,Commercial,SME,South,2026-08,1,1.0
P07346,Commercial,SME,South,2026-08,1,1.0
P07347,Commercial,SME,South,2026-08,1,1.0
P07348,Commercial,SME,South,2026-08,1,1.0
P07349,Commercial,SME,South,2026-08,1,1.0
P07350,Commercial,SME,South,2026-08,1,1.0
P07351,Commercial,SME,South,2026-08,1,1.0
P07352,Commercial,SME,South,2026-08,1,1.0
P07353,Commercial,SME,South,2026-08,1,1.0
P07354,Commercial,SME,South,2026-08,1,1.0
P07355,Commercial,SME,South,2026-08,1,1.0
P07356,Commercial,SME,South,2026-08,1,1.0
P07357,Commercial,SME,South,2026-08,1,1.0
P07358,Commercial,SME,South,2026-08,1,1.0
P07359,Commercial,SME,South,2026-08,1,1.0
P07360,Commercial,SME,South,2026-08,1,1.0
P07361,Commercial,SME,South,2026-08,1,1.0
P07362,Commercial,SME,South,2026-08,1,1.0
P07363,Commercial,SME,South,2026-08,1,1.0
P07364,Commercial,SME,South,2026-08,1,1.0
P07365,Commercial,SME,South,2026-08,1,1.0
P07366,Commercial,SME,South,2026-08,1,1.0
P07367,Commercial,SME,South,2026-08,1,1.0
P07368,Commercial,SME,South,2026-08,1,1.0
P07369,Commercial,SME,South,2026-08,1,1.0
P07370,Commercial,SME,South,2026-08,1,1.0
P07371,Commercial,SME,South,2026-08,1,1.0
P07372,Commercial,SME,South,2026-08,1,1.0
P07373,Commercial,SME,South,2026-08,1,1.0
P07374,Commercial,SME,South,2026-08,1,1.0
P07375,Commercial,SME,South,2026-08,1,1.0
P07376,Commercial,SME,South,2026-08,1,1.0
P07377,Commercial,SME,South,2026-08,1,1.0
P07378,Commercial,SME,South,2026-08,1,1.0
P07379,Commercial,SME,South,2026-08,1,1.0
P07380,Commercial,SME,South,2026-08,1,1.0
P07381,Commercial,SME,South,2026-08,1,1.0
P07382,Commercial,SME,South,2026-08,1,1.0
P07383,Commercial,SME,South,2026-08,1,1.0
P07384,Commercial,SME,South,2026-08,1,1.0
P07385,Commercial,SME,South,2026-08,1,1.0
P07386,Commercial,SME,South,2026-08,1,1.0
P07387,Commercial,SME,South,2026-08,1,1.0
P07388,Commercial,SME,South,2026-08,1,1.0
P07389,Commercial,SME,South,2026-08,1,1.0
P07390,Commercial,SME,South,2026-08,1,1.0
P07391,Commercial,SME,South,2026-08,1,1.0
P07392,Commercial,SME,South,2026-08,1,1.0
P07393,Commercial,SME,South,2026-08,1,1.0
P07394,Commercial,SME,South,2026-08,1,1.0
P07395,Commercial,SME,South,2026-08,1,1.0
P07396,Commercial,SME,South,2026-08,1,1.0
P07397,Commercial,SME,South,2026-08,1,1.0
P07398,Commercial,SME,South,2026-08,1,1.0
P07399,Commercial,SME,South,2026-08,1,1.0
P07400,Commercial,SME,South,2026-08,1,1.0
P07401,Commercial,SME,South,2026-08,1,1.0
P07402,Commercial,SME,South,2026-08,1,1.0
P07403,Commercial,SME,South,2026-08,1,1.0
P07404,Commercial,SME,South,2026-08,1,1.0
P07405,Commercial,SME,South,2026-08,1,1.0
P07406,Commercial,SME,South,2026-08,1,1.0
P07407,Commercial,SME,South,2026-08,1,1.0
P07408,Commercial,SME,South,2026-08,1,1.0
P07409,Commercial,SME,South,2026-08,1,1.0
P07410,Commercial,SME,South,2026-08,1,1.0
P07411,Commercial,SME,South,2026-08,1,1.0
P07412,Commercial,SME,South,2026-08,1,1.0
P07413,Commercial,SME,South,2026-08,1,1.0
P07414,Commercial,SME,South,2026-08,1,1.0
P07415,Commercial,SME,South,2026-08,1,1.0
P07416,Commercial,SME,South,2026-08,1,1.0
P07417,Commercial,SME,South,2026-08,1,1.0
P07418,Commercial,SME,South,2026-08,1,1.0
P07419,Commercial,SME,South,2026-08,1,1.0
P07420,Commercial,SME,South,2026-08,1,1.0
P07421,Commercial,SME,South,2026-08,1,1.0
P07422,Commercial,SME,South,2026-08,1,1.0
P07423,Commercial,SME,South,2026-08,1,1.0
P07424,Commercial,SME,South,2026-08,1,1.0
P07425,Commercial,SME,South,2026-08,1,1.0
P07426,Commercial,SME,South,2026-08,1,1.0
P07427,Commercial,SME,South,2026-08,1,1.0
P07428,Commercial,SME,South,2026-08,1,1.0
P07429,Commercial,SME,South,2026-08,1,1.0
P07430,Commercial,SME,South,2026-08,1,1.0
P07431,Commercial,SME,South,2026-08,1,1.0
P07432,Commercial,SME,South,2026-08,1,1.0
P07433,Commercial,SME,South,2026-08,1,1.0
P07434,Commercial,SME,South,2026-08,1,1.0
P07435,Commercial,SME,South,2026-08,1,1.0
P07436,Commercial,SME,South,2026-08,1,1.0
P07437,Commercial,SME,South,2026-08,1,1.0
P07438,Commercial,SME,South,2026-08,1,1.0
P07439,Commercial,SME,South,2026-08,1,1.0
P07440,Commercial,SME,South,2026-08,1,1.0
P07441,Commercial,SME,South,2026-08,1,1.0
P07442,Commercial,SME,South,2026-08,1,1.0
P07443,Commercial,SME,South,2026-08,1,1.0
P07444,Commercial,SME,South,2026-08,1,1.0
P07445,Commercial,SME,South,2026-08,1,1.0
P07446,Commercial,SME,South,2026-08,1,1.0
P07447,Commercial,SME,South,2026-08,1,1.0
P07448,Commercial,SME,South,2026-08,1,1.0
P07449,Commercial,SME,South,2026-08,1,1.0
P07450,Commercial,SME,South,2026-08,1,1.0
P07451,Commercial,SME,South,2026-08,1,1.0
P07452,Commercial,SME,South,2026-08,1,1.0
P07453,Commercial,SME,South,2026-08,1,1.0
P07454,Commercial,SME,South,2026-08,1,1.0
P07455,Commercial,SME,South,2026-08,1,1.0
P07456,Commercial,SME,South,2026-08,1,1.0
P07457,Commercial,SME,South,2026-08,1,1.0
P07458,Commercial,SME,South,2026-08,1,1.0
P07459,Commercial,SME,South,2026-08,1,1.0
P07460,Commercial,SME,South,2026-08,1,1.0
P07461,Commercial,SME,South,2026-08,1,1.0
P07462,Commercial,SME,South,2026-08,1,1.0
P07463,Commercial,SME,South,2026-08,1,1.0
P07464,Commercial,SME,South,2026-08,1,1.0
P07465,Commercial,SME,South,2026-08,1,1.0
P07466,Commercial,SME,South,2026-08,1,1.0
P07467,Commercial,SME,South,2026-08,1,1.0
P07468,Commercial,SME,South,2026-08,1,1.0
P07469,Commercial,SME,South,2026-08,1,1.0
P07470,Commercial,SME,South,2026-08,1,1.0
P07471,Commercial,SME,South,2026-08,1,1.0
P07472,Commercial,SME,South,2026-08,1,1.0
P07473,Commercial,SME,South,2026-08,1,1.0
P07474,Commercial,SME,South,2026-08,1,1.0
P07475,Commercial,SME,South,2026-08,1,1.0
P07476,Commercial,SME,South,2026-08,1,1.0
P07477,Commercial,SME,South,2026-08,1,1.0
P07478,Commercial,SME,South,2026-08,1,1.0
P07479,Commercial,SME,South,2026-08,1,1.0
P07480,Commercial,SME,South,2026-08,1,1.0
P07481,Commercial,SME,South,2026-08,1,1.0
P07482,Commercial,SME,South,2026-08,1,1.0
P07483,Commercial,SME,South,2026-08,1,1.0
P07484,Commercial,SME,South,2026-08,1,1.0
P07485,Commercial,SME,South,2026-08,1,1.0
P07486,Commercial,SME,South,2026-08,1,1.0
P07487,Commercial,SME,South,2026-08,1,1.0
P07488,Commercial,SME,South,2026-08,1,1.0
P07489,Commercial,SME,South,2026-08,1,1.0
P07490,Commercial,SME,South,2026-08,1,1.0
P07491,Commercial,SME,South,2026-08,1,1.0
P07492,Commercial,SME,South,2026-08,1,1.0
P07493,Commercial,SME,South,2026-08,1,1.0
P07494,Commercial,SME,South,2026-08,1,1.0
P07495,Commercial,SME,South,2026-08,1,1.0
P07496,Commercial,SME,South,2026-08,1,1.0
P07497,Commercial,SME,South,2026-08,1,1.0
P07498,Commercial,SME,South,2026-08,1,1.0
P07499,Commercial,SME,South,2026-08,1,1.0
P07500,Commercial,SME,South,2026-08,1,1.0
P07501,Commercial,SME,South,2026-08,1,1.0
P07502,Commercial,SME,South,2026-08,1,1.0
P07503,Commercial,SME,South,2026-08,1,1.0
P07504,Commercial,SME,South,2026-08,1,1.0
P07505,Commercial,SME,South,2026-08,1,1.0
P07506,Commercial,SME,South,2026-08,1,1.0
P07507,Commercial,SME,South,2026-08,1,1.0
P07508,Commercial,SME,South,2026-08,1,1.0
P07509,Commercial,SME,South,2026-08,1,1.0
P07510,Commercial,SME,South,2026-08,1,1.0
P07511,Commercial,SME,South,2026-08,1,1.0
P07512,Commercial,SME,South,2026-08,1,1.0
P07513,Commercial,SME,South,2026-08,1,1.0
P07514,Commercial,SME,South,2026-08,1,1.0
P07515,Commercial,SME,South,2026-08,1,1.0
P07516,Commercial,SME,South,2026-08,1,1.0
P07517,Commercial,SME,South,2026-08,1,1.0
P07518,Commercial,SME,South,2026-08,1,1.0
P07519,Commercial,SME,South,2026-08,1,1.0
P07520,Commercial,SME,South,2026-08,1,1.0
P07521,Commercial,SME,South,2026-08,1,1.0
P07522,Commercial,SME,South,2026-08,1,1.0
P07523,Commercial,SME,South,2026-08,1,1.0
P07524,Commercial,SME,South,2026-08,1,1.0
P07525,Commercial,SME,South,2026-08,1,1.0
P07526,Commercial,SME,South,2026-08,1,1.0
P07527,Commercial,SME,South,2026-08,1,1.0
P07528,Commercial,SME,South,2026-08,1,1.0
P07529,Commercial,SME,South,2026-08,1,1.0
P07530,Commercial,SME,South,2026-08,1,1.0
P07531,Commercial,SME,South,2026-08,1,1.0
P07532,Commercial,SME,South,2026-08,1,1.0
P07533,Commercial,SME,South,2026-08,1,1.0
P07534,Commercial,SME,South,2026-08,1,1.0
P07535,Commercial,SME,South,2026-08,1,1.0
P07536,Commercial,SME,South,2026-08,1,1.0
P07537,Commercial,SME,South,2026-08,1,1.0
P07538,Commercial,SME,South,2026-08,1,1.0
P07539,Commercial,SME,South,2026-08,1,1.0
P07540,Commercial,SME,South,2026-08,1,1.0
P07541,Commercial,SME,South,2026-08,1,1.0
P07542,Commercial,SME,South,2026-08,1,1.0
P07543,Commercial,SME,South,2026-08,1,1.0
P07544,Commercial,SME,South,2026-08,1,1.0
P07545,Commercial,SME,South,2026-08,1,1.0
P07546,Commercial,SME,South,2026-08,1,1.0
P07547,Commercial,SME,South,2026-08,1,1.0
P07548,Commercial,SME,South,2026-08,1,1.0
P07549,Commercial,SME,South,2026-08,1,1.0
P07550,Commercial,SME,South,2026-08,1,1.0
P07551,Commercial,SME,South,2026-08,1,1.0
P07552,Commercial,SME,South,2026-08,1,1.0
P07553,Commercial,SME,South,2026-08,1,1.0
P07554,Commercial,SME,South,2026-08,1,1.0
P07555,Commercial,SME,South,2026-08,1,1.0
P07556,Commercial,SME,South,2026-08,1,1.0
P07557,Commercial,SME,South,2026-08,1,1.0
P07558,Commercial,SME,South,2026-08,1,1.0
P07559,Commercial,SME,South,2026-08,1,1.0
P07560,Commercial,SME,South,2026-08,1,1.0
P07561,Commercial,SME,East,2026-08,1,1.0
P07562,Commercial,SME,East,2026-08,1,1.0
P07563,Commercial,SME,East,2026-08,1,1.0
P07564,Commercial,SME,East,2026-08,1,1.0
P07565,Commercial,SME,East,2026-08,1,1.0
P07566,Commercial,SME,East,2026-08,1,1.0
P07567,Commercial,SME,East,2026-08,1,1.0
P07568,Commercial,SME,East,2026-08,1,1.0
P07569,Commercial,SME,East,2026-08,1,1.0
P07570,Commercial,SME,East,2026-08,1,1.0
P07571,Commercial,SME,East,2026-08,1,1.0
P07572,Commercial,SME,East,2026-08,1,1.0
P07573,Commercial,SME,East,2026-08,1,1.0
P07574,Commercial,SME,East,2026-08,1,1.0
P07575,Commercial,SME,East,2026-08,1,1.0
P07576,Commercial,SME,East,2026-08,1,1.0
P07577,Commercial,SME,East,2026-08,1,1.0
P07578,Commercial,SME,East,2026-08,1,1.0
P07579,Commercial,SME,East,2026-08,1,1.0
P07580,Commercial,SME,East,2026-08,1,1.0
P07581,Commercial,SME,East,2026-08,1,1.0
P07582,Commercial,SME,East,2026-08,1,1.0
P07583,Commercial,SME,East,2026-08,1,1.0
P07584,Commercial,SME,East,2026-08,1,1.0
P07585,Commercial,SME,East,2026-08,1,1.0
P07586,Commercial,SME,East,2026-08,1,1.0
P07587,Commercial,SME,East,2026-08,1,1.0
P07588,Commercial,SME,East,2026-08,1,1.0
P07589,Commercial,SME,East,2026-08,1,1.0
P07590,Commercial,SME,East,2026-08,1,1.0
P07591,Commercial,SME,East,2026-08,1,1.0
P07592,Commercial,SME,East,2026-08,1,1.0
P07593,Commercial,SME,East,2026-08,1,1.0
P07594,Commercial,SME,East,2026-08,1,1.0
P07595,Commercial,SME,East,2026-08,1,1.0
P07596,Commercial,SME,East,2026-08,1,1.0
P07597,Commercial,SME,East,2026-08,1,1.0
P07598,Commercial,SME,East,2026-08,1,1.0
P07599,Commercial,SME,East,2026-08,1,1.0
P07600,Commercial,SME,East,2026-08,1,1.0
P07601,Commercial,SME,East,2026-08,1,1.0
P07602,Commercial,SME,East,2026-08,1,1.0
P07603,Commercial,SME,East,2026-08,1,1.0
P07604,Commercial,SME,East,2026-08,1,1.0
P07605,Commercial,SME,East,2026-08,1,1.0
P07606,Commercial,SME,East,2026-08,1,1.0
P07607,Commercial,SME,East,2026-08,1,1.0
P07608,Commercial,SME,East,2026-08,1,1.0
P07609,Commercial,SME,East,2026-08,1,1.0
P07610,Commercial,SME,East,2026-08,1,1.0
P07611,Commercial,SME,East,2026-08,1,1.0
P07612,Commercial,SME,East,2026-08,1,1.0
P07613,Commercial,SME,East,2026-08,1,1.0
P07614,Commercial,SME,East,2026-08,1,1.0
P07615,Commercial,SME,East,2026-08,1,1.0
P07616,Commercial,SME,East,2026-08,1,1.0
P07617,Commercial,SME,East,2026-08,1,1.0
P07618,Commercial,SME,East,2026-08,1,1.0
P07619,Commercial,SME,East,2026-08,1,1.0
P07620,Commercial,SME,East,2026-08,1,1.0
P07621,Commercial,SME,East,2026-08,1,1.0
P07622,Commercial,SME,East,2026-08,1,1.0
P07623,Commercial,SME,East,2026-08,1,1.0
P07624,Commercial,SME,East,2026-08,1,1.0
P07625,Commercial,SME,East,2026-08,1,1.0
P07626,Commercial,SME,East,2026-08,1,1.0
P07627,Commercial,SME,East,2026-08,1,1.0
P07628,Commercial,SME,East,2026-08,1,1.0
P07629,Commercial,SME,East,2026-08,1,1.0
P07630,Commercial,SME,East,2026-08,1,1.0
P07631,Commercial,SME,East,2026-08,1,1.0
P07632,Commercial,SME,East,2026-08,1,1.0
P07633,Commercial,SME,East,2026-08,1,1.0
P07634,Commercial,SME,East,2026-08,1,1.0
P07635,Commercial,SME,East,2026-08,1,1.0
P07636,Commercial,SME,East,2026-08,1,1.0
P07637,Commercial,SME,East,2026-08,1,1.0
P07638,Commercial,SME,East,2026-08,1,1.0
P07639,Commercial,SME,East,2026-08,1,1.0
P07640,Commercial,SME,East,2026-08,1,1.0
P07641,Commercial,SME,East,2026-08,1,1.0
P07642,Commercial,SME,East,2026-08,1,1.0
P07643,Commercial,SME,East,2026-08,1,1.0
P07644,Commercial,SME,East,2026-08,1,1.0
P07645,Commercial,SME,East,2026-08,1,1.0
P07646,Commercial,SME,East,2026-08,1,1.0
P07647,Commercial,SME,East,2026-08,1,1.0
P07648,Commercial,SME,East,2026-08,1,1.0
P07649,Commercial,SME,East,2026-08,1,1.0
P07650,Commercial,SME,East,2026-08,1,1.0
P07651,Commercial,SME,East,2026-08,1,1.0
P07652,Commercial,SME,East,2026-08,1,1.0
P07653,Commercial,SME,East,2026-08,1,1.0
P07654,Commercial,SME,East,2026-08,1,1.0
P07655,Commercial,SME,East,2026-08,1,1.0
P07656,Commercial,SME,East,2026-08,1,1.0
P07657,Commercial,SME,East,2026-08,1,1.0
P07658,Commercial,SME,East,2026-08,1,1.0
P07659,Commercial,SME,East,2026-08,1,1.0
P07660,Commercial,SME,East,2026-08,1,1.0
P07661,Commercial,SME,East,2026-08,1,1.0
P07662,Commercial,SME,East,2026-08,1,1.0
P07663,Commercial,SME,East,2026-08,1,1.0
P07664,Commercial,SME,East,2026-08,1,1.0
P07665,Commercial,SME,East,2026-08,1,1.0
P07666,Commercial,SME,East,2026-08,1,1.0
P07667,Commercial,SME,East,2026-08,1,1.0
P07668,Commercial,SME,East,2026-08,1,1.0
P07669,Commercial,SME,East,2026-08,1,1.0
P07670,Commercial,SME,East,2026-08,1,1.0
P07671,Commercial,SME,East,2026-08,1,1.0
P07672,Commercial,SME,East,2026-08,1,1.0
P07673,Commercial,SME,East,2026-08,1,1.0
P07674,Commercial,SME,East,2026-08,1,1.0
P07675,Commercial,SME,East,2026-08,1,1.0
P07676,Commercial,SME,East,2026-08,1,1.0
P07677,Commercial,SME,East,2026-08,1,1.0
P07678,Commercial,SME,East,2026-08,1,1.0
P07679,Commercial,SME,East,2026-08,1,1.0
P07680,Commercial,SME,East,2026-08,1,1.0
P07681,Commercial,SME,East,2026-08,1,1.0
P07682,Commercial,SME,East,2026-08,1,1.0
P07683,Commercial,SME,East,2026-08,1,1.0
P07684,Commercial,SME,East,2026-08,1,1.0
P07685,Commercial,SME,East,2026-08,1,1.0
P07686,Commercial,SME,East,2026-08,1,1.0
P07687,Commercial,SME,East,2026-08,1,1.0
P07688,Commercial,SME,East,2026-08,1,1.0
P07689,Commercial,SME,East,2026-08,1,1.0
P07690,Commercial,SME,East,2026-08,1,1.0
P07691,Commercial,SME,East,2026-08,1,1.0
P07692,Commercial,SME,East,2026-08,1,1.0
P07693,Commercial,SME,East,2026-08,1,1.0
P07694,Commercial,SME,East,2026-08,1,1.0
P07695,Commercial,SME,East,2026-08,1,1.0
P07696,Commercial,SME,East,2026-08,1,1.0
P07697,Commercial,SME,East,2026-08,1,1.0
P07698,Commercial,SME,East,2026-08,1,1.0
P07699,Commercial,SME,East,2026-08,1,1.0
P07700,Commercial,SME,East,2026-08,1,1.0
P07701,Commercial,SME,East,2026-08,1,1.0
P07702,Commercial,SME,East,2026-08,1,1.0
P07703,Commercial,SME,East,2026-08,1,1.0
P07704,Commercial,SME,East,2026-08,1,1.0
P07705,Commercial,SME,East,2026-08,1,1.0
P07706,Commercial,SME,East,2026-08,1,1.0
P07707,Commercial,SME,East,2026-08,1,1.0
P07708,Commercial,SME,East,2026-08,1,1.0
P07709,Commercial,SME,East,2026-08,1,1.0
P07710,Commercial,SME,East,2026-08,1,1.0
P07711,Commercial,SME,East,2026-08,1,1.0
P07712,Commercial,SME,East,2026-08,1,1.0
P07713,Commercial,SME,East,2026-08,1,1.0
P07714,Commercial,SME,East,2026-08,1,1.0
P07715,Commercial,SME,East,2026-08,1,1.0
P07716,Commercial,SME,East,2026-08,1,1.0
P07717,Commercial,SME,East,2026-08,1,1.0
P07718,Commercial,SME,East,2026-08,1,1.0
P07719,Commercial,SME,East,2026-08,1,1.0
P07720,Commercial,SME,East,2026-08,1,1.0
P07721,Commercial,SME,East,2026-08,1,1.0
P07722,Commercial,SME,East,2026-08,1,1.0
P07723,Commercial,SME,East,2026-08,1,1.0
P07724,Commercial,SME,East,2026-08,1,1.0
P07725,Commercial,SME,East,2026-08,1,1.0
P07726,Commercial,SME,East,2026-08,1,1.0
P07727,Commercial,SME,East,2026-08,1,1.0
P07728,Commercial,SME,East,2026-08,1,1.0
P07729,Commercial,SME,East,2026-08,1,1.0
P07730,Commercial,SME,East,2026-08,1,1.0
P07731,Commercial,SME,East,2026-08,1,1.0
P07732,Commercial,SME,East,2026-08,1,1.0
P07733,Commercial,SME,East,2026-08,1,1.0
P07734,Commercial,SME,East,2026-08,1,1.0
P07735,Commercial,SME,East,2026-08,1,1.0
P07736,Commercial,SME,East,2026-08,1,1.0
P07737,Commercial,SME,East,2026-08,1,1.0
P07738,Commercial,SME,East,2026-08,1,1.0
P07739,Commercial,SME,East,2026-08,1,1.0
P07740,Commercial,SME,East,2026-08,1,1.0
P07741,Commercial,SME,East,2026-08,1,1.0
P07742,Commercial,SME,East,2026-08,1,1.0
P07743,Commercial,SME,East,2026-08,1,1.0
P07744,Commercial,SME,East,2026-08,1,1.0
P07745,Commercial,SME,East,2026-08,1,1.0
P07746,Commercial,SME,East,2026-08,1,1.0
P07747,Commercial,SME,East,2026-08,1,1.0
P07748,Commercial,SME,East,2026-08,1,1.0
P07749,Commercial,SME,East,2026-08,1,1.0
P07750,Commercial,SME,East,2026-08,1,1.0
P07751,Commercial,SME,East,2026-08,1,1.0
P07752,Commercial,SME,East,2026-08,1,1.0
P07753,Commercial,SME,East,2026-08,1,1.0
P07754,Commercial,SME,East,2026-08,1,1.0
P07755,Commercial,SME,East,2026-08,1,1.0
P07756,Commercial,SME,East,2026-08,1,1.0
P07757,Commercial,SME,East,2026-08,1,1.0
P07758,Commercial,SME,East,2026-08,1,1.0
P07759,Commercial,SME,East,2026-08,1,1.0
P07760,Commercial,SME,East,2026-08,1,1.0
P07761,Commercial,SME,East,2026-08,1,1.0
P07762,Commercial,SME,East,2026-08,1,1.0
P07763,Commercial,SME,East,2026-08,1,1.0
P07764,Commercial,SME,East,2026-08,1,1.0
P07765,Commercial,SME,East,2026-08,1,1.0
P07766,Commercial,SME,East,2026-08,1,1.0
P07767,Commercial,SME,East,2026-08,1,1.0
P07768,Commercial,SME,West,2026-08,1,1.0
P07769,Commercial,SME,West,2026-08,1,1.0
P07770,Commercial,SME,West,2026-08,1,1.0
P07771,Commercial,SME,West,2026-08,1,1.0
P07772,Commercial,SME,West,2026-08,1,1.0
P07773,Commercial,SME,West,2026-08,1,1.0
P07774,Commercial,SME,West,2026-08,1,1.0
P07775,Commercial,SME,West,2026-08,1,1.0
P07776,Commercial,SME,West,2026-08,1,1.0
P07777,Commercial,SME,West,2026-08,1,1.0
P07778,Commercial,SME,West,2026-08,1,1.0
P07779,Commercial,SME,West,2026-08,1,1.0
P07780,Commercial,SME,West,2026-08,1,1.0
P07781,Commercial,SME,West,2026-08,1,1.0
P07782,Commercial,SME,West,2026-08,1,1.0
P07783,Commercial,SME,West,2026-08,1,1.0
P07784,Commercial,SME,West,2026-08,1,1.0
P07785,Commercial,SME,West,2026-08,1,1.0
P07786,Commercial,SME,West,2026-08,1,1.0
P07787,Commercial,SME,West,2026-08,1,1.0
P07788,Commercial,SME,West,2026-08,1,1.0
P07789,Commercial,SME,West,2026-08,1,1.0
P07790,Commercial,SME,West,2026-08,1,1.0
P07791,Commercial,SME,West,2026-08,1,1.0
P07792,Commercial,SME,West,2026-08,1,1.0
P07793,Commercial,SME,West,2026-08,1,1.0
P07794,Commercial,SME,West,2026-08,1,1.0
P07795,Commercial,SME,West,2026-08,1,1.0
P07796,Commercial,SME,West,2026-08,1,1.0
P07797,Commercial,SME,West,2026-08,1,1.0
P07798,Commercial,SME,West,2026-08,1,1.0
P07799,Commercial,SME,West,2026-08,1,1.0
P07800,Commercial,SME,West,2026-08,1,1.0
P07801,Commercial,SME,West,2026-08,1,1.0
P07802,Commercial,SME,West,2026-08,1,1.0
P07803,Commercial,SME,West,2026-08,1,1.0
P07804,Commercial,SME,West,2026-08,1,1.0
P07805,Commercial,SME,West,2026-08,1,1.0
P07806,Commercial,SME,West,2026-08,1,1.0
P07807,Commercial,SME,West,2026-08,1,1.0
P07808,Commercial,SME,West,2026-08,1,1.0
P07809,Commercial,SME,West,2026-08,1,1.0
P07810,Commercial,SME,West,2026-08,1,1.0
P07811,Commercial,SME,West,2026-08,1,1.0
P07812,Commercial,SME,West,2026-08,1,1.0
P07813,Commercial,SME,West,2026-08,1,1.0
P07814,Commercial,SME,West,2026-08,1,1.0
P07815,Commercial,SME,West,2026-08,1,1.0
P07816,Commercial,SME,West,2026-08,1,1.0
P07817,Commercial,SME,West,2026-08,1,1.0
P07818,Commercial,SME,West,2026-08,1,1.0
P07819,Commercial,SME,West,2026-08,1,1.0
P07820,Commercial,SME,West,2026-08,1,1.0
P07821,Commercial,SME,West,2026-08,1,1.0
P07822,Commercial,SME,West,2026-08,1,1.0
P07823,Commercial,SME,West,2026-08,1,1.0
P07824,Commercial,SME,West,2026-08,1,1.0
P07825,Commercial,SME,West,2026-08,1,1.0
P07826,Commercial,SME,West,2026-08,1,1.0
P07827,Commercial,SME,West,2026-08,1,1.0
P07828,Commercial,SME,West,2026-08,1,1.0
P07829,Commercial,SME,West,2026-08,1,1.0
P07830,Commercial,SME,West,2026-08,1,1.0
P07831,Commercial,SME,West,2026-08,1,1.0
P07832,Commercial,SME,West,2026-08,1,1.0
P07833,Commercial,SME,West,2026-08,1,1.0
P07834,Commercial,SME,West,2026-08,1,1.0
P07835,Commercial,SME,West,2026-08,1,1.0
P07836,Commercial,SME,West,2026-08,1,1.0
P07837,Commercial,SME,West,2026-08,1,1.0
P07838,Commercial,SME,West,2026-08,1,1.0
P07839,Commercial,SME,West,2026-08,1,1.0
P07840,Commercial,SME,West,2026-08,1,1.0
P07841,Commercial,SME,West,2026-08,1,1.0
P07842,Commercial,SME,West,2026-08,1,1.0
P07843,Commercial,SME,West,2026-08,1,1.0
P07844,Commercial,SME,West,2026-08,1,1.0
P07845,Commercial,SME,West,2026-08,1,1.0
P07846,Commercial,SME,West,2026-08,1,1.0
P07847,Commercial,SME,West,2026-08,1,1.0
P07848,Commercial,SME,West,2026-08,1,1.0
P07849,Commercial,SME,West,2026-08,1,1.0
P07850,Commercial,SME,West,2026-08,1,1.0
P07851,Commercial,SME,West,2026-08,1,1.0
P07852,Commercial,SME,West,2026-08,1,1.0
P07853,Commercial,SME,West,2026-08,1,1.0
P07854,Commercial,SME,West,2026-08,1,1.0
P07855,Commercial,SME,West,2026-08,1,1.0
P07856,Commercial,SME,West,2026-08,1,1.0
P07857,Commercial,SME,West,2026-08,1,1.0
P07858,Commercial,SME,West,2026-08,1,1.0
P07859,Commercial,SME,West,2026-08,1,1.0
P07860,Commercial,SME,West,2026-08,1,1.0
P07861,Commercial,SME,West,2026-08,1,1.0
P07862,Commercial,SME,West,2026-08,1,1.0
P07863,Commercial,SME,West,2026-08,1,1.0
P07864,Commercial,SME,West,2026-08,1,1.0
P07865,Commercial,SME,West,2026-08,1,1.0
P07866,Commercial,SME,West,2026-08,1,1.0
P07867,Commercial,SME,West,2026-08,1,1.0
P07868,Commercial,SME,West,2026-08,1,1.0
P07869,Commercial,SME,West,2026-08,1,1.0
P07870,Commercial,SME,West,2026-08,1,1.0
P07871,Commercial,SME,West,2026-08,1,1.0
P07872,Commercial,SME,West,2026-08,1,1.0
P07873,Commercial,SME,West,2026-08,1,1.0
P07874,Commercial,SME,West,2026-08,1,1.0
P07875,Commercial,SME,West,2026-08,1,1.0
P07876,Commercial,SME,West,2026-08,1,1.0
P07877,Commercial,SME,West,2026-08,1,1.0
P07878,Commercial,SME,West,2026-08,1,1.0
P07879,Commercial,SME,West,2026-08,1,1.0
P07880,Commercial,SME,West,2026-08,1,1.0
P07881,Commercial,SME,West,2026-08,1,1.0
P07882,Commercial,SME,West,2026-08,1,1.0
P07883,Commercial,SME,West,2026-08,1,1.0
P07884,Commercial,SME,West,2026-08,1,1.0
P07885,Commercial,SME,West,2026-08,1,1.0
P07886,Commercial,SME,West,2026-08,1,1.0
P07887,Commercial,SME,West,2026-08,1,1.0
P07888,Commercial,SME,West,2026-08,1,1.0
P07889,Commercial,SME,West,2026-08,1,1.0
P07890,Commercial,SME,West,2026-08,1,1.0
P07891,Commercial,SME,West,2026-08,1,1.0
P07892,Commercial,SME,West,2026-08,1,1.0
P07893,Commercial,SME,West,2026-08,1,1.0
P07894,Commercial,SME,West,2026-08,1,1.0
P07895,Commercial,SME,West,2026-08,1,1.0
P07896,Commercial,SME,West,2026-08,1,1.0
P07897,Commercial,SME,West,2026-08,1,1.0
P07898,Commercial,SME,West,2026-08,1,1.0
P07899,Commercial,SME,West,2026-08,1,1.0
P07900,Commercial,SME,West,2026-08,1,1.0
P07901,Commercial,SME,West,2026-08,1,1.0
P07902,Commercial,SME,West,2026-08,1,1.0
P07903,Commercial,SME,West,2026-08,1,1.0
P07904,Commercial,SME,West,2026-08,1,1.0
P07905,Commercial,SME,West,2026-08,1,1.0
P07906,Commercial,SME,West,2026-08,1,1.0
P07907,Commercial,SME,West,2026-08,1,1.0
P07908,Commercial,SME,West,2026-08,1,1.0
P07909,Commercial,SME,West,2026-08,1,1.0
P07910,Commercial,SME,West,2026-08,1,1.0
P07911,Commercial,SME,West,2026-08,1,1.0
P07912,Commercial,SME,West,2026-08,1,1.0
P07913,Commercial,SME,West,2026-08,1,1.0
P07914,Commercial,SME,West,2026-08,1,1.0
P07915,Commercial,SME,West,2026-08,1,1.0
P07916,Commercial,SME,West,2026-08,1,1.0
P07917,Commercial,SME,West,2026-08,1,1.0
P07918,Commercial,SME,West,2026-08,1,1.0
P07919,Commercial,SME,West,2026-08,1,1.0
P07920,Commercial,SME,West,2026-08,1,1.0
P07921,Commercial,SME,West,2026-08,1,1.0
P07922,Commercial,SME,West,2026-08,1,1.0
P07923,Commercial,SME,West,2026-08,1,1.0
P07924,Commercial,SME,West,2026-08,1,1.0
P07925,Commercial,SME,West,2026-08,1,1.0
P07926,Commercial,SME,West,2026-08,1,1.0
P07927,Commercial,SME,West,2026-08,1,1.0
P07928,Commercial,SME,West,2026-08,1,1.0
P07929,Commercial,SME,West,2026-08,1,1.0
P07930,Commercial,SME,West,2026-08,1,1.0
P07931,Commercial,SME,West,2026-08,1,1.0
P07932,Commercial,SME,West,2026-08,1,1.0
P07933,Commercial,SME,West,2026-08,1,1.0
P07934,Commercial,SME,West,2026-08,1,1.0
P07935,Commercial,SME,West,2026-08,1,1.0
P07936,Commercial,SME,West,2026-08,1,1.0
P07937,Commercial,SME,West,2026-08,1,1.0
P07938,Commercial,SME,West,2026-08,1,1.0
P07939,Commercial,SME,West,2026-08,1,1.0
P07940,Commercial,SME,West,2026-08,1,1.0
P07941,Commercial,SME,West,2026-08,1,1.0
P07942,Commercial,SME,West,2026-08,1,1.0
P07943,Commercial,SME,West,2026-08,1,1.0
P07944,Commercial,SME,West,2026-08,1,1.0
P07945,Commercial,SME,West,2026-08,1,1.0
P07946,Commercial,SME,West,2026-08,1,1.0
P07947,Commercial,SME,West,2026-08,1,1.0
P07948,Commercial,SME,West,2026-08,1,1.0
P07949,Commercial,SME,West,2026-08,1,1.0
P07950,Commercial,SME,West,2026-08,1,1.0
P07951,Commercial,SME,West,2026-08,1,1.0
P07952,Commercial,SME,West,2026-08,1,1.0
P07953,Commercial,SME,West,2026-08,1,1.0
P07954,Commercial,SME,West,2026-08,1,1.0
P07955,Commercial,SME,West,2026-08,1,1.0
P07956,Commercial,SME,West,2026-08,1,1.0
P07957,Commercial,SME,West,2026-08,1,1.0
P07958,Commercial,SME,West,2026-08,1,1.0
P07959,Commercial,SME,West,2026-08,1,1.0
P07960,Commercial,SME,West,2026-08,1,1.0
P07961,Commercial,SME,West,2026-08,1,1.0
P07962,Commercial,SME,West,2026-08,1,1.0
P07963,Commercial,SME,West,2026-08,1,1.0
P07964,Commercial,SME,West,2026-08,1,1.0
P07965,Commercial,Property,North,2026-08,1,1.0
P07966,Commercial,Property,North,2026-08,1,1.0
P07967,Commercial,Property,North,2026-08,1,1.0
P07968,Commercial,Property,North,2026-08,1,1.0
P07969,Commercial,Property,North,2026-08,1,1.0
P07970,Commercial,Property,North,2026-08,1,1.0
P07971,Commercial,Property,North,2026-08,1,1.0
P07972,Commercial,Property,North,2026-08,1,1.0
P07973,Commercial,Property,North,2026-08,1,1.0
P07974,Commercial,Property,North,2026-08,1,1.0
P07975,Commercial,Property,North,2026-08,1,1.0
P07976,Commercial,Property,North,2026-08,1,1.0
P07977,Commercial,Property,North,2026-08,1,1.0
P07978,Commercial,Property,North,2026-08,1,1.0
P07979,Commercial,Property,North,2026-08,1,1.0
P07980,Commercial,Property,North,2026-08,1,1.0
P07981,Commercial,Property,North,2026-08,1,1.0
P07982,Commercial,Property,North,2026-08,1,1.0
P07983,Commercial,Property,North,2026-08,1,1.0
P07984,Commercial,Property,North,2026-08,1,1.0
P07985,Commercial,Property,North,2026-08,1,1.0
P07986,Commercial,Property,North,2026-08,1,1.0
P07987,Commercial,Property,North,2026-08,1,1.0
P07988,Commercial,Property,North,2026-08,1,1.0
P07989,Commercial,Property,North,2026-08,1,1.0
P07990,Commercial,Property,North,2026-08,1,1.0
P07991,Commercial,Property,North,2026-08,1,1.0
P07992,Commercial,Property,North,2026-08,1,1.0
P07993,Commercial,Property,North,2026-08,1,1.0
P07994,Commercial,Property,North,2026-08,1,1.0
P07995,Commercial,Property,North,2026-08,1,1.0
P07996,Commercial,Property,North,2026-08,1,1.0
P07997,Commercial,Property,North,2026-08,1,1.0
P07998,Commercial,Property,North,2026-08,1,1.0
P07999,Commercial,Property,North,2026-08,1,1.0
P08000,Commercial,Property,North,2026-08,1,1.0
P08001,Commercial,Property,North,2026-08,1,1.0
P08002,Commercial,Property,North,2026-08,1,1.0
P08003,Commercial,Property,North,2026-08,1,1.0
P08004,Commercial,Property,North,2026-08,1,1.0
P08005,Commercial,Property,North,2026-08,1,1.0
P08006,Commercial,Property,North,2026-08,1,1.0
P08007,Commercial,Property,North,2026-08,1,1.0
P08008,Commercial,Property,North,2026-08,1,1.0
P08009,Commercial,Property,North,2026-08,1,1.0
P08010,Commercial,Property,North,2026-08,1,1.0
P08011,Commercial,Property,North,2026-08,1,1.0
P08012,Commercial,Property,North,2026-08,1,1.0
P08013,Commercial,Property,North,2026-08,1,1.0
P08014,Commercial,Property,North,2026-08,1,1.0
P08015,Commercial,Property,North,2026-08,1,1.0
P08016,Commercial,Property,North,2026-08,1,1.0
P08017,Commercial,Property,North,2026-08,1,1.0
P08018,Commercial,Property,North,2026-08,1,1.0
P08019,Commercial,Property,North,2026-08,1,1.0
P08020,Commercial,Property,North,2026-08,1,1.0
P08021,Commercial,Property,North,2026-08,1,1.0
P08022,Commercial,Property,North,2026-08,1,1.0
P08023,Commercial,Property,North,2026-08,1,1.0
P08024,Commercial,Property,North,2026-08,1,1.0
P08025,Commercial,Property,North,2026-08,1,1.0
P08026,Commercial,Property,North,2026-08,1,1.0
P08027,Commercial,Property,North,2026-08,1,1.0
P08028,Commercial,Property,North,2026-08,1,1.0
P08029,Commercial,Property,North,2026-08,1,1.0
P08030,Commercial,Property,North,2026-08,1,1.0
P08031,Commercial,Property,North,2026-08,1,1.0
P08032,Commercial,Property,North,2026-08,1,1.0
P08033,Commercial,Property,North,2026-08,1,1.0
P08034,Commercial,Property,North,2026-08,1,1.0
P08035,Commercial,Property,North,2026-08,1,1.0
P08036,Commercial,Property,North,2026-08,1,1.0
P08037,Commercial,Property,North,2026-08,1,1.0
P08038,Commercial,Property,North,2026-08,1,1.0
P08039,Commercial,Property,North,2026-08,1,1.0
P08040,Commercial,Property,North,2026-08,1,1.0
P08041,Commercial,Property,North,2026-08,1,1.0
P08042,Commercial,Property,North,2026-08,1,1.0
P08043,Commercial,Property,North,2026-08,1,1.0
P08044,Commercial,Property,North,2026-08,1,1.0
P08045,Commercial,Property,North,2026-08,1,1.0
P08046,Commercial,Property,North,2026-08,1,1.0
P08047,Commercial,Property,North,2026-08,1,1.0
P08048,Commercial,Property,North,2026-08,1,1.0
P08049,Commercial,Property,North,2026-08,1,1.0
P08050,Commercial,Property,North,2026-08,1,1.0
P08051,Commercial,Property,North,2026-08,1,1.0
P08052,Commercial,Property,North,2026-08,1,1.0
P08053,Commercial,Property,North,2026-08,1,1.0
P08054,Commercial,Property,North,2026-08,1,1.0
P08055,Commercial,Property,North,2026-08,1,1.0
P08056,Commercial,Property,North,2026-08,1,1.0
P08057,Commercial,Property,North,2026-08,1,1.0
P08058,Commercial,Property,North,2026-08,1,1.0
P08059,Commercial,Property,North,2026-08,1,1.0
P08060,Commercial,Property,North,2026-08,1,1.0
P08061,Commercial,Property,North,2026-08,1,1.0
P08062,Commercial,Property,North,2026-08,1,1.0
P08063,Commercial,Property,North,2026-08,1,1.0
P08064,Commercial,Property,North,2026-08,1,1.0
P08065,Commercial,Property,North,2026-08,1,1.0
P08066,Commercial,Property,North,2026-08,1,1.0
P08067,Commercial,Property,North,2026-08,1,1.0
P08068,Commercial,Property,North,2026-08,1,1.0
P08069,Commercial,Property,North,2026-08,1,1.0
P08070,Commercial,Property,North,2026-08,1,1.0
P08071,Commercial,Property,North,2026-08,1,1.0
P08072,Commercial,Property,North,2026-08,1,1.0
P08073,Commercial,Property,North,2026-08,1,1.0
P08074,Commercial,Property,North,2026-08,1,1.0
P08075,Commercial,Property,North,2026-08,1,1.0
P08076,Commercial,Property,North,2026-08,1,1.0
P08077,Commercial,Property,North,2026-08,1,1.0
P08078,Commercial,Property,North,2026-08,1,1.0
P08079,Commercial,Property,North,2026-08,1,1.0
P08080,Commercial,Property,North,2026-08,1,1.0
P08081,Commercial,Property,North,2026-08,1,1.0
P08082,Commercial,Property,North,2026-08,1,1.0
P08083,Commercial,Property,North,2026-08,1,1.0
P08084,Commercial,Property,North,2026-08,1,1.0
P08085,Commercial,Property,North,2026-08,1,1.0
P08086,Commercial,Property,North,2026-08,1,1.0
P08087,Commercial,Property,North,2026-08,1,1.0
P08088,Commercial,Property,North,2026-08,1,1.0
P08089,Commercial,Property,North,2026-08,1,1.0
P08090,Commercial,Property,North,2026-08,1,1.0
P08091,Commercial,Property,North,2026-08,1,1.0
P08092,Commercial,Property,North,2026-08,1,1.0
P08093,Commercial,Property,North,2026-08,1,1.0
P08094,Commercial,Property,North,2026-08,1,1.0
P08095,Commercial,Property,North,2026-08,1,1.0
P08096,Commercial,Property,North,2026-08,1,1.0
P08097,Commercial,Property,North,2026-08,1,1.0
P08098,Commercial,Property,North,2026-08,1,1.0
P08099,Commercial,Property,North,2026-08,1,1.0
P08100,Commercial,Property,North,2026-08,1,1.0
P08101,Commercial,Property,North,2026-08,1,1.0
P08102,Commercial,Property,North,2026-08,1,1.0
P08103,Commercial,Property,North,2026-08,1,1.0
P08104,Commercial,Property,North,2026-08,1,1.0
P08105,Commercial,Property,North,2026-08,1,1.0
P08106,Commercial,Property,North,2026-08,1,1.0
P08107,Commercial,Property,North,2026-08,1,1.0
P08108,Commercial,Property,North,2026-08,1,1.0
P08109,Commercial,Property,North,2026-08,1,1.0
P08110,Commercial,Property,North,2026-08,1,1.0
P08111,Commercial,Property,North,2026-08,1,1.0
P08112,Commercial,Property,North,2026-08,1,1.0
P08113,Commercial,Property,North,2026-08,1,1.0
P08114,Commercial,Property,North,2026-08,1,1.0
P08115,Commercial,Property,North,2026-08,1,1.0
P08116,Commercial,Property,North,2026-08,1,1.0
P08117,Commercial,Property,North,2026-08,1,1.0
P08118,Commercial,Property,North,2026-08,1,1.0
P08119,Commercial,Property,North,2026-08,1,1.0
P08120,Commercial,Property,North,2026-08,1,1.0
P08121,Commercial,Property,North,2026-08,1,1.0
P08122,Commercial,Property,North,2026-08,1,1.0
P08123,Commercial,Property,North,2026-08,1,1.0
P08124,Commercial,Property,North,2026-08,1,1.0
P08125,Commercial,Property,North,2026-08,1,1.0
P08126,Commercial,Property,North,2026-08,1,1.0
P08127,Commercial,Property,North,2026-08,1,1.0
P08128,Commercial,Property,North,2026-08,1,1.0
P08129,Commercial,Property,North,2026-08,1,1.0
P08130,Commercial,Property,North,2026-08,1,1.0
P08131,Commercial,Property,North,2026-08,1,1.0
P08132,Commercial,Property,North,2026-08,1,1.0
P08133,Commercial,Property,North,2026-08,1,1.0
P08134,Commercial,Property,South,2026-08,1,1.0
P08135,Commercial,Property,South,2026-08,1,1.0
P08136,Commercial,Property,South,2026-08,1,1.0
P08137,Commercial,Property,South,2026-08,1,1.0
P08138,Commercial,Property,South,2026-08,1,1.0
P08139,Commercial,Property,South,2026-08,1,1.0
P08140,Commercial,Property,South,2026-08,1,1.0
P08141,Commercial,Property,South,2026-08,1,1.0
P08142,Commercial,Property,South,2026-08,1,1.0
P08143,Commercial,Property,South,2026-08,1,1.0
P08144,Commercial,Property,South,2026-08,1,1.0
P08145,Commercial,Property,South,2026-08,1,1.0
P08146,Commercial,Property,South,2026-08,1,1.0
P08147,Commercial,Property,South,2026-08,1,1.0
P08148,Commercial,Property,South,2026-08,1,1.0
P08149,Commercial,Property,South,2026-08,1,1.0
P08150,Commercial,Property,South,2026-08,1,1.0
P08151,Commercial,Property,South,2026-08,1,1.0
P08152,Commercial,Property,South,2026-08,1,1.0
P08153,Commercial,Property,South,2026-08,1,1.0
P08154,Commercial,Property,South,2026-08,1,1.0
P08155,Commercial,Property,South,2026-08,1,1.0
P08156,Commercial,Property,South,2026-08,1,1.0
P08157,Commercial,Property,South,2026-08,1,1.0
P08158,Commercial,Property,South,2026-08,1,1.0
P08159,Commercial,Property,South,2026-08,1,1.0
P08160,Commercial,Property,South,2026-08,1,1.0
P08161,Commercial,Property,South,2026-08,1,1.0
P08162,Commercial,Property,South,2026-08,1,1.0
P08163,Commercial,Property,South,2026-08,1,1.0
P08164,Commercial,Property,South,2026-08,1,1.0
P08165,Commercial,Property,South,2026-08,1,1.0
P08166,Commercial,Property,South,2026-08,1,1.0
P08167,Commercial,Property,South,2026-08,1,1.0
P08168,Commercial,Property,South,2026-08,1,1.0
P08169,Commercial,Property,South,2026-08,1,1.0
P08170,Commercial,Property,South,2026-08,1,1.0
P08171,Commercial,Property,South,2026-08,1,1.0
P08172,Commercial,Property,South,2026-08,1,1.0
P08173,Commercial,Property,South,2026-08,1,1.0
P08174,Commercial,Property,South,2026-08,1,1.0
P08175,Commercial,Property,South,2026-08,1,1.0
P08176,Commercial,Property,South,2026-08,1,1.0
P08177,Commercial,Property,South,2026-08,1,1.0
P08178,Commercial,Property,South,2026-08,1,1.0
P08179,Commercial,Property,South,2026-08,1,1.0
P08180,Commercial,Property,South,2026-08,1,1.0
P08181,Commercial,Property,South,2026-08,1,1.0
P08182,Commercial,Property,South,2026-08,1,1.0
P08183,Commercial,Property,South,2026-08,1,1.0
P08184,Commercial,Property,South,2026-08,1,1.0
P08185,Commercial,Property,South,2026-08,1,1.0
P08186,Commercial,Property,South,2026-08,1,1.0
P08187,Commercial,Property,South,2026-08,1,1.0
P08188,Commercial,Property,South,2026-08,1,1.0
P08189,Commercial,Property,South,2026-08,1,1.0
P08190,Commercial,Property,South,2026-08,1,1.0
P08191,Commercial,Property,South,2026-08,1,1.0
P08192,Commercial,Property,South,2026-08,1,1.0
P08193,Commercial,Property,South,2026-08,1,1.0
P08194,Commercial,Property,South,2026-08,1,1.0
P08195,Commercial,Property,South,2026-08,1,1.0
P08196,Commercial,Property,South,2026-08,1,1.0
P08197,Commercial,Property,South,2026-08,1,1.0
P08198,Commercial,Property,South,2026-08,1,1.0
P08199,Commercial,Property,South,2026-08,1,1.0
P08200,Commercial,Property,South,2026-08,1,1.0
P08201,Commercial,Property,South,2026-08,1,1.0
P08202,Commercial,Property,South,2026-08,1,1.0
P08203,Commercial,Property,South,2026-08,1,1.0
P08204,Commercial,Property,South,2026-08,1,1.0
P08205,Commercial,Property,South,2026-08,1,1.0
P08206,Commercial,Property,South,2026-08,1,1.0
P08207,Commercial,Property,South,2026-08,1,1.0
P08208,Commercial,Property,South,2026-08,1,1.0
P08209,Commercial,Property,South,2026-08,1,1.0
P08210,Commercial,Property,South,2026-08,1,1.0
P08211,Commercial,Property,South,2026-08,1,1.0
P08212,Commercial,Property,South,2026-08,1,1.0
P08213,Commercial,Property,South,2026-08,1,1.0
P08214,Commercial,Property,South,2026-08,1,1.0
P08215,Commercial,Property,South,2026-08,1,1.0
P08216,Commercial,Property,South,2026-08,1,1.0
P08217,Commercial,Property,South,2026-08,1,1.0
P08218,Commercial,Property,South,2026-08,1,1.0
P08219,Commercial,Property,South,2026-08,1,1.0
P08220,Commercial,Property,South,2026-08,1,1.0
P08221,Commercial,Property,South,2026-08,1,1.0
P08222,Commercial,Property,South,2026-08,1,1.0
P08223,Commercial,Property,South,2026-08,1,1.0
P08224,Commercial,Property,South,2026-08,1,1.0
P08225,Commercial,Property,South,2026-08,1,1.0
P08226,Commercial,Property,South,2026-08,1,1.0
P08227,Commercial,Property,South,2026-08,1,1.0
P08228,Commercial,Property,South,2026-08,1,1.0
P08229,Commercial,Property,South,2026-08,1,1.0
P08230,Commercial,Property,South,2026-08,1,1.0
P08231,Commercial,Property,South,2026-08,1,1.0
P08232,Commercial,Property,South,2026-08,1,1.0
P08233,Commercial,Property,South,2026-08,1,1.0
P08234,Commercial,Property,South,2026-08,1,1.0
P08235,Commercial,Property,South,2026-08,1,1.0
P08236,Commercial,Property,South,2026-08,1,1.0
P08237,Commercial,Property,South,2026-08,1,1.0
P08238,Commercial,Property,South,2026-08,1,1.0
P08239,Commercial,Property,South,2026-08,1,1.0
P08240,Commercial,Property,South,2026-08,1,1.0
P08241,Commercial,Property,South,2026-08,1,1.0
P08242,Commercial,Property,South,2026-08,1,1.0
P08243,Commercial,Property,South,2026-08,1,1.0
P08244,Commercial,Property,South,2026-08,1,1.0
P08245,Commercial,Property,South,2026-08,1,1.0
P08246,Commercial,Property,South,2026-08,1,1.0
P08247,Commercial,Property,South,2026-08,1,1.0
P08248,Commercial,Property,South,2026-08,1,1.0
P08249,Commercial,Property,South,2026-08,1,1.0
P08250,Commercial,Property,South,2026-08,1,1.0
P08251,Commercial,Property,South,2026-08,1,1.0
P08252,Commercial,Property,South,2026-08,1,1.0
P08253,Commercial,Property,South,2026-08,1,1.0
P08254,Commercial,Property,South,2026-08,1,1.0
P08255,Commercial,Property,South,2026-08,1,1.0
P08256,Commercial,Property,South,2026-08,1,1.0
P08257,Commercial,Property,South,2026-08,1,1.0
P08258,Commercial,Property,South,2026-08,1,1.0
P08259,Commercial,Property,South,2026-08,1,1.0
P08260,Commercial,Property,South,2026-08,1,1.0
P08261,Commercial,Property,South,2026-08,1,1.0
P08262,Commercial,Property,South,2026-08,1,1.0
P08263,Commercial,Property,South,2026-08,1,1.0
P08264,Commercial,Property,South,2026-08,1,1.0
P08265,Commercial,Property,South,2026-08,1,1.0
P08266,Commercial,Property,South,2026-08,1,1.0
P08267,Commercial,Property,South,2026-08,1,1.0
P08268,Commercial,Property,South,2026-08,1,1.0
P08269,Commercial,Property,South,2026-08,1,1.0
P08270,Commercial,Property,South,2026-08,1,1.0
P08271,Commercial,Property,South,2026-08,1,1.0
P08272,Commercial,Property,South,2026-08,1,1.0
P08273,Commercial,Property,South,2026-08,1,1.0
P08274,Commercial,Property,South,2026-08,1,1.0
P08275,Commercial,Property,South,2026-08,1,1.0
P08276,Commercial,Property,South,2026-08,1,1.0
P08277,Commercial,Property,South,2026-08,1,1.0
P08278,Commercial,Property,South,2026-08,1,1.0
P08279,Commercial,Property,South,2026-08,1,1.0
P08280,Commercial,Property,South,2026-08,1,1.0
P08281,Commercial,Property,South,2026-08,1,1.0
P08282,Commercial,Property,South,2026-08,1,1.0
P08283,Commercial,Property,South,2026-08,1,1.0
P08284,Commercial,Property,South,2026-08,1,1.0
P08285,Commercial,Property,South,2026-08,1,1.0
P08286,Commercial,Property,South,2026-08,1,1.0
P08287,Commercial,Property,South,2026-08,1,1.0
P08288,Commercial,Property,South,2026-08,1,1.0
P08289,Commercial,Property,South,2026-08,1,1.0
P08290,Commercial,Property,South,2026-08,1,1.0
P08291,Commercial,Property,South,2026-08,1,1.0
P08292,Commercial,Property,South,2026-08,1,1.0
P08293,Commercial,Property,South,2026-08,1,1.0
P08294,Commercial,Property,East,2026-08,1,1.0
P08295,Commercial,Property,East,2026-08,1,1.0
P08296,Commercial,Property,East,2026-08,1,1.0
P08297,Commercial,Property,East,2026-08,1,1.0
P08298,Commercial,Property,East,2026-08,1,1.0
P08299,Commercial,Property,East,2026-08,1,1.0
P08300,Commercial,Property,East,2026-08,1,1.0
P08301,Commercial,Property,East,2026-08,1,1.0
P08302,Commercial,Property,East,2026-08,1,1.0
P08303,Commercial,Property,East,2026-08,1,1.0
P08304,Commercial,Property,East,2026-08,1,1.0
P08305,Commercial,Property,East,2026-08,1,1.0
P08306,Commercial,Property,East,2026-08,1,1.0
P08307,Commercial,Property,East,2026-08,1,1.0
P08308,Commercial,Property,East,2026-08,1,1.0
P08309,Commercial,Property,East,2026-08,1,1.0
P08310,Commercial,Property,East,2026-08,1,1.0
P08311,Commercial,Property,East,2026-08,1,1.0
P08312,Commercial,Property,East,2026-08,1,1.0
P08313,Commercial,Property,East,2026-08,1,1.0
P08314,Commercial,Property,East,2026-08,1,1.0
P08315,Commercial,Property,East,2026-08,1,1.0
P08316,Commercial,Property,East,2026-08,1,1.0
P08317,Commercial,Property,East,2026-08,1,1.0
P08318,Commercial,Property,East,2026-08,1,1.0
P08319,Commercial,Property,East,2026-08,1,1.0
P08320,Commercial,Property,East,2026-08,1,1.0
P08321,Commercial,Property,East,2026-08,1,1.0
P08322,Commercial,Property,East,2026-08,1,1.0
P08323,Commercial,Property,East,2026-08,1,1.0
P08324,Commercial,Property,East,2026-08,1,1.0
P08325,Commercial,Property,East,2026-08,1,1.0
P08326,Commercial,Property,East,2026-08,1,1.0
P08327,Commercial,Property,East,2026-08,1,1.0
P08328,Commercial,Property,East,2026-08,1,1.0
P08329,Commercial,Property,East,2026-08,1,1.0
P08330,Commercial,Property,East,2026-08,1,1.0
P08331,Commercial,Property,East,2026-08,1,1.0
P08332,Commercial,Property,East,2026-08,1,1.0
P08333,Commercial,Property,East,2026-08,1,1.0
P08334,Commercial,Property,East,2026-08,1,1.0
P08335,Commercial,Property,East,2026-08,1,1.0
P08336,Commercial,Property,East,2026-08,1,1.0
P08337,Commercial,Property,East,2026-08,1,1.0
P08338,Commercial,Property,East,2026-08,1,1.0
P08339,Commercial,Property,East,2026-08,1,1.0
P08340,Commercial,Property,East,2026-08,1,1.0
P08341,Commercial,Property,East,2026-08,1,1.0
P08342,Commercial,Property,East,2026-08,1,1.0
P08343,Commercial,Property,East,2026-08,1,1.0
P08344,Commercial,Property,East,2026-08,1,1.0
P08345,Commercial,Property,East,2026-08,1,1.0
P08346,Commercial,Property,East,2026-08,1,1.0
P08347,Commercial,Property,East,2026-08,1,1.0
P08348,Commercial,Property,East,2026-08,1,1.0
P08349,Commercial,Property,East,2026-08,1,1.0
P08350,Commercial,Property,East,2026-08,1,1.0
P08351,Commercial,Property,East,2026-08,1,1.0
P08352,Commercial,Property,East,2026-08,1,1.0
P08353,Commercial,Property,East,2026-08,1,1.0
P08354,Commercial,Property,East,2026-08,1,1.0
P08355,Commercial,Property,East,2026-08,1,1.0
P08356,Commercial,Property,East,2026-08,1,1.0
P08357,Commercial,Property,East,2026-08,1,1.0
P08358,Commercial,Property,East,2026-08,1,1.0
P08359,Commercial,Property,East,2026-08,1,1.0
P08360,Commercial,Property,East,2026-08,1,1.0
P08361,Commercial,Property,East,2026-08,1,1.0
P08362,Commercial,Property,East,2026-08,1,1.0
P08363,Commercial,Property,East,2026-08,1,1.0
P08364,Commercial,Property,East,2026-08,1,1.0
P08365,Commercial,Property,East,2026-08,1,1.0
P08366,Commercial,Property,East,2026-08,1,1.0
P08367,Commercial,Property,East,2026-08,1,1.0
P08368,Commercial,Property,East,2026-08,1,1.0
P08369,Commercial,Property,East,2026-08,1,1.0
P08370,Commercial,Property,East,2026-08,1,1.0
P08371,Commercial,Property,East,2026-08,1,1.0
P08372,Commercial,Property,East,2026-08,1,1.0
P08373,Commercial,Property,East,2026-08,1,1.0
P08374,Commercial,Property,East,2026-08,1,1.0
P08375,Commercial,Property,East,2026-08,1,1.0
P08376,Commercial,Property,East,2026-08,1,1.0
P08377,Commercial,Property,East,2026-08,1,1.0
P08378,Commercial,Property,East,2026-08,1,1.0
P08379,Commercial,Property,East,2026-08,1,1.0
P08380,Commercial,Property,East,2026-08,1,1.0
P08381,Commercial,Property,East,2026-08,1,1.0
P08382,Commercial,Property,East,2026-08,1,1.0
P08383,Commercial,Property,East,2026-08,1,1.0
P08384,Commercial,Property,East,2026-08,1,1.0
P08385,Commercial,Property,East,2026-08,1,1.0
P08386,Commercial,Property,East,2026-08,1,1.0
P08387,Commercial,Property,East,2026-08,1,1.0
P08388,Commercial,Property,East,2026-08,1,1.0
P08389,Commercial,Property,East,2026-08,1,1.0
P08390,Commercial,Property,East,2026-08,1,1.0
P08391,Commercial,Property,East,2026-08,1,1.0
P08392,Commercial,Property,East,2026-08,1,1.0
P08393,Commercial,Property,East,2026-08,1,1.0
P08394,Commercial,Property,East,2026-08,1,1.0
P08395,Commercial,Property,East,2026-08,1,1.0
P08396,Commercial,Property,East,2026-08,1,1.0
P08397,Commercial,Property,East,2026-08,1,1.0
P08398,Commercial,Property,East,2026-08,1,1.0
P08399,Commercial,Property,East,2026-08,1,1.0
P08400,Commercial,Property,East,2026-08,1,1.0
P08401,Commercial,Property,East,2026-08,1,1.0
P08402,Commercial,Property,East,2026-08,1,1.0
P08403,Commercial,Property,East,2026-08,1,1.0
P08404,Commercial,Property,East,2026-08,1,1.0
P08405,Commercial,Property,East,2026-08,1,1.0
P08406,Commercial,Property,East,2026-08,1,1.0
P08407,Commercial,Property,East,2026-08,1,1.0
P08408,Commercial,Property,East,2026-08,1,1.0
P08409,Commercial,Property,East,2026-08,1,1.0
P08410,Commercial,Property,East,2026-08,1,1.0
P08411,Commercial,Property,East,2026-08,1,1.0
P08412,Commercial,Property,East,2026-08,1,1.0
P08413,Commercial,Property,East,2026-08,1,1.0
P08414,Commercial,Property,East,2026-08,1,1.0
P08415,Commercial,Property,East,2026-08,1,1.0
P08416,Commercial,Property,East,2026-08,1,1.0
P08417,Commercial,Property,East,2026-08,1,1.0
P08418,Commercial,Property,East,2026-08,1,1.0
P08419,Commercial,Property,East,2026-08,1,1.0
P08420,Commercial,Property,East,2026-08,1,1.0
P08421,Commercial,Property,East,2026-08,1,1.0
P08422,Commercial,Property,East,2026-08,1,1.0
P08423,Commercial,Property,East,2026-08,1,1.0
P08424,Commercial,Property,East,2026-08,1,1.0
P08425,Commercial,Property,East,2026-08,1,1.0
P08426,Commercial,Property,East,2026-08,1,1.0
P08427,Commercial,Property,East,2026-08,1,1.0
P08428,Commercial,Property,East,2026-08,1,1.0
P08429,Commercial,Property,East,2026-08,1,1.0
P08430,Commercial,Property,East,2026-08,1,1.0
P08431,Commercial,Property,East,2026-08,1,1.0
P08432,Commercial,Property,East,2026-08,1,1.0
P08433,Commercial,Property,East,2026-08,1,1.0
P08434,Commercial,Property,East,2026-08,1,1.0
P08435,Commercial,Property,West,2026-08,1,1.0
P08436,Commercial,Property,West,2026-08,1,1.0
P08437,Commercial,Property,West,2026-08,1,1.0
P08438,Commercial,Property,West,2026-08,1,1.0
P08439,Commercial,Property,West,2026-08,1,1.0
P08440,Commercial,Property,West,2026-08,1,1.0
P08441,Commercial,Property,West,2026-08,1,1.0
P08442,Commercial,Property,West,2026-08,1,1.0
P08443,Commercial,Property,West,2026-08,1,1.0
P08444,Commercial,Property,West,2026-08,1,1.0
P08445,Commercial,Property,West,2026-08,1,1.0
P08446,Commercial,Property,West,2026-08,1,1.0
P08447,Commercial,Property,West,2026-08,1,1.0
P08448,Commercial,Property,West,2026-08,1,1.0
P08449,Commercial,Property,West,2026-08,1,1.0
P08450,Commercial,Property,West,2026-08,1,1.0
P08451,Commercial,Property,West,2026-08,1,1.0
P08452,Commercial,Property,West,2026-08,1,1.0
P08453,Commercial,Property,West,2026-08,1,1.0
P08454,Commercial,Property,West,2026-08,1,1.0
P08455,Commercial,Property,West,2026-08,1,1.0
P08456,Commercial,Property,West,2026-08,1,1.0
P08457,Commercial,Property,West,2026-08,1,1.0
P08458,Commercial,Property,West,2026-08,1,1.0
P08459,Commercial,Property,West,2026-08,1,1.0
P08460,Commercial,Property,West,2026-08,1,1.0
P08461,Commercial,Property,West,2026-08,1,1.0
P08462,Commercial,Property,West,2026-08,1,1.0
P08463,Commercial,Property,West,2026-08,1,1.0
P08464,Commercial,Property,West,2026-08,1,1.0
P08465,Commercial,Property,West,2026-08,1,1.0
P08466,Commercial,Property,West,2026-08,1,1.0
P08467,Commercial,Property,West,2026-08,1,1.0
P08468,Commercial,Property,West,2026-08,1,1.0
P08469,Commercial,Property,West,2026-08,1,1.0
P08470,Commercial,Property,West,2026-08,1,1.0
P08471,Commercial,Property,West,2026-08,1,1.0
P08472,Commercial,Property,West,2026-08,1,1.0
P08473,Commercial,Property,West,2026-08,1,1.0
P08474,Commercial,Property,West,2026-08,1,1.0
P08475,Commercial,Property,West,2026-08,1,1.0
P08476,Commercial,Property,West,2026-08,1,1.0
P08477,Commercial,Property,West,2026-08,1,1.0
P08478,Commercial,Property,West,2026-08,1,1.0
P08479,Commercial,Property,West,2026-08,1,1.0
P08480,Commercial,Property,West,2026-08,1,1.0
P08481,Commercial,Property,West,2026-08,1,1.0
P08482,Commercial,Property,West,2026-08,1,1.0
P08483,Commercial,Property,West,2026-08,1,1.0
P08484,Commercial,Property,West,2026-08,1,1.0
P08485,Commercial,Property,West,2026-08,1,1.0
P08486,Commercial,Property,West,2026-08,1,1.0
P08487,Commercial,Property,West,2026-08,1,1.0
P08488,Commercial,Property,West,2026-08,1,1.0
P08489,Commercial,Property,West,2026-08,1,1.0
P08490,Commercial,Property,West,2026-08,1,1.0
P08491,Commercial,Property,West,2026-08,1,1.0
P08492,Commercial,Property,West,2026-08,1,1.0
P08493,Commercial,Property,West,2026-08,1,1.0
P08494,Commercial,Property,West,2026-08,1,1.0
P08495,Commercial,Property,West,2026-08,1,1.0
P08496,Commercial,Property,West,2026-08,1,1.0
P08497,Commercial,Property,West,2026-08,1,1.0
P08498,Commercial,Property,West,2026-08,1,1.0
P08499,Commercial,Property,West,2026-08,1,1.0
P08500,Commercial,Property,West,2026-08,1,1.0
P08501,Commercial,Property,West,2026-08,1,1.0
P08502,Commercial,Property,West,2026-08,1,1.0
P08503,Commercial,Property,West,2026-08,1,1.0
P08504,Commercial,Property,West,2026-08,1,1.0
P08505,Commercial,Property,West,2026-08,1,1.0
P08506,Commercial,Property,West,2026-08,1,1.0
P08507,Commercial,Property,West,2026-08,1,1.0
P08508,Commercial,Property,West,2026-08,1,1.0
P08509,Commercial,Property,West,2026-08,1,1.0
P08510,Commercial,Property,West,2026-08,1,1.0
P08511,Commercial,Property,West,2026-08,1,1.0
P08512,Commercial,Property,West,2026-08,1,1.0
P08513,Commercial,Property,West,2026-08,1,1.0
P08514,Commercial,Property,West,2026-08,1,1.0
P08515,Commercial,Property,West,2026-08,1,1.0
P08516,Commercial,Property,West,2026-08,1,1.0
P08517,Commercial,Property,West,2026-08,1,1.0
P08518,Commercial,Property,West,2026-08,1,1.0
P08519,Commercial,Property,West,2026-08,1,1.0
P08520,Commercial,Property,West,2026-08,1,1.0
P08521,Commercial,Property,West,2026-08,1,1.0
P08522,Commercial,Property,West,2026-08,1,1.0
P08523,Commercial,Property,West,2026-08,1,1.0
P08524,Commercial,Property,West,2026-08,1,1.0
P08525,Commercial,Property,West,2026-08,1,1.0
P08526,Commercial,Property,West,2026-08,1,1.0
P08527,Commercial,Property,West,2026-08,1,1.0
P08528,Commercial,Property,West,2026-08,1,1.0
P08529,Commercial,Property,West,2026-08,1,1.0
P08530,Commercial,Property,West,2026-08,1,1.0
P08531,Commercial,Property,West,2026-08,1,1.0
P08532,Commercial,Property,West,2026-08,1,1.0
P08533,Commercial,Property,West,2026-08,1,1.0
P08534,Commercial,Property,West,2026-08,1,1.0
P08535,Commercial,Property,West,2026-08,1,1.0
P08536,Commercial,Property,West,2026-08,1,1.0
P08537,Commercial,Property,West,2026-08,1,1.0
P08538,Commercial,Property,West,2026-08,1,1.0
P08539,Commercial,Property,West,2026-08,1,1.0
P08540,Commercial,Property,West,2026-08,1,1.0
P08541,Commercial,Property,West,2026-08,1,1.0
P08542,Commercial,Property,West,2026-08,1,1.0
P08543,Commercial,Property,West,2026-08,1,1.0
P08544,Commercial,Property,West,2026-08,1,1.0
P08545,Commercial,Property,West,2026-08,1,1.0
P08546,Commercial,Property,West,2026-08,1,1.0
P08547,Commercial,Property,West,2026-08,1,1.0
P08548,Commercial,Property,West,2026-08,1,1.0
P08549,Commercial,Property,West,2026-08,1,1.0
P08550,Commercial,Property,West,2026-08,1,1.0
P08551,Commercial,Property,West,2026-08,1,1.0
P08552,Commercial,Property,West,2026-08,1,1.0
P08553,Commercial,Property,West,2026-08,1,1.0
P08554,Commercial,Property,West,2026-08,1,1.0
P08555,Commercial,Property,West,2026-08,1,1.0
P08556,Commercial,Property,West,2026-08,1,1.0
P08557,Commercial,Property,West,2026-08,1,1.0
P08558,Commercial,Property,West,2026-08,1,1.0
P08559,Commercial,Property,West,2026-08,1,1.0
P08560,Commercial,Property,West,2026-08,1,1.0
P08561,Commercial,Property,West,2026-08,1,1.0
P08562,Commercial,Property,West,2026-08,1,1.0
P08563,Commercial,Property,West,2026-08,1,1.0
P08564,Commercial,Property,West,2026-08,1,1.0
P08565,Commercial,Property,West,2026-08,1,1.0
P08566,Commercial,Property,West,2026-08,1,1.0
P08567,Commercial,Property,West,2026-08,1,1.0
P08568,Commercial,Property,West,2026-08,1,1.0
P08569,Commercial,Property,West,2026-08,1,1.0
P08570,Commercial,Property,West,2026-08,1,1.0
P08571,Commercial,Property,West,2026-08,1,1.0
P08572,Commercial,Property,West,2026-08,1,1.0
P08573,Commercial,Property,West,2026-08,1,1.0
P08574,Commercial,Property,West,2026-08,1,1.0
P08575,Commercial,Property,West,2026-08,1,1.0
P08576,Commercial,Marine Cargo,West,2026-08,1,1.0
P08577,Commercial,Marine Cargo,West,2026-08,1,1.0
P08578,Commercial,Marine Cargo,West,2026-08,1,1.0
P08579,Motor,Motor,North,2026-08,1,1.0
P08580,Motor,Motor,North,2026-08,1,1.0
P08581,Motor,Motor,North,2026-08,1,1.0
P08582,Motor,Motor,North,2026-08,1,1.0
P08583,Motor,Motor,North,2026-08,1,1.0
P08584,Motor,Motor,North,2026-08,1,1.0
P08585,Motor,Motor,North,2026-08,1,1.0
P08586,Motor,Motor,North,2026-08,1,1.0
P08587,Motor,Motor,North,2026-08,1,1.0
P08588,Motor,Motor,North,2026-08,1,1.0
P08589,Motor,Motor,North,2026-08,1,1.0
P08590,Motor,Motor,North,2026-08,1,1.0
P08591,Motor,Motor,North,2026-08,1,1.0
P08592,Motor,Motor,North,2026-08,1,1.0
P08593,Motor,Motor,North,2026-08,1,1.0
P08594,Motor,Motor,North,2026-08,1,1.0
P08595,Motor,Motor,North,2026-08,1,1.0
P08596,Motor,Motor,North,2026-08,1,1.0
P08597,Motor,Motor,North,2026-08,1,1.0
P08598,Motor,Motor,North,2026-08,1,1.0
P08599,Motor,Motor,North,2026-08,1,1.0
P08600,Motor,Motor,North,2026-08,1,1.0
P08601,Motor,Motor,North,2026-08,1,1.0
P08602,Motor,Motor,North,2026-08,1,1.0
P08603,Motor,Motor,North,2026-08,1,1.0
P08604,Motor,Motor,North,2026-08,1,1.0
P08605,Motor,Motor,North,2026-08,1,1.0
P08606,Motor,Motor,North,2026-08,1,1.0
P08607,Motor,Motor,North,2026-08,1,1.0
P08608,Motor,Motor,North,2026-08,1,1.0
P08609,Motor,Motor,North,2026-08,1,1.0
P08610,Motor,Motor,North,2026-08,1,1.0
P08611,Motor,Motor,North,2026-08,1,1.0
P08612,Motor,Motor,North,2026-08,1,1.0
P08613,Motor,Motor,North,2026-08,1,1.0
P08614,Motor,Motor,North,2026-08,1,1.0
P08615,Motor,Motor,North,2026-08,1,1.0
P08616,Motor,Motor,North,2026-08,1,1.0
P08617,Motor,Motor,North,2026-08,1,1.0
P08618,Motor,Motor,North,2026-08,1,1.0
P08619,Motor,Motor,North,2026-08,1,1.0
P08620,Motor,Motor,North,2026-08,1,1.0
P08621,Motor,Motor,North,2026-08,1,1.0
P08622,Motor,Motor,North,2026-08,1,1.0
P08623,Motor,Motor,North,2026-08,1,1.0
P08624,Motor,Motor,North,2026-08,1,1.0
P08625,Motor,Motor,North,2026-08,1,1.0
P08626,Motor,Motor,North,2026-08,1,1.0
P08627,Motor,Motor,North,2026-08,1,1.0
P08628,Motor,Motor,North,2026-08,1,1.0
P08629,Motor,Motor,North,2026-08,1,1.0
P08630,Motor,Motor,North,2026-08,1,1.0
P08631,Motor,Motor,North,2026-08,1,1.0
P08632,Motor,Motor,North,2026-08,1,1.0
P08633,Motor,Motor,North,2026-08,1,1.0
P08634,Motor,Motor,North,2026-08,1,1.0
P08635,Motor,Motor,North,2026-08,1,1.0
P08636,Motor,Motor,North,2026-08,1,1.0
P08637,Motor,Motor,North,2026-08,1,1.0
P08638,Motor,Motor,North,2026-08,1,1.0
P08639,Motor,Motor,North,2026-08,1,1.0
P08640,Motor,Motor,North,2026-08,1,1.0
P08641,Motor,Motor,North,2026-08,1,1.0
P08642,Motor,Motor,North,2026-08,1,1.0
P08643,Motor,Motor,North,2026-08,1,1.0
P08644,Motor,Motor,North,2026-08,1,1.0
P08645,Motor,Motor,North,2026-08,1,1.0
P08646,Motor,Motor,North,2026-08,1,1.0
P08647,Motor,Motor,North,2026-08,1,1.0
P08648,Motor,Motor,North,2026-08,1,1.0
P08649,Motor,Motor,North,2026-08,1,1.0
P08650,Motor,Motor,North,2026-08,1,1.0
P08651,Motor,Motor,North,2026-08,1,1.0
P08652,Motor,Motor,North,2026-08,1,1.0
P08653,Motor,Motor,North,2026-08,1,1.0
P08654,Motor,Motor,North,2026-08,1,1.0
P08655,Motor,Motor,North,2026-08,1,1.0
P08656,Motor,Motor,North,2026-08,1,1.0
P08657,Motor,Motor,North,2026-08,1,1.0
P08658,Motor,Motor,North,2026-08,1,1.0
P08659,Motor,Motor,North,2026-08,1,1.0
P08660,Motor,Motor,North,2026-08,1,1.0
P08661,Motor,Motor,North,2026-08,1,1.0
P08662,Motor,Motor,North,2026-08,1,1.0
P08663,Motor,Motor,North,2026-08,1,1.0
P08664,Motor,Motor,North,2026-08,1,1.0
P08665,Motor,Motor,North,2026-08,1,1.0
P08666,Motor,Motor,North,2026-08,1,1.0
P08667,Motor,Motor,North,2026-08,1,1.0
P08668,Motor,Motor,North,2026-08,1,1.0
P08669,Motor,Motor,North,2026-08,1,1.0
P08670,Motor,Motor,North,2026-08,1,1.0
P08671,Motor,Motor,North,2026-08,1,1.0
P08672,Motor,Motor,North,2026-08,1,1.0
P08673,Motor,Motor,North,2026-08,1,1.0
P08674,Motor,Motor,North,2026-08,1,1.0
P08675,Motor,Motor,North,2026-08,1,1.0
P08676,Motor,Motor,North,2026-08,1,1.0
P08677,Motor,Motor,North,2026-08,1,1.0
P08678,Motor,Motor,North,2026-08,1,1.0
P08679,Motor,Motor,North,2026-08,1,1.0
P08680,Motor,Motor,North,2026-08,1,1.0
P08681,Motor,Motor,North,2026-08,1,1.0
P08682,Motor,Motor,North,2026-08,1,1.0
P08683,Motor,Motor,North,2026-08,1,1.0
P08684,Motor,Motor,North,2026-08,1,1.0
P08685,Motor,Motor,North,2026-08,1,1.0
P08686,Motor,Motor,North,2026-08,1,1.0
P08687,Motor,Motor,North,2026-08,1,1.0
P08688,Motor,Motor,North,2026-08,1,1.0
P08689,Motor,Motor,North,2026-08,1,1.0
P08690,Motor,Motor,North,2026-08,1,1.0
P08691,Motor,Motor,North,2026-08,1,1.0
P08692,Motor,Motor,North,2026-08,1,1.0
P08693,Motor,Motor,North,2026-08,1,1.0
P08694,Motor,Motor,North,2026-08,1,1.0
P08695,Motor,Motor,North,2026-08,1,1.0
P08696,Motor,Motor,North,2026-08,1,1.0
P08697,Motor,Motor,North,2026-08,1,1.0
P08698,Motor,Motor,North,2026-08,1,1.0
P08699,Motor,Motor,North,2026-08,1,1.0
P08700,Motor,Motor,North,2026-08,1,1.0
P08701,Motor,Motor,North,2026-08,1,1.0
P08702,Motor,Motor,North,2026-08,1,1.0
P08703,Motor,Motor,North,2026-08,1,1.0
P08704,Motor,Motor,North,2026-08,1,1.0
P08705,Motor,Motor,North,2026-08,1,1.0
P08706,Motor,Motor,North,2026-08,1,1.0
P08707,Motor,Motor,North,2026-08,1,1.0
P08708,Motor,Motor,North,2026-08,1,1.0
P08709,Motor,Motor,North,2026-08,1,1.0
P08710,Motor,Motor,North,2026-08,1,1.0
P08711,Motor,Motor,North,2026-08,1,1.0
P08712,Motor,Motor,North,2026-08,1,1.0
P08713,Motor,Motor,North,2026-08,1,1.0
P08714,Motor,Motor,North,2026-08,1,1.0
P08715,Motor,Motor,North,2026-08,1,1.0
P08716,Motor,Motor,North,2026-08,1,1.0
P08717,Motor,Motor,North,2026-08,1,1.0
P08718,Motor,Motor,North,2026-08,1,1.0
P08719,Motor,Motor,North,2026-08,1,1.0
P08720,Motor,Motor,North,2026-08,1,1.0
P08721,Motor,Motor,North,2026-08,1,1.0
P08722,Motor,Motor,North,2026-08,1,1.0
P08723,Motor,Motor,North,2026-08,1,1.0
P08724,Motor,Motor,North,2026-08,1,1.0
P08725,Motor,Motor,North,2026-08,1,1.0
P08726,Motor,Motor,North,2026-08,1,1.0
P08727,Motor,Motor,North,2026-08,1,1.0
P08728,Motor,Motor,North,2026-08,1,1.0
P08729,Motor,Motor,North,2026-08,1,1.0
P08730,Motor,Motor,North,2026-08,1,1.0
P08731,Motor,Motor,North,2026-08,1,1.0
P08732,Motor,Motor,North,2026-08,1,1.0
P08733,Motor,Motor,North,2026-08,1,1.0
P08734,Motor,Motor,North,2026-08,1,1.0
P08735,Motor,Motor,North,2026-08,1,1.0
P08736,Motor,Motor,North,2026-08,1,1.0
P08737,Motor,Motor,North,2026-08,1,1.0
P08738,Motor,Motor,North,2026-08,1,1.0
P08739,Motor,Motor,North,2026-08,1,1.0
P08740,Motor,Motor,North,2026-08,1,1.0
P08741,Motor,Motor,North,2026-08,1,1.0
P08742,Motor,Motor,North,2026-08,1,1.0
P08743,Motor,Motor,North,2026-08,1,1.0
P08744,Motor,Motor,North,2026-08,1,1.0
P08745,Motor,Motor,North,2026-08,1,1.0
P08746,Motor,Motor,North,2026-08,1,1.0
P08747,Motor,Motor,North,2026-08,1,1.0
P08748,Motor,Motor,North,2026-08,1,1.0
P08749,Motor,Motor,North,2026-08,1,1.0
P08750,Motor,Motor,North,2026-08,1,1.0
P08751,Motor,Motor,North,2026-08,1,1.0
P08752,Motor,Motor,North,2026-08,1,1.0
P08753,Motor,Motor,North,2026-08,1,1.0
P08754,Motor,Motor,North,2026-08,1,1.0
P08755,Motor,Motor,North,2026-08,1,1.0
P08756,Motor,Motor,North,2026-08,1,1.0
P08757,Motor,Motor,North,2026-08,1,1.0
P08758,Motor,Motor,North,2026-08,1,1.0
P08759,Motor,Motor,North,2026-08,1,1.0
P08760,Motor,Motor,North,2026-08,1,1.0
P08761,Motor,Motor,North,2026-08,1,1.0
P08762,Motor,Motor,North,2026-08,1,1.0
P08763,Motor,Motor,North,2026-08,1,1.0
P08764,Motor,Motor,North,2026-08,1,1.0
P08765,Motor,Motor,North,2026-08,1,1.0
P08766,Motor,Motor,North,2026-08,1,1.0
P08767,Motor,Motor,North,2026-08,1,1.0
P08768,Motor,Motor,North,2026-08,1,1.0
P08769,Motor,Motor,North,2026-08,1,1.0
P08770,Motor,Motor,North,2026-08,1,1.0
P08771,Motor,Motor,North,2026-08,1,1.0
P08772,Motor,Motor,North,2026-08,1,1.0
P08773,Motor,Motor,North,2026-08,1,1.0
P08774,Motor,Motor,North,2026-08,1,1.0
P08775,Motor,Motor,North,2026-08,1,1.0
P08776,Motor,Motor,North,2026-08,1,1.0
P08777,Motor,Motor,North,2026-08,1,1.0
P08778,Motor,Motor,North,2026-08,1,1.0
P08779,Motor,Motor,North,2026-08,1,1.0
P08780,Motor,Motor,North,2026-08,1,1.0
P08781,Motor,Motor,North,2026-08,1,1.0
P08782,Motor,Motor,North,2026-08,1,1.0
P08783,Motor,Motor,North,2026-08,1,1.0
P08784,Motor,Motor,North,2026-08,1,1.0
P08785,Motor,Motor,North,2026-08,1,1.0
P08786,Motor,Motor,North,2026-08,1,1.0
P08787,Motor,Motor,North,2026-08,1,1.0
P08788,Motor,Motor,North,2026-08,1,1.0
P08789,Motor,Motor,North,2026-08,1,1.0
P08790,Motor,Motor,North,2026-08,1,1.0
P08791,Motor,Motor,North,2026-08,1,1.0
P08792,Motor,Motor,North,2026-08,1,1.0
P08793,Motor,Motor,North,2026-08,1,1.0
P08794,Motor,Motor,North,2026-08,1,1.0
P08795,Motor,Motor,North,2026-08,1,1.0
P08796,Motor,Motor,North,2026-08,1,1.0
P08797,Motor,Motor,North,2026-08,1,1.0
P08798,Motor,Motor,North,2026-08,1,1.0
P08799,Motor,Motor,North,2026-08,1,1.0
P08800,Motor,Motor,North,2026-08,1,1.0
P08801,Motor,Motor,North,2026-08,1,1.0
P08802,Motor,Motor,North,2026-08,1,1.0
P08803,Motor,Motor,North,2026-08,1,1.0
P08804,Motor,Motor,North,2026-08,1,1.0
P08805,Motor,Motor,North,2026-08,1,1.0
P08806,Motor,Motor,North,2026-08,1,1.0
P08807,Motor,Motor,North,2026-08,1,1.0
P08808,Motor,Motor,North,2026-08,1,1.0
P08809,Motor,Motor,North,2026-08,1,1.0
P08810,Motor,Motor,North,2026-08,1,1.0
P08811,Motor,Motor,North,2026-08,1,1.0
P08812,Motor,Motor,North,2026-08,1,1.0
P08813,Motor,Motor,North,2026-08,1,1.0
P08814,Motor,Motor,North,2026-08,1,1.0
P08815,Motor,Motor,North,2026-08,1,1.0
P08816,Motor,Motor,North,2026-08,1,1.0
P08817,Motor,Motor,North,2026-08,1,1.0
P08818,Motor,Motor,North,2026-08,1,1.0
P08819,Motor,Motor,North,2026-08,1,1.0
P08820,Motor,Motor,North,2026-08,1,1.0
P08821,Motor,Motor,North,2026-08,1,1.0
P08822,Motor,Motor,North,2026-08,1,1.0
P08823,Motor,Motor,North,2026-08,1,1.0
P08824,Motor,Motor,North,2026-08,1,1.0
P08825,Motor,Motor,North,2026-08,1,1.0
P08826,Motor,Motor,North,2026-08,1,1.0
P08827,Motor,Motor,North,2026-08,1,1.0
P08828,Motor,Motor,North,2026-08,1,1.0
P08829,Motor,Motor,North,2026-08,1,1.0
P08830,Motor,Motor,North,2026-08,1,1.0
P08831,Motor,Motor,North,2026-08,1,1.0
P08832,Motor,Motor,North,2026-08,1,1.0
P08833,Motor,Motor,North,2026-08,1,1.0
P08834,Motor,Motor,North,2026-08,1,1.0
P08835,Motor,Motor,North,2026-08,1,1.0
P08836,Motor,Motor,North,2026-08,1,1.0
P08837,Motor,Motor,North,2026-08,1,1.0
P08838,Motor,Motor,North,2026-08,1,1.0
P08839,Motor,Motor,North,2026-08,1,1.0
P08840,Motor,Motor,North,2026-08,1,1.0
P08841,Motor,Motor,North,2026-08,1,1.0
P08842,Motor,Motor,North,2026-08,1,1.0
P08843,Motor,Motor,North,2026-08,1,1.0
P08844,Motor,Motor,North,2026-08,1,1.0
P08845,Motor,Motor,North,2026-08,1,1.0
P08846,Motor,Motor,North,2026-08,1,1.0
P08847,Motor,Motor,North,2026-08,1,1.0
P08848,Motor,Motor,North,2026-08,1,1.0
P08849,Motor,Motor,North,2026-08,1,1.0
P08850,Motor,Motor,North,2026-08,1,1.0
P08851,Motor,Motor,North,2026-08,1,1.0
P08852,Motor,Motor,North,2026-08,1,1.0
P08853,Motor,Motor,North,2026-08,1,1.0
P08854,Motor,Motor,North,2026-08,1,1.0
P08855,Motor,Motor,North,2026-08,1,1.0
P08856,Motor,Motor,North,2026-08,1,1.0
P08857,Motor,Motor,North,2026-08,1,1.0
P08858,Motor,Motor,North,2026-08,1,1.0
P08859,Motor,Motor,North,2026-08,1,1.0
P08860,Motor,Motor,North,2026-08,1,1.0
P08861,Motor,Motor,North,2026-08,1,1.0
P08862,Motor,Motor,North,2026-08,1,1.0
P08863,Motor,Motor,North,2026-08,1,1.0
P08864,Motor,Motor,North,2026-08,1,1.0
P08865,Motor,Motor,North,2026-08,1,1.0
P08866,Motor,Motor,North,2026-08,1,1.0
P08867,Motor,Motor,North,2026-08,1,1.0
P08868,Motor,Motor,North,2026-08,1,1.0
P08869,Motor,Motor,North,2026-08,1,1.0
P08870,Motor,Motor,North,2026-08,1,1.0
P08871,Motor,Motor,North,2026-08,1,1.0
P08872,Motor,Motor,North,2026-08,1,1.0
P08873,Motor,Motor,North,2026-08,1,1.0
P08874,Motor,Motor,North,2026-08,1,1.0
P08875,Motor,Motor,North,2026-08,1,1.0
P08876,Motor,Motor,North,2026-08,1,1.0
P08877,Motor,Motor,North,2026-08,1,1.0
P08878,Motor,Motor,North,2026-08,1,1.0
P08879,Motor,Motor,North,2026-08,1,1.0
P08880,Motor,Motor,North,2026-08,1,1.0
P08881,Motor,Motor,North,2026-08,1,1.0
P08882,Motor,Motor,North,2026-08,1,1.0
P08883,Motor,Motor,North,2026-08,1,1.0
P08884,Motor,Motor,North,2026-08,1,1.0
P08885,Motor,Motor,North,2026-08,1,1.0
P08886,Motor,Motor,North,2026-08,1,1.0
P08887,Motor,Motor,North,2026-08,1,1.0
P08888,Motor,Motor,North,2026-08,1,1.0
P08889,Motor,Motor,North,2026-08,1,1.0
P08890,Motor,Motor,North,2026-08,1,1.0
P08891,Motor,Motor,North,2026-08,1,1.0
P08892,Motor,Motor,North,2026-08,1,1.0
P08893,Motor,Motor,North,2026-08,1,1.0
P08894,Motor,Motor,North,2026-08,1,1.0
P08895,Motor,Motor,North,2026-08,1,1.0
P08896,Motor,Motor,North,2026-08,1,1.0
P08897,Motor,Motor,North,2026-08,1,1.0
P08898,Motor,Motor,North,2026-08,1,1.0
P08899,Motor,Motor,North,2026-08,1,1.0
P08900,Motor,Motor,North,2026-08,1,1.0
P08901,Motor,Motor,North,2026-08,1,1.0
P08902,Motor,Motor,North,2026-08,1,1.0
P08903,Motor,Motor,North,2026-08,1,1.0
P08904,Motor,Motor,North,2026-08,1,1.0
P08905,Motor,Motor,North,2026-08,1,1.0
P08906,Motor,Motor,North,2026-08,1,1.0
P08907,Motor,Motor,North,2026-08,1,1.0
P08908,Motor,Motor,North,2026-08,1,1.0
P08909,Motor,Motor,North,2026-08,1,1.0
P08910,Motor,Motor,North,2026-08,1,1.0
P08911,Motor,Motor,North,2026-08,1,1.0
P08912,Motor,Motor,North,2026-08,1,1.0
P08913,Motor,Motor,North,2026-08,1,1.0
P08914,Motor,Motor,North,2026-08,1,1.0
P08915,Motor,Motor,North,2026-08,1,1.0
P08916,Motor,Motor,North,2026-08,1,1.0
P08917,Motor,Motor,North,2026-08,1,1.0
P08918,Motor,Motor,North,2026-08,1,1.0
P08919,Motor,Motor,North,2026-08,1,1.0
P08920,Motor,Motor,North,2026-08,1,1.0
P08921,Motor,Motor,North,2026-08,1,1.0
P08922,Motor,Motor,North,2026-08,1,1.0
P08923,Motor,Motor,North,2026-08,1,1.0
P08924,Motor,Motor,North,2026-08,1,1.0
P08925,Motor,Motor,North,2026-08,1,1.0
P08926,Motor,Motor,North,2026-08,1,1.0
P08927,Motor,Motor,North,2026-08,1,1.0
P08928,Motor,Motor,North,2026-08,1,1.0
P08929,Motor,Motor,North,2026-08,1,1.0
P08930,Motor,Motor,North,2026-08,1,1.0
P08931,Motor,Motor,North,2026-08,1,1.0
P08932,Motor,Motor,North,2026-08,1,1.0
P08933,Motor,Motor,North,2026-08,1,1.0
P08934,Motor,Motor,North,2026-08,1,1.0
P08935,Motor,Motor,North,2026-08,1,1.0
P08936,Motor,Motor,North,2026-08,1,1.0
P08937,Motor,Motor,North,2026-08,1,1.0
P08938,Motor,Motor,North,2026-08,1,1.0
P08939,Motor,Motor,North,2026-08,1,1.0
P08940,Motor,Motor,North,2026-08,1,1.0
P08941,Motor,Motor,North,2026-08,1,1.0
P08942,Motor,Motor,North,2026-08,1,1.0
P08943,Motor,Motor,North,2026-08,1,1.0
P08944,Motor,Motor,North,2026-08,1,1.0
P08945,Motor,Motor,North,2026-08,1,1.0
P08946,Motor,Motor,North,2026-08,1,1.0
P08947,Motor,Motor,North,2026-08,1,1.0
P08948,Motor,Motor,North,2026-08,1,1.0
P08949,Motor,Motor,North,2026-08,1,1.0
P08950,Motor,Motor,North,2026-08,1,1.0
P08951,Motor,Motor,North,2026-08,1,1.0
P08952,Motor,Motor,North,2026-08,1,1.0
P08953,Motor,Motor,North,2026-08,1,1.0
P08954,Motor,Motor,North,2026-08,1,1.0
P08955,Motor,Motor,North,2026-08,1,1.0
P08956,Motor,Motor,North,2026-08,1,1.0
P08957,Motor,Motor,North,2026-08,1,1.0
P08958,Motor,Motor,North,2026-08,1,1.0
P08959,Motor,Motor,North,2026-08,1,1.0
P08960,Motor,Motor,North,2026-08,1,1.0
P08961,Motor,Motor,North,2026-08,1,1.0
P08962,Motor,Motor,North,2026-08,1,1.0
P08963,Motor,Motor,North,2026-08,1,1.0
P08964,Motor,Motor,North,2026-08,1,1.0
P08965,Motor,Motor,North,2026-08,1,1.0
P08966,Motor,Motor,North,2026-08,1,1.0
P08967,Motor,Motor,North,2026-08,1,1.0
P08968,Motor,Motor,North,2026-08,1,1.0
P08969,Motor,Motor,North,2026-08,1,1.0
P08970,Motor,Motor,North,2026-08,1,1.0
P08971,Motor,Motor,North,2026-08,1,1.0
P08972,Motor,Motor,North,2026-08,1,1.0
P08973,Motor,Motor,North,2026-08,1,1.0
P08974,Motor,Motor,North,2026-08,1,1.0
P08975,Motor,Motor,North,2026-08,1,1.0
P08976,Motor,Motor,North,2026-08,1,1.0
P08977,Motor,Motor,North,2026-08,1,1.0
P08978,Motor,Motor,North,2026-08,1,1.0
P08979,Motor,Motor,North,2026-08,1,1.0
P08980,Motor,Motor,North,2026-08,1,1.0
P08981,Motor,Motor,North,2026-08,1,1.0
P08982,Motor,Motor,North,2026-08,1,1.0
P08983,Motor,Motor,North,2026-08,1,1.0
P08984,Motor,Motor,North,2026-08,1,1.0
P08985,Motor,Motor,North,2026-08,1,1.0
P08986,Motor,Motor,North,2026-08,1,1.0
P08987,Motor,Motor,North,2026-08,1,1.0
P08988,Motor,Motor,North,2026-08,1,1.0
P08989,Motor,Motor,North,2026-08,1,1.0
P08990,Motor,Motor,North,2026-08,1,1.0
P08991,Motor,Motor,North,2026-08,1,1.0
P08992,Motor,Motor,North,2026-08,1,1.0
P08993,Motor,Motor,North,2026-08,1,1.0
P08994,Motor,Motor,North,2026-08,1,1.0
P08995,Motor,Motor,North,2026-08,1,1.0
P08996,Motor,Motor,North,2026-08,1,1.0
P08997,Motor,Motor,North,2026-08,1,1.0
P08998,Motor,Motor,North,2026-08,1,1.0
P08999,Motor,Motor,North,2026-08,1,1.0
P09000,Motor,Motor,North,2026-08,1,1.0
P09001,Motor,Motor,North,2026-08,1,1.0
P09002,Motor,Motor,North,2026-08,1,1.0
P09003,Motor,Motor,North,2026-08,1,1.0
P09004,Motor,Motor,North,2026-08,1,1.0
P09005,Motor,Motor,North,2026-08,1,1.0
P09006,Motor,Motor,North,2026-08,1,1.0
P09007,Motor,Motor,North,2026-08,1,1.0
P09008,Motor,Motor,North,2026-08,1,1.0
P09009,Motor,Motor,North,2026-08,1,1.0
P09010,Motor,Motor,North,2026-08,1,1.0
P09011,Motor,Motor,North,2026-08,1,1.0
P09012,Motor,Motor,North,2026-08,1,1.0
P09013,Motor,Motor,North,2026-08,1,1.0
P09014,Motor,Motor,North,2026-08,1,1.0
P09015,Motor,Motor,North,2026-08,1,1.0
P09016,Motor,Motor,North,2026-08,1,1.0
P09017,Motor,Motor,North,2026-08,1,1.0
P09018,Motor,Motor,North,2026-08,1,1.0
P09019,Motor,Motor,North,2026-08,1,1.0
P09020,Motor,Motor,North,2026-08,1,1.0
P09021,Motor,Motor,North,2026-08,1,1.0
P09022,Motor,Motor,North,2026-08,1,1.0
P09023,Motor,Motor,North,2026-08,1,1.0
P09024,Motor,Motor,North,2026-08,1,1.0
P09025,Motor,Motor,North,2026-08,1,1.0
P09026,Motor,Motor,North,2026-08,1,1.0
P09027,Motor,Motor,North,2026-08,1,1.0
P09028,Motor,Motor,North,2026-08,1,1.0
P09029,Motor,Motor,North,2026-08,1,1.0
P09030,Motor,Motor,South,2026-08,1,1.0
P09031,Motor,Motor,South,2026-08,1,1.0
P09032,Motor,Motor,South,2026-08,1,1.0
P09033,Motor,Motor,South,2026-08,1,1.0
P09034,Motor,Motor,South,2026-08,1,1.0
P09035,Motor,Motor,South,2026-08,1,1.0
P09036,Motor,Motor,South,2026-08,1,1.0
P09037,Motor,Motor,South,2026-08,1,1.0
P09038,Motor,Motor,South,2026-08,1,1.0
P09039,Motor,Motor,South,2026-08,1,1.0
P09040,Motor,Motor,South,2026-08,1,1.0
P09041,Motor,Motor,South,2026-08,1,1.0
P09042,Motor,Motor,South,2026-08,1,1.0
P09043,Motor,Motor,South,2026-08,1,1.0
P09044,Motor,Motor,South,2026-08,1,1.0
P09045,Motor,Motor,South,2026-08,1,1.0
P09046,Motor,Motor,South,2026-08,1,1.0
P09047,Motor,Motor,South,2026-08,1,1.0
P09048,Motor,Motor,South,2026-08,1,1.0
P09049,Motor,Motor,South,2026-08,1,1.0
P09050,Motor,Motor,South,2026-08,1,1.0
P09051,Motor,Motor,South,2026-08,1,1.0
P09052,Motor,Motor,South,2026-08,1,1.0
P09053,Motor,Motor,South,2026-08,1,1.0
P09054,Motor,Motor,South,2026-08,1,1.0
P09055,Motor,Motor,South,2026-08,1,1.0
P09056,Motor,Motor,South,2026-08,1,1.0
P09057,Motor,Motor,South,2026-08,1,1.0
P09058,Motor,Motor,South,2026-08,1,1.0
P09059,Motor,Motor,South,2026-08,1,1.0
P09060,Motor,Motor,South,2026-08,1,1.0
P09061,Motor,Motor,South,2026-08,1,1.0
P09062,Motor,Motor,South,2026-08,1,1.0
P09063,Motor,Motor,South,2026-08,1,1.0
P09064,Motor,Motor,South,2026-08,1,1.0
P09065,Motor,Motor,South,2026-08,1,1.0
P09066,Motor,Motor,South,2026-08,1,1.0
P09067,Motor,Motor,South,2026-08,1,1.0
P09068,Motor,Motor,South,2026-08,1,1.0
P09069,Motor,Motor,South,2026-08,1,1.0
P09070,Motor,Motor,South,2026-08,1,1.0
P09071,Motor,Motor,South,2026-08,1,1.0
P09072,Motor,Motor,South,2026-08,1,1.0
P09073,Motor,Motor,South,2026-08,1,1.0
P09074,Motor,Motor,South,2026-08,1,1.0
P09075,Motor,Motor,South,2026-08,1,1.0
P09076,Motor,Motor,South,2026-08,1,1.0
P09077,Motor,Motor,South,2026-08,1,1.0
P09078,Motor,Motor,South,2026-08,1,1.0
P09079,Motor,Motor,South,2026-08,1,1.0
P09080,Motor,Motor,South,2026-08,1,1.0
P09081,Motor,Motor,South,2026-08,1,1.0
P09082,Motor,Motor,South,2026-08,1,1.0
P09083,Motor,Motor,South,2026-08,1,1.0
P09084,Motor,Motor,South,2026-08,1,1.0
P09085,Motor,Motor,South,2026-08,1,1.0
P09086,Motor,Motor,South,2026-08,1,1.0
P09087,Motor,Motor,South,2026-08,1,1.0
P09088,Motor,Motor,South,2026-08,1,1.0
P09089,Motor,Motor,South,2026-08,1,1.0
P09090,Motor,Motor,South,2026-08,1,1.0
P09091,Motor,Motor,South,2026-08,1,1.0
P09092,Motor,Motor,South,2026-08,1,1.0
P09093,Motor,Motor,South,2026-08,1,1.0
P09094,Motor,Motor,South,2026-08,1,1.0
P09095,Motor,Motor,South,2026-08,1,1.0
P09096,Motor,Motor,South,2026-08,1,1.0
P09097,Motor,Motor,South,2026-08,1,1.0
P09098,Motor,Motor,South,2026-08,1,1.0
P09099,Motor,Motor,South,2026-08,1,1.0
P09100,Motor,Motor,South,2026-08,1,1.0
P09101,Motor,Motor,South,2026-08,1,1.0
P09102,Motor,Motor,South,2026-08,1,1.0
P09103,Motor,Motor,South,2026-08,1,1.0
P09104,Motor,Motor,South,2026-08,1,1.0
P09105,Motor,Motor,South,2026-08,1,1.0
P09106,Motor,Motor,South,2026-08,1,1.0
P09107,Motor,Motor,South,2026-08,1,1.0
P09108,Motor,Motor,South,2026-08,1,1.0
P09109,Motor,Motor,South,2026-08,1,1.0
P09110,Motor,Motor,South,2026-08,1,1.0
P09111,Motor,Motor,South,2026-08,1,1.0
P09112,Motor,Motor,South,2026-08,1,1.0
P09113,Motor,Motor,South,2026-08,1,1.0
P09114,Motor,Motor,South,2026-08,1,1.0
P09115,Motor,Motor,South,2026-08,1,1.0
P09116,Motor,Motor,South,2026-08,1,1.0
P09117,Motor,Motor,South,2026-08,1,1.0
P09118,Motor,Motor,South,2026-08,1,1.0
P09119,Motor,Motor,South,2026-08,1,1.0
P09120,Motor,Motor,South,2026-08,1,1.0
P09121,Motor,Motor,South,2026-08,1,1.0
P09122,Motor,Motor,South,2026-08,1,1.0
P09123,Motor,Motor,South,2026-08,1,1.0
P09124,Motor,Motor,South,2026-08,1,1.0
P09125,Motor,Motor,South,2026-08,1,1.0
P09126,Motor,Motor,South,2026-08,1,1.0
P09127,Motor,Motor,South,2026-08,1,1.0
P09128,Motor,Motor,South,2026-08,1,1.0
P09129,Motor,Motor,South,2026-08,1,1.0
P09130,Motor,Motor,South,2026-08,1,1.0
P09131,Motor,Motor,South,2026-08,1,1.0
P09132,Motor,Motor,South,2026-08,1,1.0
P09133,Motor,Motor,South,2026-08,1,1.0
P09134,Motor,Motor,South,2026-08,1,1.0
P09135,Motor,Motor,South,2026-08,1,1.0
P09136,Motor,Motor,South,2026-08,1,1.0
P09137,Motor,Motor,South,2026-08,1,1.0
P09138,Motor,Motor,South,2026-08,1,1.0
P09139,Motor,Motor,South,2026-08,1,1.0
P09140,Motor,Motor,South,2026-08,1,1.0
P09141,Motor,Motor,South,2026-08,1,1.0
P09142,Motor,Motor,South,2026-08,1,1.0
P09143,Motor,Motor,South,2026-08,1,1.0
P09144,Motor,Motor,South,2026-08,1,1.0
P09145,Motor,Motor,South,2026-08,1,1.0
P09146,Motor,Motor,South,2026-08,1,1.0
P09147,Motor,Motor,South,2026-08,1,1.0
P09148,Motor,Motor,South,2026-08,1,1.0
P09149,Motor,Motor,South,2026-08,1,1.0
P09150,Motor,Motor,South,2026-08,1,1.0
P09151,Motor,Motor,South,2026-08,1,1.0
P09152,Motor,Motor,South,2026-08,1,1.0
P09153,Motor,Motor,South,2026-08,1,1.0
P09154,Motor,Motor,South,2026-08,1,1.0
P09155,Motor,Motor,South,2026-08,1,1.0
P09156,Motor,Motor,South,2026-08,1,1.0
P09157,Motor,Motor,South,2026-08,1,1.0
P09158,Motor,Motor,South,2026-08,1,1.0
P09159,Motor,Motor,South,2026-08,1,1.0
P09160,Motor,Motor,South,2026-08,1,1.0
P09161,Motor,Motor,South,2026-08,1,1.0
P09162,Motor,Motor,South,2026-08,1,1.0
P09163,Motor,Motor,South,2026-08,1,1.0
P09164,Motor,Motor,South,2026-08,1,1.0
P09165,Motor,Motor,South,2026-08,1,1.0
P09166,Motor,Motor,South,2026-08,1,1.0
P09167,Motor,Motor,South,2026-08,1,1.0
P09168,Motor,Motor,South,2026-08,1,1.0
P09169,Motor,Motor,South,2026-08,1,1.0
P09170,Motor,Motor,South,2026-08,1,1.0
P09171,Motor,Motor,South,2026-08,1,1.0
P09172,Motor,Motor,South,2026-08,1,1.0
P09173,Motor,Motor,South,2026-08,1,1.0
P09174,Motor,Motor,South,2026-08,1,1.0
P09175,Motor,Motor,South,2026-08,1,1.0
P09176,Motor,Motor,South,2026-08,1,1.0
P09177,Motor,Motor,South,2026-08,1,1.0
P09178,Motor,Motor,South,2026-08,1,1.0
P09179,Motor,Motor,South,2026-08,1,1.0
P09180,Motor,Motor,South,2026-08,1,1.0
P09181,Motor,Motor,South,2026-08,1,1.0
P09182,Motor,Motor,South,2026-08,1,1.0
P09183,Motor,Motor,South,2026-08,1,1.0
P09184,Motor,Motor,South,2026-08,1,1.0
P09185,Motor,Motor,South,2026-08,1,1.0
P09186,Motor,Motor,South,2026-08,1,1.0
P09187,Motor,Motor,South,2026-08,1,1.0
P09188,Motor,Motor,South,2026-08,1,1.0
P09189,Motor,Motor,South,2026-08,1,1.0
P09190,Motor,Motor,South,2026-08,1,1.0
P09191,Motor,Motor,South,2026-08,1,1.0
P09192,Motor,Motor,South,2026-08,1,1.0
P09193,Motor,Motor,South,2026-08,1,1.0
P09194,Motor,Motor,South,2026-08,1,1.0
P09195,Motor,Motor,South,2026-08,1,1.0
P09196,Motor,Motor,South,2026-08,1,1.0
P09197,Motor,Motor,South,2026-08,1,1.0
P09198,Motor,Motor,South,2026-08,1,1.0
P09199,Motor,Motor,South,2026-08,1,1.0
P09200,Motor,Motor,South,2026-08,1,1.0
P09201,Motor,Motor,South,2026-08,1,1.0
P09202,Motor,Motor,South,2026-08,1,1.0
P09203,Motor,Motor,South,2026-08,1,1.0
P09204,Motor,Motor,South,2026-08,1,1.0
P09205,Motor,Motor,South,2026-08,1,1.0
P09206,Motor,Motor,South,2026-08,1,1.0
P09207,Motor,Motor,South,2026-08,1,1.0
P09208,Motor,Motor,South,2026-08,1,1.0
P09209,Motor,Motor,South,2026-08,1,1.0
P09210,Motor,Motor,South,2026-08,1,1.0
P09211,Motor,Motor,South,2026-08,1,1.0
P09212,Motor,Motor,South,2026-08,1,1.0
P09213,Motor,Motor,South,2026-08,1,1.0
P09214,Motor,Motor,South,2026-08,1,1.0
P09215,Motor,Motor,South,2026-08,1,1.0
P09216,Motor,Motor,South,2026-08,1,1.0
P09217,Motor,Motor,South,2026-08,1,1.0
P09218,Motor,Motor,South,2026-08,1,1.0
P09219,Motor,Motor,South,2026-08,1,1.0
P09220,Motor,Motor,South,2026-08,1,1.0
P09221,Motor,Motor,South,2026-08,1,1.0
P09222,Motor,Motor,South,2026-08,1,1.0
P09223,Motor,Motor,South,2026-08,1,1.0
P09224,Motor,Motor,South,2026-08,1,1.0
P09225,Motor,Motor,South,2026-08,1,1.0
P09226,Motor,Motor,South,2026-08,1,1.0
P09227,Motor,Motor,South,2026-08,1,1.0
P09228,Motor,Motor,South,2026-08,1,1.0
P09229,Motor,Motor,South,2026-08,1,1.0
P09230,Motor,Motor,South,2026-08,1,1.0
P09231,Motor,Motor,South,2026-08,1,1.0
P09232,Motor,Motor,South,2026-08,1,1.0
P09233,Motor,Motor,South,2026-08,1,1.0
P09234,Motor,Motor,South,2026-08,1,1.0
P09235,Motor,Motor,South,2026-08,1,1.0
P09236,Motor,Motor,South,2026-08,1,1.0
P09237,Motor,Motor,South,2026-08,1,1.0
P09238,Motor,Motor,South,2026-08,1,1.0
P09239,Motor,Motor,South,2026-08,1,1.0
P09240,Motor,Motor,South,2026-08,1,1.0
P09241,Motor,Motor,South,2026-08,1,1.0
P09242,Motor,Motor,South,2026-08,1,1.0
P09243,Motor,Motor,South,2026-08,1,1.0
P09244,Motor,Motor,South,2026-08,1,1.0
P09245,Motor,Motor,South,2026-08,1,1.0
P09246,Motor,Motor,South,2026-08,1,1.0
P09247,Motor,Motor,South,2026-08,1,1.0
P09248,Motor,Motor,South,2026-08,1,1.0
P09249,Motor,Motor,South,2026-08,1,1.0
P09250,Motor,Motor,South,2026-08,1,1.0
P09251,Motor,Motor,South,2026-08,1,1.0
P09252,Motor,Motor,South,2026-08,1,1.0
P09253,Motor,Motor,South,2026-08,1,1.0
P09254,Motor,Motor,South,2026-08,1,1.0
P09255,Motor,Motor,South,2026-08,1,1.0
P09256,Motor,Motor,South,2026-08,1,1.0
P09257,Motor,Motor,South,2026-08,1,1.0
P09258,Motor,Motor,South,2026-08,1,1.0
P09259,Motor,Motor,South,2026-08,1,1.0
P09260,Motor,Motor,South,2026-08,1,1.0
P09261,Motor,Motor,South,2026-08,1,1.0
P09262,Motor,Motor,South,2026-08,1,1.0
P09263,Motor,Motor,South,2026-08,1,1.0
P09264,Motor,Motor,South,2026-08,1,1.0
P09265,Motor,Motor,South,2026-08,1,1.0
P09266,Motor,Motor,South,2026-08,1,1.0
P09267,Motor,Motor,South,2026-08,1,1.0
P09268,Motor,Motor,South,2026-08,1,1.0
P09269,Motor,Motor,South,2026-08,1,1.0
P09270,Motor,Motor,South,2026-08,1,1.0
P09271,Motor,Motor,South,2026-08,1,1.0
P09272,Motor,Motor,South,2026-08,1,1.0
P09273,Motor,Motor,South,2026-08,1,1.0
P09274,Motor,Motor,South,2026-08,1,1.0
P09275,Motor,Motor,South,2026-08,1,1.0
P09276,Motor,Motor,South,2026-08,1,1.0
P09277,Motor,Motor,South,2026-08,1,1.0
P09278,Motor,Motor,South,2026-08,1,1.0
P09279,Motor,Motor,South,2026-08,1,1.0
P09280,Motor,Motor,South,2026-08,1,1.0
P09281,Motor,Motor,South,2026-08,1,1.0
P09282,Motor,Motor,South,2026-08,1,1.0
P09283,Motor,Motor,South,2026-08,1,1.0
P09284,Motor,Motor,South,2026-08,1,1.0
P09285,Motor,Motor,South,2026-08,1,1.0
P09286,Motor,Motor,South,2026-08,1,1.0
P09287,Motor,Motor,South,2026-08,1,1.0
P09288,Motor,Motor,South,2026-08,1,1.0
P09289,Motor,Motor,South,2026-08,1,1.0
P09290,Motor,Motor,South,2026-08,1,1.0
P09291,Motor,Motor,South,2026-08,1,1.0
P09292,Motor,Motor,South,2026-08,1,1.0
P09293,Motor,Motor,South,2026-08,1,1.0
P09294,Motor,Motor,South,2026-08,1,1.0
P09295,Motor,Motor,South,2026-08,1,1.0
P09296,Motor,Motor,South,2026-08,1,1.0
P09297,Motor,Motor,South,2026-08,1,1.0
P09298,Motor,Motor,South,2026-08,1,1.0
P09299,Motor,Motor,South,2026-08,1,1.0
P09300,Motor,Motor,South,2026-08,1,1.0
P09301,Motor,Motor,South,2026-08,1,1.0
P09302,Motor,Motor,South,2026-08,1,1.0
P09303,Motor,Motor,South,2026-08,1,1.0
P09304,Motor,Motor,South,2026-08,1,1.0
P09305,Motor,Motor,South,2026-08,1,1.0
P09306,Motor,Motor,South,2026-08,1,1.0
P09307,Motor,Motor,South,2026-08,1,1.0
P09308,Motor,Motor,South,2026-08,1,1.0
P09309,Motor,Motor,South,2026-08,1,1.0
P09310,Motor,Motor,South,2026-08,1,1.0
P09311,Motor,Motor,South,2026-08,1,1.0
P09312,Motor,Motor,South,2026-08,1,1.0
P09313,Motor,Motor,South,2026-08,1,1.0
P09314,Motor,Motor,South,2026-08,1,1.0
P09315,Motor,Motor,South,2026-08,1,1.0
P09316,Motor,Motor,South,2026-08,1,1.0
P09317,Motor,Motor,South,2026-08,1,1.0
P09318,Motor,Motor,South,2026-08,1,1.0
P09319,Motor,Motor,South,2026-08,1,1.0
P09320,Motor,Motor,South,2026-08,1,1.0
P09321,Motor,Motor,South,2026-08,1,1.0
P09322,Motor,Motor,South,2026-08,1,1.0
P09323,Motor,Motor,South,2026-08,1,1.0
P09324,Motor,Motor,South,2026-08,1,1.0
P09325,Motor,Motor,South,2026-08,1,1.0
P09326,Motor,Motor,South,2026-08,1,1.0
P09327,Motor,Motor,South,2026-08,1,1.0
P09328,Motor,Motor,South,2026-08,1,1.0
P09329,Motor,Motor,South,2026-08,1,1.0
P09330,Motor,Motor,South,2026-08,1,1.0
P09331,Motor,Motor,South,2026-08,1,1.0
P09332,Motor,Motor,South,2026-08,1,1.0
P09333,Motor,Motor,South,2026-08,1,1.0
P09334,Motor,Motor,South,2026-08,1,1.0
P09335,Motor,Motor,South,2026-08,1,1.0
P09336,Motor,Motor,South,2026-08,1,1.0
P09337,Motor,Motor,South,2026-08,1,1.0
P09338,Motor,Motor,South,2026-08,1,1.0
P09339,Motor,Motor,South,2026-08,1,1.0
P09340,Motor,Motor,South,2026-08,1,1.0
P09341,Motor,Motor,South,2026-08,1,1.0
P09342,Motor,Motor,South,2026-08,1,1.0
P09343,Motor,Motor,South,2026-08,1,1.0
P09344,Motor,Motor,South,2026-08,1,1.0
P09345,Motor,Motor,South,2026-08,1,1.0
P09346,Motor,Motor,South,2026-08,1,1.0
P09347,Motor,Motor,South,2026-08,1,1.0
P09348,Motor,Motor,South,2026-08,1,1.0
P09349,Motor,Motor,South,2026-08,1,1.0
P09350,Motor,Motor,South,2026-08,1,1.0
P09351,Motor,Motor,South,2026-08,1,1.0
P09352,Motor,Motor,South,2026-08,1,1.0
P09353,Motor,Motor,South,2026-08,1,1.0
P09354,Motor,Motor,South,2026-08,1,1.0
P09355,Motor,Motor,South,2026-08,1,1.0
P09356,Motor,Motor,South,2026-08,1,1.0
P09357,Motor,Motor,South,2026-08,1,1.0
P09358,Motor,Motor,South,2026-08,1,1.0
P09359,Motor,Motor,South,2026-08,1,1.0
P09360,Motor,Motor,South,2026-08,1,1.0
P09361,Motor,Motor,South,2026-08,1,1.0
P09362,Motor,Motor,South,2026-08,1,1.0
P09363,Motor,Motor,South,2026-08,1,1.0
P09364,Motor,Motor,South,2026-08,1,1.0
P09365,Motor,Motor,South,2026-08,1,1.0
P09366,Motor,Motor,South,2026-08,1,1.0
P09367,Motor,Motor,South,2026-08,1,1.0
P09368,Motor,Motor,South,2026-08,1,1.0
P09369,Motor,Motor,South,2026-08,1,1.0
P09370,Motor,Motor,South,2026-08,1,1.0
P09371,Motor,Motor,South,2026-08,1,1.0
P09372,Motor,Motor,South,2026-08,1,1.0
P09373,Motor,Motor,South,2026-08,1,1.0
P09374,Motor,Motor,South,2026-08,1,1.0
P09375,Motor,Motor,South,2026-08,1,1.0
P09376,Motor,Motor,South,2026-08,1,1.0
P09377,Motor,Motor,South,2026-08,1,1.0
P09378,Motor,Motor,South,2026-08,1,1.0
P09379,Motor,Motor,South,2026-08,1,1.0
P09380,Motor,Motor,South,2026-08,1,1.0
P09381,Motor,Motor,South,2026-08,1,1.0
P09382,Motor,Motor,South,2026-08,1,1.0
P09383,Motor,Motor,South,2026-08,1,1.0
P09384,Motor,Motor,South,2026-08,1,1.0
P09385,Motor,Motor,South,2026-08,1,1.0
P09386,Motor,Motor,South,2026-08,1,1.0
P09387,Motor,Motor,South,2026-08,1,1.0
P09388,Motor,Motor,South,2026-08,1,1.0
P09389,Motor,Motor,South,2026-08,1,1.0
P09390,Motor,Motor,South,2026-08,1,1.0
P09391,Motor,Motor,South,2026-08,1,1.0
P09392,Motor,Motor,South,2026-08,1,1.0
P09393,Motor,Motor,South,2026-08,1,1.0
P09394,Motor,Motor,South,2026-08,1,1.0
P09395,Motor,Motor,South,2026-08,1,1.0
P09396,Motor,Motor,South,2026-08,1,1.0
P09397,Motor,Motor,South,2026-08,1,1.0
P09398,Motor,Motor,South,2026-08,1,1.0
P09399,Motor,Motor,South,2026-08,1,1.0
P09400,Motor,Motor,South,2026-08,1,1.0
P09401,Motor,Motor,South,2026-08,1,1.0
P09402,Motor,Motor,South,2026-08,1,1.0
P09403,Motor,Motor,South,2026-08,1,1.0
P09404,Motor,Motor,South,2026-08,1,1.0
P09405,Motor,Motor,South,2026-08,1,1.0
P09406,Motor,Motor,South,2026-08,1,1.0
P09407,Motor,Motor,South,2026-08,1,1.0
P09408,Motor,Motor,South,2026-08,1,1.0
P09409,Motor,Motor,South,2026-08,1,1.0
P09410,Motor,Motor,South,2026-08,1,1.0
P09411,Motor,Motor,South,2026-08,1,1.0
P09412,Motor,Motor,South,2026-08,1,1.0
P09413,Motor,Motor,South,2026-08,1,1.0
P09414,Motor,Motor,South,2026-08,1,1.0
P09415,Motor,Motor,South,2026-08,1,1.0
P09416,Motor,Motor,South,2026-08,1,1.0
P09417,Motor,Motor,South,2026-08,1,1.0
P09418,Motor,Motor,South,2026-08,1,1.0
P09419,Motor,Motor,South,2026-08,1,1.0
P09420,Motor,Motor,South,2026-08,1,1.0
P09421,Motor,Motor,South,2026-08,1,1.0
P09422,Motor,Motor,South,2026-08,1,1.0
P09423,Motor,Motor,South,2026-08,1,1.0
P09424,Motor,Motor,South,2026-08,1,1.0
P09425,Motor,Motor,South,2026-08,1,1.0
P09426,Motor,Motor,South,2026-08,1,1.0
P09427,Motor,Motor,South,2026-08,1,1.0
P09428,Motor,Motor,South,2026-08,1,1.0
P09429,Motor,Motor,South,2026-08,1,1.0
P09430,Motor,Motor,South,2026-08,1,1.0
P09431,Motor,Motor,South,2026-08,1,1.0
P09432,Motor,Motor,South,2026-08,1,1.0
P09433,Motor,Motor,South,2026-08,1,1.0
P09434,Motor,Motor,South,2026-08,1,1.0
P09435,Motor,Motor,South,2026-08,1,1.0
P09436,Motor,Motor,South,2026-08,1,1.0
P09437,Motor,Motor,South,2026-08,1,1.0
P09438,Motor,Motor,South,2026-08,1,1.0
P09439,Motor,Motor,South,2026-08,1,1.0
P09440,Motor,Motor,South,2026-08,1,1.0
P09441,Motor,Motor,South,2026-08,1,1.0
P09442,Motor,Motor,South,2026-08,1,1.0
P09443,Motor,Motor,South,2026-08,1,1.0
P09444,Motor,Motor,South,2026-08,1,1.0
P09445,Motor,Motor,South,2026-08,1,1.0
P09446,Motor,Motor,South,2026-08,1,1.0
P09447,Motor,Motor,South,2026-08,1,1.0
P09448,Motor,Motor,South,2026-08,1,1.0
P09449,Motor,Motor,South,2026-08,1,1.0
P09450,Motor,Motor,South,2026-08,1,1.0
P09451,Motor,Motor,South,2026-08,1,1.0
P09452,Motor,Motor,South,2026-08,1,1.0
P09453,Motor,Motor,South,2026-08,1,1.0
P09454,Motor,Motor,South,2026-08,1,1.0
P09455,Motor,Motor,South,2026-08,1,1.0
P09456,Motor,Motor,South,2026-08,1,1.0
P09457,Motor,Motor,South,2026-08,1,1.0
P09458,Motor,Motor,South,2026-08,1,1.0
P09459,Motor,Motor,South,2026-08,1,1.0
P09460,Motor,Motor,South,2026-08,1,1.0
P09461,Motor,Motor,South,2026-08,1,1.0
P09462,Motor,Motor,South,2026-08,1,1.0
P09463,Motor,Motor,South,2026-08,1,1.0
P09464,Motor,Motor,South,2026-08,1,1.0
P09465,Motor,Motor,South,2026-08,1,1.0
P09466,Motor,Motor,South,2026-08,1,1.0
P09467,Motor,Motor,South,2026-08,1,1.0
P09468,Motor,Motor,South,2026-08,1,1.0
P09469,Motor,Motor,South,2026-08,1,1.0
P09470,Motor,Motor,South,2026-08,1,1.0
P09471,Motor,Motor,South,2026-08,1,1.0
P09472,Motor,Motor,East,2026-08,1,1.0
P09473,Motor,Motor,East,2026-08,1,1.0
P09474,Motor,Motor,East,2026-08,1,1.0
P09475,Motor,Motor,East,2026-08,1,1.0
P09476,Motor,Motor,East,2026-08,1,1.0
P09477,Motor,Motor,East,2026-08,1,1.0
P09478,Motor,Motor,East,2026-08,1,1.0
P09479,Motor,Motor,East,2026-08,1,1.0
P09480,Motor,Motor,East,2026-08,1,1.0
P09481,Motor,Motor,East,2026-08,1,1.0
P09482,Motor,Motor,East,2026-08,1,1.0
P09483,Motor,Motor,East,2026-08,1,1.0
P09484,Motor,Motor,East,2026-08,1,1.0
P09485,Motor,Motor,East,2026-08,1,1.0
P09486,Motor,Motor,East,2026-08,1,1.0
P09487,Motor,Motor,East,2026-08,1,1.0
P09488,Motor,Motor,East,2026-08,1,1.0
P09489,Motor,Motor,East,2026-08,1,1.0
P09490,Motor,Motor,East,2026-08,1,1.0
P09491,Motor,Motor,East,2026-08,1,1.0
P09492,Motor,Motor,East,2026-08,1,1.0
P09493,Motor,Motor,East,2026-08,1,1.0
P09494,Motor,Motor,East,2026-08,1,1.0
P09495,Motor,Motor,East,2026-08,1,1.0
P09496,Motor,Motor,East,2026-08,1,1.0
P09497,Motor,Motor,East,2026-08,1,1.0
P09498,Motor,Motor,East,2026-08,1,1.0
P09499,Motor,Motor,East,2026-08,1,1.0
P09500,Motor,Motor,East,2026-08,1,1.0
P09501,Motor,Motor,East,2026-08,1,1.0
P09502,Motor,Motor,East,2026-08,1,1.0
P09503,Motor,Motor,East,2026-08,1,1.0
P09504,Motor,Motor,East,2026-08,1,1.0
P09505,Motor,Motor,East,2026-08,1,1.0
P09506,Motor,Motor,East,2026-08,1,1.0
P09507,Motor,Motor,East,2026-08,1,1.0
P09508,Motor,Motor,East,2026-08,1,1.0
P09509,Motor,Motor,East,2026-08,1,1.0
P09510,Motor,Motor,East,2026-08,1,1.0
P09511,Motor,Motor,East,2026-08,1,1.0
P09512,Motor,Motor,East,2026-08,1,1.0
P09513,Motor,Motor,East,2026-08,1,1.0
P09514,Motor,Motor,East,2026-08,1,1.0
P09515,Motor,Motor,East,2026-08,1,1.0
P09516,Motor,Motor,East,2026-08,1,1.0
P09517,Motor,Motor,East,2026-08,1,1.0
P09518,Motor,Motor,East,2026-08,1,1.0
P09519,Motor,Motor,East,2026-08,1,1.0
P09520,Motor,Motor,East,2026-08,1,1.0
P09521,Motor,Motor,East,2026-08,1,1.0
P09522,Motor,Motor,East,2026-08,1,1.0
P09523,Motor,Motor,East,2026-08,1,1.0
P09524,Motor,Motor,East,2026-08,1,1.0
P09525,Motor,Motor,East,2026-08,1,1.0
P09526,Motor,Motor,East,2026-08,1,1.0
P09527,Motor,Motor,East,2026-08,1,1.0
P09528,Motor,Motor,East,2026-08,1,1.0
P09529,Motor,Motor,East,2026-08,1,1.0
P09530,Motor,Motor,East,2026-08,1,1.0
P09531,Motor,Motor,East,2026-08,1,1.0
P09532,Motor,Motor,East,2026-08,1,1.0
P09533,Motor,Motor,East,2026-08,1,1.0
P09534,Motor,Motor,East,2026-08,1,1.0
P09535,Motor,Motor,East,2026-08,1,1.0
P09536,Motor,Motor,East,2026-08,1,1.0
P09537,Motor,Motor,East,2026-08,1,1.0
P09538,Motor,Motor,East,2026-08,1,1.0
P09539,Motor,Motor,East,2026-08,1,1.0
P09540,Motor,Motor,East,2026-08,1,1.0
P09541,Motor,Motor,East,2026-08,1,1.0
P09542,Motor,Motor,East,2026-08,1,1.0
P09543,Motor,Motor,East,2026-08,1,1.0
P09544,Motor,Motor,East,2026-08,1,1.0
P09545,Motor,Motor,East,2026-08,1,1.0
P09546,Motor,Motor,East,2026-08,1,1.0
P09547,Motor,Motor,East,2026-08,1,1.0
P09548,Motor,Motor,East,2026-08,1,1.0
P09549,Motor,Motor,East,2026-08,1,1.0
P09550,Motor,Motor,East,2026-08,1,1.0
P09551,Motor,Motor,East,2026-08,1,1.0
P09552,Motor,Motor,East,2026-08,1,1.0
P09553,Motor,Motor,East,2026-08,1,1.0
P09554,Motor,Motor,East,2026-08,1,1.0
P09555,Motor,Motor,East,2026-08,1,1.0
P09556,Motor,Motor,East,2026-08,1,1.0
P09557,Motor,Motor,East,2026-08,1,1.0
P09558,Motor,Motor,East,2026-08,1,1.0
P09559,Motor,Motor,East,2026-08,1,1.0
P09560,Motor,Motor,East,2026-08,1,1.0
P09561,Motor,Motor,East,2026-08,1,1.0
P09562,Motor,Motor,East,2026-08,1,1.0
P09563,Motor,Motor,East,2026-08,1,1.0
P09564,Motor,Motor,East,2026-08,1,1.0
P09565,Motor,Motor,East,2026-08,1,1.0
P09566,Motor,Motor,East,2026-08,1,1.0
P09567,Motor,Motor,East,2026-08,1,1.0
P09568,Motor,Motor,East,2026-08,1,1.0
P09569,Motor,Motor,East,2026-08,1,1.0
P09570,Motor,Motor,East,2026-08,1,1.0
P09571,Motor,Motor,East,2026-08,1,1.0
P09572,Motor,Motor,East,2026-08,1,1.0
P09573,Motor,Motor,East,2026-08,1,1.0
P09574,Motor,Motor,East,2026-08,1,1.0
P09575,Motor,Motor,East,2026-08,1,1.0
P09576,Motor,Motor,East,2026-08,1,1.0
P09577,Motor,Motor,East,2026-08,1,1.0
P09578,Motor,Motor,East,2026-08,1,1.0
P09579,Motor,Motor,East,2026-08,1,1.0
P09580,Motor,Motor,East,2026-08,1,1.0
P09581,Motor,Motor,East,2026-08,1,1.0
P09582,Motor,Motor,East,2026-08,1,1.0
P09583,Motor,Motor,East,2026-08,1,1.0
P09584,Motor,Motor,East,2026-08,1,1.0
P09585,Motor,Motor,East,2026-08,1,1.0
P09586,Motor,Motor,East,2026-08,1,1.0
P09587,Motor,Motor,East,2026-08,1,1.0
P09588,Motor,Motor,East,2026-08,1,1.0
P09589,Motor,Motor,East,2026-08,1,1.0
P09590,Motor,Motor,East,2026-08,1,1.0
P09591,Motor,Motor,East,2026-08,1,1.0
P09592,Motor,Motor,East,2026-08,1,1.0
P09593,Motor,Motor,East,2026-08,1,1.0
P09594,Motor,Motor,East,2026-08,1,1.0
P09595,Motor,Motor,East,2026-08,1,1.0
P09596,Motor,Motor,East,2026-08,1,1.0
P09597,Motor,Motor,East,2026-08,1,1.0
P09598,Motor,Motor,East,2026-08,1,1.0
P09599,Motor,Motor,East,2026-08,1,1.0
P09600,Motor,Motor,East,2026-08,1,1.0
P09601,Motor,Motor,East,2026-08,1,1.0
P09602,Motor,Motor,East,2026-08,1,1.0
P09603,Motor,Motor,East,2026-08,1,1.0
P09604,Motor,Motor,East,2026-08,1,1.0
P09605,Motor,Motor,East,2026-08,1,1.0
P09606,Motor,Motor,East,2026-08,1,1.0
P09607,Motor,Motor,East,2026-08,1,1.0
P09608,Motor,Motor,East,2026-08,1,1.0
P09609,Motor,Motor,East,2026-08,1,1.0
P09610,Motor,Motor,East,2026-08,1,1.0
P09611,Motor,Motor,East,2026-08,1,1.0
P09612,Motor,Motor,East,2026-08,1,1.0
P09613,Motor,Motor,East,2026-08,1,1.0
P09614,Motor,Motor,East,2026-08,1,1.0
P09615,Motor,Motor,East,2026-08,1,1.0
P09616,Motor,Motor,East,2026-08,1,1.0
P09617,Motor,Motor,East,2026-08,1,1.0
P09618,Motor,Motor,East,2026-08,1,1.0
P09619,Motor,Motor,East,2026-08,1,1.0
P09620,Motor,Motor,East,2026-08,1,1.0
P09621,Motor,Motor,East,2026-08,1,1.0
P09622,Motor,Motor,East,2026-08,1,1.0
P09623,Motor,Motor,East,2026-08,1,1.0
P09624,Motor,Motor,East,2026-08,1,1.0
P09625,Motor,Motor,East,2026-08,1,1.0
P09626,Motor,Motor,East,2026-08,1,1.0
P09627,Motor,Motor,East,2026-08,1,1.0
P09628,Motor,Motor,East,2026-08,1,1.0
P09629,Motor,Motor,East,2026-08,1,1.0
P09630,Motor,Motor,East,2026-08,1,1.0
P09631,Motor,Motor,East,2026-08,1,1.0
P09632,Motor,Motor,East,2026-08,1,1.0
P09633,Motor,Motor,East,2026-08,1,1.0
P09634,Motor,Motor,East,2026-08,1,1.0
P09635,Motor,Motor,East,2026-08,1,1.0
P09636,Motor,Motor,East,2026-08,1,1.0
P09637,Motor,Motor,East,2026-08,1,1.0
P09638,Motor,Motor,East,2026-08,1,1.0
P09639,Motor,Motor,East,2026-08,1,1.0
P09640,Motor,Motor,East,2026-08,1,1.0
P09641,Motor,Motor,East,2026-08,1,1.0
P09642,Motor,Motor,East,2026-08,1,1.0
P09643,Motor,Motor,East,2026-08,1,1.0
P09644,Motor,Motor,East,2026-08,1,1.0
P09645,Motor,Motor,East,2026-08,1,1.0
P09646,Motor,Motor,East,2026-08,1,1.0
P09647,Motor,Motor,East,2026-08,1,1.0
P09648,Motor,Motor,East,2026-08,1,1.0
P09649,Motor,Motor,East,2026-08,1,1.0
P09650,Motor,Motor,East,2026-08,1,1.0
P09651,Motor,Motor,East,2026-08,1,1.0
P09652,Motor,Motor,East,2026-08,1,1.0
P09653,Motor,Motor,East,2026-08,1,1.0
P09654,Motor,Motor,East,2026-08,1,1.0
P09655,Motor,Motor,East,2026-08,1,1.0
P09656,Motor,Motor,East,2026-08,1,1.0
P09657,Motor,Motor,East,2026-08,1,1.0
P09658,Motor,Motor,East,2026-08,1,1.0
P09659,Motor,Motor,East,2026-08,1,1.0
P09660,Motor,Motor,East,2026-08,1,1.0
P09661,Motor,Motor,East,2026-08,1,1.0
P09662,Motor,Motor,East,2026-08,1,1.0
P09663,Motor,Motor,East,2026-08,1,1.0
P09664,Motor,Motor,East,2026-08,1,1.0
P09665,Motor,Motor,East,2026-08,1,1.0
P09666,Motor,Motor,East,2026-08,1,1.0
P09667,Motor,Motor,East,2026-08,1,1.0
P09668,Motor,Motor,East,2026-08,1,1.0
P09669,Motor,Motor,East,2026-08,1,1.0
P09670,Motor,Motor,East,2026-08,1,1.0
P09671,Motor,Motor,East,2026-08,1,1.0
P09672,Motor,Motor,East,2026-08,1,1.0
P09673,Motor,Motor,East,2026-08,1,1.0
P09674,Motor,Motor,East,2026-08,1,1.0
P09675,Motor,Motor,East,2026-08,1,1.0
P09676,Motor,Motor,East,2026-08,1,1.0
P09677,Motor,Motor,East,2026-08,1,1.0
P09678,Motor,Motor,East,2026-08,1,1.0
P09679,Motor,Motor,East,2026-08,1,1.0
P09680,Motor,Motor,East,2026-08,1,1.0
P09681,Motor,Motor,East,2026-08,1,1.0
P09682,Motor,Motor,East,2026-08,1,1.0
P09683,Motor,Motor,East,2026-08,1,1.0
P09684,Motor,Motor,East,2026-08,1,1.0
P09685,Motor,Motor,East,2026-08,1,1.0
P09686,Motor,Motor,East,2026-08,1,1.0
P09687,Motor,Motor,East,2026-08,1,1.0
P09688,Motor,Motor,East,2026-08,1,1.0
P09689,Motor,Motor,East,2026-08,1,1.0
P09690,Motor,Motor,East,2026-08,1,1.0
P09691,Motor,Motor,East,2026-08,1,1.0
P09692,Motor,Motor,East,2026-08,1,1.0
P09693,Motor,Motor,East,2026-08,1,1.0
P09694,Motor,Motor,East,2026-08,1,1.0
P09695,Motor,Motor,East,2026-08,1,1.0
P09696,Motor,Motor,East,2026-08,1,1.0
P09697,Motor,Motor,East,2026-08,1,1.0
P09698,Motor,Motor,East,2026-08,1,1.0
P09699,Motor,Motor,East,2026-08,1,1.0
P09700,Motor,Motor,East,2026-08,1,1.0
P09701,Motor,Motor,East,2026-08,1,1.0
P09702,Motor,Motor,East,2026-08,1,1.0
P09703,Motor,Motor,East,2026-08,1,1.0
P09704,Motor,Motor,East,2026-08,1,1.0
P09705,Motor,Motor,East,2026-08,1,1.0
P09706,Motor,Motor,East,2026-08,1,1.0
P09707,Motor,Motor,East,2026-08,1,1.0
P09708,Motor,Motor,East,2026-08,1,1.0
P09709,Motor,Motor,East,2026-08,1,1.0
P09710,Motor,Motor,East,2026-08,1,1.0
P09711,Motor,Motor,East,2026-08,1,1.0
P09712,Motor,Motor,East,2026-08,1,1.0
P09713,Motor,Motor,East,2026-08,1,1.0
P09714,Motor,Motor,East,2026-08,1,1.0
P09715,Motor,Motor,East,2026-08,1,1.0
P09716,Motor,Motor,East,2026-08,1,1.0
P09717,Motor,Motor,East,2026-08,1,1.0
P09718,Motor,Motor,East,2026-08,1,1.0
P09719,Motor,Motor,East,2026-08,1,1.0
P09720,Motor,Motor,East,2026-08,1,1.0
P09721,Motor,Motor,East,2026-08,1,1.0
P09722,Motor,Motor,East,2026-08,1,1.0
P09723,Motor,Motor,East,2026-08,1,1.0
P09724,Motor,Motor,East,2026-08,1,1.0
P09725,Motor,Motor,East,2026-08,1,1.0
P09726,Motor,Motor,East,2026-08,1,1.0
P09727,Motor,Motor,East,2026-08,1,1.0
P09728,Motor,Motor,East,2026-08,1,1.0
P09729,Motor,Motor,East,2026-08,1,1.0
P09730,Motor,Motor,East,2026-08,1,1.0
P09731,Motor,Motor,East,2026-08,1,1.0
P09732,Motor,Motor,East,2026-08,1,1.0
P09733,Motor,Motor,East,2026-08,1,1.0
P09734,Motor,Motor,East,2026-08,1,1.0
P09735,Motor,Motor,East,2026-08,1,1.0
P09736,Motor,Motor,East,2026-08,1,1.0
P09737,Motor,Motor,East,2026-08,1,1.0
P09738,Motor,Motor,East,2026-08,1,1.0
P09739,Motor,Motor,East,2026-08,1,1.0
P09740,Motor,Motor,East,2026-08,1,1.0
P09741,Motor,Motor,East,2026-08,1,1.0
P09742,Motor,Motor,East,2026-08,1,1.0
P09743,Motor,Motor,East,2026-08,1,1.0
P09744,Motor,Motor,East,2026-08,1,1.0
P09745,Motor,Motor,East,2026-08,1,1.0
P09746,Motor,Motor,East,2026-08,1,1.0
P09747,Motor,Motor,East,2026-08,1,1.0
P09748,Motor,Motor,East,2026-08,1,1.0
P09749,Motor,Motor,East,2026-08,1,1.0
P09750,Motor,Motor,East,2026-08,1,1.0
P09751,Motor,Motor,East,2026-08,1,1.0
P09752,Motor,Motor,East,2026-08,1,1.0
P09753,Motor,Motor,East,2026-08,1,1.0
P09754,Motor,Motor,East,2026-08,1,1.0
P09755,Motor,Motor,East,2026-08,1,1.0
P09756,Motor,Motor,East,2026-08,1,1.0
P09757,Motor,Motor,East,2026-08,1,1.0
P09758,Motor,Motor,East,2026-08,1,1.0
P09759,Motor,Motor,East,2026-08,1,1.0
P09760,Motor,Motor,East,2026-08,1,1.0
P09761,Motor,Motor,East,2026-08,1,1.0
P09762,Motor,Motor,East,2026-08,1,1.0
P09763,Motor,Motor,East,2026-08,1,1.0
P09764,Motor,Motor,East,2026-08,1,1.0
P09765,Motor,Motor,East,2026-08,1,1.0
P09766,Motor,Motor,East,2026-08,1,1.0
P09767,Motor,Motor,East,2026-08,1,1.0
P09768,Motor,Motor,East,2026-08,1,1.0
P09769,Motor,Motor,East,2026-08,1,1.0
P09770,Motor,Motor,East,2026-08,1,1.0
P09771,Motor,Motor,East,2026-08,1,1.0
P09772,Motor,Motor,East,2026-08,1,1.0
P09773,Motor,Motor,East,2026-08,1,1.0
P09774,Motor,Motor,East,2026-08,1,1.0
P09775,Motor,Motor,East,2026-08,1,1.0
P09776,Motor,Motor,East,2026-08,1,1.0
P09777,Motor,Motor,East,2026-08,1,1.0
P09778,Motor,Motor,East,2026-08,1,1.0
P09779,Motor,Motor,East,2026-08,1,1.0
P09780,Motor,Motor,East,2026-08,1,1.0
P09781,Motor,Motor,East,2026-08,1,1.0
P09782,Motor,Motor,East,2026-08,1,1.0
P09783,Motor,Motor,East,2026-08,1,1.0
P09784,Motor,Motor,East,2026-08,1,1.0
P09785,Motor,Motor,East,2026-08,1,1.0
P09786,Motor,Motor,East,2026-08,1,1.0
P09787,Motor,Motor,East,2026-08,1,1.0
P09788,Motor,Motor,East,2026-08,1,1.0
P09789,Motor,Motor,East,2026-08,1,1.0
P09790,Motor,Motor,East,2026-08,1,1.0
P09791,Motor,Motor,East,2026-08,1,1.0
P09792,Motor,Motor,East,2026-08,1,1.0
P09793,Motor,Motor,East,2026-08,1,1.0
P09794,Motor,Motor,East,2026-08,1,1.0
P09795,Motor,Motor,East,2026-08,1,1.0
P09796,Motor,Motor,East,2026-08,1,1.0
P09797,Motor,Motor,East,2026-08,1,1.0
P09798,Motor,Motor,East,2026-08,1,1.0
P09799,Motor,Motor,East,2026-08,1,1.0
P09800,Motor,Motor,East,2026-08,1,1.0
P09801,Motor,Motor,East,2026-08,1,1.0
P09802,Motor,Motor,East,2026-08,1,1.0
P09803,Motor,Motor,East,2026-08,1,1.0
P09804,Motor,Motor,East,2026-08,1,1.0
P09805,Motor,Motor,East,2026-08,1,1.0
P09806,Motor,Motor,East,2026-08,1,1.0
P09807,Motor,Motor,East,2026-08,1,1.0
P09808,Motor,Motor,East,2026-08,1,1.0
P09809,Motor,Motor,East,2026-08,1,1.0
P09810,Motor,Motor,East,2026-08,1,1.0
P09811,Motor,Motor,East,2026-08,1,1.0
P09812,Motor,Motor,East,2026-08,1,1.0
P09813,Motor,Motor,East,2026-08,1,1.0
P09814,Motor,Motor,East,2026-08,1,1.0
P09815,Motor,Motor,East,2026-08,1,1.0
P09816,Motor,Motor,East,2026-08,1,1.0
P09817,Motor,Motor,East,2026-08,1,1.0
P09818,Motor,Motor,East,2026-08,1,1.0
P09819,Motor,Motor,East,2026-08,1,1.0
P09820,Motor,Motor,East,2026-08,1,1.0
P09821,Motor,Motor,East,2026-08,1,1.0
P09822,Motor,Motor,East,2026-08,1,1.0
P09823,Motor,Motor,East,2026-08,1,1.0
P09824,Motor,Motor,East,2026-08,1,1.0
P09825,Motor,Motor,East,2026-08,1,1.0
P09826,Motor,Motor,East,2026-08,1,1.0
P09827,Motor,Motor,East,2026-08,1,1.0
P09828,Motor,Motor,East,2026-08,1,1.0
P09829,Motor,Motor,East,2026-08,1,1.0
P09830,Motor,Motor,East,2026-08,1,1.0
P09831,Motor,Motor,East,2026-08,1,1.0
P09832,Motor,Motor,East,2026-08,1,1.0
P09833,Motor,Motor,East,2026-08,1,1.0
P09834,Motor,Motor,East,2026-08,1,1.0
P09835,Motor,Motor,East,2026-08,1,1.0
P09836,Motor,Motor,East,2026-08,1,1.0
P09837,Motor,Motor,East,2026-08,1,1.0
P09838,Motor,Motor,East,2026-08,1,1.0
P09839,Motor,Motor,East,2026-08,1,1.0
P09840,Motor,Motor,East,2026-08,1,1.0
P09841,Motor,Motor,East,2026-08,1,1.0
P09842,Motor,Motor,East,2026-08,1,1.0
P09843,Motor,Motor,East,2026-08,1,1.0
P09844,Motor,Motor,East,2026-08,1,1.0
P09845,Motor,Motor,East,2026-08,1,1.0
P09846,Motor,Motor,East,2026-08,1,1.0
P09847,Motor,Motor,East,2026-08,1,1.0
P09848,Motor,Motor,East,2026-08,1,1.0
P09849,Motor,Motor,East,2026-08,1,1.0
P09850,Motor,Motor,East,2026-08,1,1.0
P09851,Motor,Motor,East,2026-08,1,1.0
P09852,Motor,Motor,East,2026-08,1,1.0
P09853,Motor,Motor,East,2026-08,1,1.0
P09854,Motor,Motor,East,2026-08,1,1.0
P09855,Motor,Motor,East,2026-08,1,1.0
P09856,Motor,Motor,East,2026-08,1,1.0
P09857,Motor,Motor,East,2026-08,1,1.0
P09858,Motor,Motor,East,2026-08,1,1.0
P09859,Motor,Motor,East,2026-08,1,1.0
P09860,Motor,Motor,East,2026-08,1,1.0
P09861,Motor,Motor,East,2026-08,1,1.0
P09862,Motor,Motor,East,2026-08,1,1.0
P09863,Motor,Motor,East,2026-08,1,1.0
P09864,Motor,Motor,East,2026-08,1,1.0
P09865,Motor,Motor,East,2026-08,1,1.0
P09866,Motor,Motor,East,2026-08,1,1.0
P09867,Motor,Motor,East,2026-08,1,1.0
P09868,Motor,Motor,East,2026-08,1,1.0
P09869,Motor,Motor,East,2026-08,1,1.0
P09870,Motor,Motor,East,2026-08,1,1.0
P09871,Motor,Motor,East,2026-08,1,1.0
P09872,Motor,Motor,East,2026-08,1,1.0
P09873,Motor,Motor,East,2026-08,1,1.0
P09874,Motor,Motor,East,2026-08,1,1.0
P09875,Motor,Motor,East,2026-08,1,1.0
P09876,Motor,Motor,East,2026-08,1,1.0
P09877,Motor,Motor,East,2026-08,1,1.0
P09878,Motor,Motor,East,2026-08,1,1.0
P09879,Motor,Motor,East,2026-08,1,1.0
P09880,Motor,Motor,East,2026-08,1,1.0
P09881,Motor,Motor,East,2026-08,1,1.0
P09882,Motor,Motor,East,2026-08,1,1.0
P09883,Motor,Motor,East,2026-08,1,1.0
P09884,Motor,Motor,East,2026-08,1,1.0
P09885,Motor,Motor,East,2026-08,1,1.0
P09886,Motor,Motor,West,2026-08,1,1.0
P09887,Motor,Motor,West,2026-08,1,1.0
P09888,Motor,Motor,West,2026-08,1,1.0
P09889,Motor,Motor,West,2026-08,1,1.0
P09890,Motor,Motor,West,2026-08,1,1.0
P09891,Motor,Motor,West,2026-08,1,1.0
P09892,Motor,Motor,West,2026-08,1,1.0
P09893,Motor,Motor,West,2026-08,1,1.0
P09894,Motor,Motor,West,2026-08,1,1.0
P09895,Motor,Motor,West,2026-08,1,1.0
P09896,Motor,Motor,West,2026-08,1,1.0
P09897,Motor,Motor,West,2026-08,1,1.0
P09898,Motor,Motor,West,2026-08,1,1.0
P09899,Motor,Motor,West,2026-08,1,1.0
P09900,Motor,Motor,West,2026-08,1,1.0
P09901,Motor,Motor,West,2026-08,1,1.0
P09902,Motor,Motor,West,2026-08,1,1.0
P09903,Motor,Motor,West,2026-08,1,1.0
P09904,Motor,Motor,West,2026-08,1,1.0
P09905,Motor,Motor,West,2026-08,1,1.0
P09906,Motor,Motor,West,2026-08,1,1.0
P09907,Motor,Motor,West,2026-08,1,1.0
P09908,Motor,Motor,West,2026-08,1,1.0
P09909,Motor,Motor,West,2026-08,1,1.0
P09910,Motor,Motor,West,2026-08,1,1.0
P09911,Motor,Motor,West,2026-08,1,1.0
P09912,Motor,Motor,West,2026-08,1,1.0
P09913,Motor,Motor,West,2026-08,1,1.0
P09914,Motor,Motor,West,2026-08,1,1.0
P09915,Motor,Motor,West,2026-08,1,1.0
P09916,Motor,Motor,West,2026-08,1,1.0
P09917,Motor,Motor,West,2026-08,1,1.0
P09918,Motor,Motor,West,2026-08,1,1.0
P09919,Motor,Motor,West,2026-08,1,1.0
P09920,Motor,Motor,West,2026-08,1,1.0
P09921,Motor,Motor,West,2026-08,1,1.0
P09922,Motor,Motor,West,2026-08,1,1.0
P09923,Motor,Motor,West,2026-08,1,1.0
P09924,Motor,Motor,West,2026-08,1,1.0
P09925,Motor,Motor,West,2026-08,1,1.0
P09926,Motor,Motor,West,2026-08,1,1.0
P09927,Motor,Motor,West,2026-08,1,1.0
P09928,Motor,Motor,West,2026-08,1,1.0
P09929,Motor,Motor,West,2026-08,1,1.0
P09930,Motor,Motor,West,2026-08,1,1.0
P09931,Motor,Motor,West,2026-08,1,1.0
P09932,Motor,Motor,West,2026-08,1,1.0
P09933,Motor,Motor,West,2026-08,1,1.0
P09934,Motor,Motor,West,2026-08,1,1.0
P09935,Motor,Motor,West,2026-08,1,1.0
P09936,Motor,Motor,West,2026-08,1,1.0
P09937,Motor,Motor,West,2026-08,1,1.0
P09938,Motor,Motor,West,2026-08,1,1.0
P09939,Motor,Motor,West,2026-08,1,1.0
P09940,Motor,Motor,West,2026-08,1,1.0
P09941,Motor,Motor,West,2026-08,1,1.0
P09942,Motor,Motor,West,2026-08,1,1.0
P09943,Motor,Motor,West,2026-08,1,1.0
P09944,Motor,Motor,West,2026-08,1,1.0
P09945,Motor,Motor,West,2026-08,1,1.0
P09946,Motor,Motor,West,2026-08,1,1.0
P09947,Motor,Motor,West,2026-08,1,1.0
P09948,Motor,Motor,West,2026-08,1,1.0
P09949,Motor,Motor,West,2026-08,1,1.0
P09950,Motor,Motor,West,2026-08,1,1.0
P09951,Motor,Motor,West,2026-08,1,1.0
P09952,Motor,Motor,West,2026-08,1,1.0
P09953,Motor,Motor,West,2026-08,1,1.0
P09954,Motor,Motor,West,2026-08,1,1.0
P09955,Motor,Motor,West,2026-08,1,1.0
P09956,Motor,Motor,West,2026-08,1,1.0
P09957,Motor,Motor,West,2026-08,1,1.0
P09958,Motor,Motor,West,2026-08,1,1.0
P09959,Motor,Motor,West,2026-08,1,1.0
P09960,Motor,Motor,West,2026-08,1,1.0
P09961,Motor,Motor,West,2026-08,1,1.0
P09962,Motor,Motor,West,2026-08,1,1.0
P09963,Motor,Motor,West,2026-08,1,1.0
P09964,Motor,Motor,West,2026-08,1,1.0
P09965,Motor,Motor,West,2026-08,1,1.0
P09966,Motor,Motor,West,2026-08,1,1.0
P09967,Motor,Motor,West,2026-08,1,1.0
P09968,Motor,Motor,West,2026-08,1,1.0
P09969,Motor,Motor,West,2026-08,1,1.0
P09970,Motor,Motor,West,2026-08,1,1.0
P09971,Motor,Motor,West,2026-08,1,1.0
P09972,Motor,Motor,West,2026-08,1,1.0
P09973,Motor,Motor,West,2026-08,1,1.0
P09974,Motor,Motor,West,2026-08,1,1.0
P09975,Motor,Motor,West,2026-08,1,1.0
P09976,Motor,Motor,West,2026-08,1,1.0
P09977,Motor,Motor,West,2026-08,1,1.0
P09978,Motor,Motor,West,2026-08,1,1.0
P09979,Motor,Motor,West,2026-08,1,1.0
P09980,Motor,Motor,West,2026-08,1,1.0
P09981,Motor,Motor,West,2026-08,1,1.0
P09982,Motor,Motor,West,2026-08,1,1.0
P09983,Motor,Motor,West,2026-08,1,1.0
P09984,Motor,Motor,West,2026-08,1,1.0
P09985,Motor,Motor,West,2026-08,1,1.0
P09986,Motor,Motor,West,2026-08,1,1.0
P09987,Motor,Motor,West,2026-08,1,1.0
P09988,Motor,Motor,West,2026-08,1,1.0
P09989,Motor,Motor,West,2026-08,1,1.0
P09990,Motor,Motor,West,2026-08,1,1.0
P09991,Motor,Motor,West,2026-08,1,1.0
P09992,Motor,Motor,West,2026-08,1,1.0
P09993,Motor,Motor,West,2026-08,1,1.0
P09994,Motor,Motor,West,2026-08,1,1.0
P09995,Motor,Motor,West,2026-08,1,1.0
P09996,Motor,Motor,West,2026-08,1,1.0
P09997,Motor,Motor,West,2026-08,1,1.0
P09998,Motor,Motor,West,2026-08,1,1.0
P09999,Motor,Motor,West,2026-08,1,1.0
P10000,Motor,Motor,West,2026-08,1,1.0
P10001,Motor,Motor,West,2026-08,1,1.0
P10002,Motor,Motor,West,2026-08,1,1.0
P10003,Motor,Motor,West,2026-08,1,1.0
P10004,Motor,Motor,West,2026-08,1,1.0
P10005,Motor,Motor,West,2026-08,1,1.0
P10006,Motor,Motor,West,2026-08,1,1.0
P10007,Motor,Motor,West,2026-08,1,1.0
P10008,Motor,Motor,West,2026-08,1,1.0
P10009,Motor,Motor,West,2026-08,1,1.0
P10010,Motor,Motor,West,2026-08,1,1.0
P10011,Motor,Motor,West,2026-08,1,1.0
P10012,Motor,Motor,West,2026-08,1,1.0
P10013,Motor,Motor,West,2026-08,1,1.0
P10014,Motor,Motor,West,2026-08,1,1.0
P10015,Motor,Motor,West,2026-08,1,1.0
P10016,Motor,Motor,West,2026-08,1,1.0
P10017,Motor,Motor,West,2026-08,1,1.0
P10018,Motor,Motor,West,2026-08,1,1.0
P10019,Motor,Motor,West,2026-08,1,1.0
P10020,Motor,Motor,West,2026-08,1,1.0
P10021,Motor,Motor,West,2026-08,1,1.0
P10022,Motor,Motor,West,2026-08,1,1.0
P10023,Motor,Motor,West,2026-08,1,1.0
P10024,Motor,Motor,West,2026-08,1,1.0
P10025,Motor,Motor,West,2026-08,1,1.0
P10026,Motor,Motor,West,2026-08,1,1.0
P10027,Motor,Motor,West,2026-08,1,1.0
P10028,Motor,Motor,West,2026-08,1,1.0
P10029,Motor,Motor,West,2026-08,1,1.0
P10030,Motor,Motor,West,2026-08,1,1.0
P10031,Motor,Motor,West,2026-08,1,1.0
P10032,Motor,Motor,West,2026-08,1,1.0
P10033,Motor,Motor,West,2026-08,1,1.0
P10034,Motor,Motor,West,2026-08,1,1.0
P10035,Motor,Motor,West,2026-08,1,1.0
P10036,Motor,Motor,West,2026-08,1,1.0
P10037,Motor,Motor,West,2026-08,1,1.0
P10038,Motor,Motor,West,2026-08,1,1.0
P10039,Motor,Motor,West,2026-08,1,1.0
P10040,Motor,Motor,West,2026-08,1,1.0
P10041,Motor,Motor,West,2026-08,1,1.0
P10042,Motor,Motor,West,2026-08,1,1.0
P10043,Motor,Motor,West,2026-08,1,1.0
P10044,Motor,Motor,West,2026-08,1,1.0
P10045,Motor,Motor,West,2026-08,1,1.0
P10046,Motor,Motor,West,2026-08,1,1.0
P10047,Motor,Motor,West,2026-08,1,1.0
P10048,Motor,Motor,West,2026-08,1,1.0
P10049,Motor,Motor,West,2026-08,1,1.0
P10050,Motor,Motor,West,2026-08,1,1.0
P10051,Motor,Motor,West,2026-08,1,1.0
P10052,Motor,Motor,West,2026-08,1,1.0
P10053,Motor,Motor,West,2026-08,1,1.0
P10054,Motor,Motor,West,2026-08,1,1.0
P10055,Motor,Motor,West,2026-08,1,1.0
P10056,Motor,Motor,West,2026-08,1,1.0
P10057,Motor,Motor,West,2026-08,1,1.0
P10058,Motor,Motor,West,2026-08,1,1.0
P10059,Motor,Motor,West,2026-08,1,1.0
P10060,Motor,Motor,West,2026-08,1,1.0
P10061,Motor,Motor,West,2026-08,1,1.0
P10062,Motor,Motor,West,2026-08,1,1.0
P10063,Motor,Motor,West,2026-08,1,1.0
P10064,Motor,Motor,West,2026-08,1,1.0
P10065,Motor,Motor,West,2026-08,1,1.0
P10066,Motor,Motor,West,2026-08,1,1.0
P10067,Motor,Motor,West,2026-08,1,1.0
P10068,Motor,Motor,West,2026-08,1,1.0
P10069,Motor,Motor,West,2026-08,1,1.0
P10070,Motor,Motor,West,2026-08,1,1.0
P10071,Motor,Motor,West,2026-08,1,1.0
P10072,Motor,Motor,West,2026-08,1,1.0
P10073,Motor,Motor,West,2026-08,1,1.0
P10074,Motor,Motor,West,2026-08,1,1.0
P10075,Motor,Motor,West,2026-08,1,1.0
P10076,Motor,Motor,West,2026-08,1,1.0
P10077,Motor,Motor,West,2026-08,1,1.0
P10078,Motor,Motor,West,2026-08,1,1.0
P10079,Motor,Motor,West,2026-08,1,1.0
P10080,Motor,Motor,West,2026-08,1,1.0
P10081,Motor,Motor,West,2026-08,1,1.0
P10082,Motor,Motor,West,2026-08,1,1.0
P10083,Motor,Motor,West,2026-08,1,1.0
P10084,Motor,Motor,West,2026-08,1,1.0
P10085,Motor,Motor,West,2026-08,1,1.0
P10086,Motor,Motor,West,2026-08,1,1.0
P10087,Motor,Motor,West,2026-08,1,1.0
P10088,Motor,Motor,West,2026-08,1,1.0
P10089,Motor,Motor,West,2026-08,1,1.0
P10090,Motor,Motor,West,2026-08,1,1.0
P10091,Motor,Motor,West,2026-08,1,1.0
P10092,Motor,Motor,West,2026-08,1,1.0
P10093,Motor,Motor,West,2026-08,1,1.0
P10094,Motor,Motor,West,2026-08,1,1.0
P10095,Motor,Motor,West,2026-08,1,1.0
P10096,Motor,Motor,West,2026-08,1,1.0
P10097,Motor,Motor,West,2026-08,1,1.0
P10098,Motor,Motor,West,2026-08,1,1.0
P10099,Motor,Motor,West,2026-08,1,1.0
P10100,Motor,Motor,West,2026-08,1,1.0
P10101,Motor,Motor,West,2026-08,1,1.0
P10102,Motor,Motor,West,2026-08,1,1.0
P10103,Motor,Motor,West,2026-08,1,1.0
P10104,Motor,Motor,West,2026-08,1,1.0
P10105,Motor,Motor,West,2026-08,1,1.0
P10106,Motor,Motor,West,2026-08,1,1.0
P10107,Motor,Motor,West,2026-08,1,1.0
P10108,Motor,Motor,West,2026-08,1,1.0
P10109,Motor,Motor,West,2026-08,1,1.0
P10110,Motor,Motor,West,2026-08,1,1.0
P10111,Motor,Motor,West,2026-08,1,1.0
P10112,Motor,Motor,West,2026-08,1,1.0
P10113,Motor,Motor,West,2026-08,1,1.0
P10114,Motor,Motor,West,2026-08,1,1.0
P10115,Motor,Motor,West,2026-08,1,1.0
P10116,Motor,Motor,West,2026-08,1,1.0
P10117,Motor,Motor,West,2026-08,1,1.0
P10118,Motor,Motor,West,2026-08,1,1.0
P10119,Motor,Motor,West,2026-08,1,1.0
P10120,Motor,Motor,West,2026-08,1,1.0
P10121,Motor,Motor,West,2026-08,1,1.0
P10122,Motor,Motor,West,2026-08,1,1.0
P10123,Motor,Motor,West,2026-08,1,1.0
P10124,Motor,Motor,West,2026-08,1,1.0
P10125,Motor,Motor,West,2026-08,1,1.0
P10126,Motor,Motor,West,2026-08,1,1.0
P10127,Motor,Motor,West,2026-08,1,1.0
P10128,Motor,Motor,West,2026-08,1,1.0
P10129,Motor,Motor,West,2026-08,1,1.0
P10130,Motor,Motor,West,2026-08,1,1.0
P10131,Motor,Motor,West,2026-08,1,1.0
P10132,Motor,Motor,West,2026-08,1,1.0
P10133,Motor,Motor,West,2026-08,1,1.0
P10134,Motor,Motor,West,2026-08,1,1.0
P10135,Motor,Motor,West,2026-08,1,1.0
P10136,Motor,Motor,West,2026-08,1,1.0
P10137,Motor,Motor,West,2026-08,1,1.0
P10138,Motor,Motor,West,2026-08,1,1.0
P10139,Motor,Motor,West,2026-08,1,1.0
P10140,Motor,Motor,West,2026-08,1,1.0
P10141,Motor,Motor,West,2026-08,1,1.0
P10142,Motor,Motor,West,2026-08,1,1.0
P10143,Motor,Motor,West,2026-08,1,1.0
P10144,Motor,Motor,West,2026-08,1,1.0
P10145,Motor,Motor,West,2026-08,1,1.0
P10146,Motor,Motor,West,2026-08,1,1.0
P10147,Motor,Motor,West,2026-08,1,1.0
P10148,Motor,Motor,West,2026-08,1,1.0
P10149,Motor,Motor,West,2026-08,1,1.0
P10150,Motor,Motor,West,2026-08,1,1.0
P10151,Motor,Motor,West,2026-08,1,1.0
P10152,Motor,Motor,West,2026-08,1,1.0
P10153,Motor,Motor,West,2026-08,1,1.0
P10154,Motor,Motor,West,2026-08,1,1.0
P10155,Motor,Motor,West,2026-08,1,1.0
P10156,Motor,Motor,West,2026-08,1,1.0
P10157,Motor,Motor,West,2026-08,1,1.0
P10158,Motor,Motor,West,2026-08,1,1.0
P10159,Motor,Motor,West,2026-08,1,1.0
P10160,Motor,Motor,West,2026-08,1,1.0
P10161,Motor,Motor,West,2026-08,1,1.0
P10162,Motor,Motor,West,2026-08,1,1.0
P10163,Motor,Motor,West,2026-08,1,1.0
P10164,Motor,Motor,West,2026-08,1,1.0
P10165,Motor,Motor,West,2026-08,1,1.0
P10166,Motor,Motor,West,2026-08,1,1.0
P10167,Motor,Motor,West,2026-08,1,1.0
P10168,Motor,Motor,West,2026-08,1,1.0
P10169,Motor,Motor,West,2026-08,1,1.0
P10170,Motor,Motor,West,2026-08,1,1.0
P10171,Motor,Motor,West,2026-08,1,1.0
P10172,Motor,Motor,West,2026-08,1,1.0
P10173,Motor,Motor,West,2026-08,1,1.0
P10174,Motor,Motor,West,2026-08,1,1.0
P10175,Motor,Motor,West,2026-08,1,1.0
P10176,Motor,Motor,West,2026-08,1,1.0
P10177,Motor,Motor,West,2026-08,1,1.0
P10178,Motor,Motor,West,2026-08,1,1.0
P10179,Motor,Motor,West,2026-08,1,1.0
P10180,Motor,Motor,West,2026-08,1,1.0
P10181,Motor,Motor,West,2026-08,1,1.0
P10182,Motor,Motor,West,2026-08,1,1.0
P10183,Motor,Motor,West,2026-08,1,1.0
P10184,Motor,Motor,West,2026-08,1,1.0
P10185,Motor,Motor,West,2026-08,1,1.0
P10186,Motor,Motor,West,2026-08,1,1.0
P10187,Motor,Motor,West,2026-08,1,1.0
P10188,Motor,Motor,West,2026-08,1,1.0
P10189,Motor,Motor,West,2026-08,1,1.0
P10190,Motor,Motor,West,2026-08,1,1.0
P10191,Motor,Motor,West,2026-08,1,1.0
P10192,Motor,Motor,West,2026-08,1,1.0
P10193,Motor,Motor,West,2026-08,1,1.0
P10194,Motor,Motor,West,2026-08,1,1.0
P10195,Motor,Motor,West,2026-08,1,1.0
P10196,Motor,Motor,West,2026-08,1,1.0
P10197,Motor,Motor,West,2026-08,1,1.0
P10198,Motor,Motor,West,2026-08,1,1.0
P10199,Motor,Motor,West,2026-08,1,1.0
P10200,Motor,Motor,West,2026-08,1,1.0
P10201,Motor,Motor,West,2026-08,1,1.0
P10202,Motor,Motor,West,2026-08,1,1.0
P10203,Motor,Motor,West,2026-08,1,1.0
P10204,Motor,Motor,West,2026-08,1,1.0
P10205,Motor,Motor,West,2026-08,1,1.0
P10206,Motor,Motor,West,2026-08,1,1.0
P10207,Motor,Motor,West,2026-08,1,1.0
P10208,Motor,Motor,West,2026-08,1,1.0
P10209,Motor,Motor,West,2026-08,1,1.0
P10210,Motor,Motor,West,2026-08,1,1.0
P10211,Motor,Motor,West,2026-08,1,1.0
P10212,Motor,Motor,West,2026-08,1,1.0
P10213,Motor,Motor,West,2026-08,1,1.0
P10214,Motor,Motor,West,2026-08,1,1.0
P10215,Motor,Motor,West,2026-08,1,1.0
P10216,Motor,Motor,West,2026-08,1,1.0
P10217,Motor,Motor,West,2026-08,1,1.0
P10218,Motor,Motor,West,2026-08,1,1.0
P10219,Motor,Motor,West,2026-08,1,1.0
P10220,Motor,Motor,West,2026-08,1,1.0
P10221,Motor,Motor,West,2026-08,1,1.0
P10222,Motor,Motor,West,2026-08,1,1.0
P10223,Motor,Motor,West,2026-08,1,1.0
P10224,Motor,Motor,West,2026-08,1,1.0
P10225,Motor,Motor,West,2026-08,1,1.0
P10226,Motor,Motor,West,2026-08,1,1.0
P10227,Motor,Motor,West,2026-08,1,1.0
P10228,Motor,Motor,West,2026-08,1,1.0
P10229,Motor,Motor,West,2026-08,1,1.0
P10230,Motor,Motor,West,2026-08,1,1.0
P10231,Motor,Motor,West,2026-08,1,1.0
P10232,Motor,Motor,West,2026-08,1,1.0
P10233,Motor,Motor,West,2026-08,1,1.0
P10234,Motor,Motor,West,2026-08,1,1.0
P10235,Motor,Motor,West,2026-08,1,1.0
P10236,Motor,Motor,West,2026-08,1,1.0
P10237,Motor,Motor,West,2026-08,1,1.0
P10238,Motor,Motor,West,2026-08,1,1.0
P10239,Motor,Motor,West,2026-08,1,1.0
P10240,Motor,Motor,West,2026-08,1,1.0
P10241,Motor,Motor,West,2026-08,1,1.0
P10242,Motor,Motor,West,2026-08,1,1.0
P10243,Motor,Motor,West,2026-08,1,1.0
P10244,Motor,Motor,West,2026-08,1,1.0
P10245,Motor,Motor,West,2026-08,1,1.0
P10246,Motor,Motor,West,2026-08,1,1.0
P10247,Motor,Motor,West,2026-08,1,1.0
P10248,Motor,Motor,West,2026-08,1,1.0
P10249,Motor,Motor,West,2026-08,1,1.0
P10250,Motor,Motor,West,2026-08,1,1.0
P10251,Motor,Motor,West,2026-08,1,1.0
P10252,Motor,Motor,West,2026-08,1,1.0
P10253,Motor,Motor,West,2026-08,1,1.0
P10254,Motor,Motor,West,2026-08,1,1.0
P10255,Motor,Motor,West,2026-08,1,1.0
P10256,Motor,Motor,West,2026-08,1,1.0
P10257,Motor,Motor,West,2026-08,1,1.0
P10258,Motor,Motor,West,2026-08,1,1.0
P10259,Motor,Motor,West,2026-08,1,1.0
P10260,Motor,Motor,West,2026-08,1,1.0
P10261,Motor,Motor,West,2026-08,1,1.0
P10262,Motor,Motor,West,2026-08,1,1.0
P10263,Motor,Motor,West,2026-08,1,1.0
P10264,Motor,Motor,West,2026-08,1,1.0
P10265,Motor,Motor,West,2026-08,1,1.0
P10266,Motor,Motor,West,2026-08,1,1.0
P10267,Motor,Motor,West,2026-08,1,1.0
P10268,Motor,Motor,West,2026-08,1,1.0
P10269,Motor,Motor,West,2026-08,1,1.0
P10270,Motor,Motor,West,2026-08,1,1.0
P10271,Health,Health,North,2026-08,1,1.0
P10272,Health,Health,North,2026-08,1,1.0
P10273,Health,Health,North,2026-08,1,1.0
P10274,Health,Health,North,2026-08,1,1.0
P10275,Health,Health,North,2026-08,1,1.0
P10276,Health,Health,North,2026-08,1,1.0
P10277,Health,Health,North,2026-08,1,1.0
P10278,Health,Health,North,2026-08,1,1.0
P10279,Health,Health,North,2026-08,1,1.0
P10280,Health,Health,North,2026-08,1,1.0
P10281,Health,Health,North,2026-08,1,1.0
P10282,Health,Health,North,2026-08,1,1.0
P10283,Health,Health,North,2026-08,1,1.0
P10284,Health,Health,North,2026-08,1,1.0
P10285,Health,Health,North,2026-08,1,1.0
P10286,Health,Health,North,2026-08,1,1.0
P10287,Health,Health,North,2026-08,1,1.0
P10288,Health,Health,North,2026-08,1,1.0
P10289,Health,Health,North,2026-08,1,1.0
P10290,Health,Health,North,2026-08,1,1.0
P10291,Health,Health,North,2026-08,1,1.0
P10292,Health,Health,North,2026-08,1,1.0
P10293,Health,Health,North,2026-08,1,1.0
P10294,Health,Health,North,2026-08,1,1.0
P10295,Health,Health,North,2026-08,1,1.0
P10296,Health,Health,North,2026-08,1,1.0
P10297,Health,Health,North,2026-08,1,1.0
P10298,Health,Health,North,2026-08,1,1.0
P10299,Health,Health,North,2026-08,1,1.0
P10300,Health,Health,North,2026-08,1,1.0
P10301,Health,Health,North,2026-08,1,1.0
P10302,Health,Health,North,2026-08,1,1.0
P10303,Health,Health,North,2026-08,1,1.0
P10304,Health,Health,North,2026-08,1,1.0
P10305,Health,Health,North,2026-08,1,1.0
P10306,Health,Health,North,2026-08,1,1.0
P10307,Health,Health,North,2026-08,1,1.0
P10308,Health,Health,North,2026-08,1,1.0
P10309,Health,Health,North,2026-08,1,1.0
P10310,Health,Health,North,2026-08,1,1.0
P10311,Health,Health,North,2026-08,1,1.0
P10312,Health,Health,North,2026-08,1,1.0
P10313,Health,Health,North,2026-08,1,1.0
P10314,Health,Health,North,2026-08,1,1.0
P10315,Health,Health,North,2026-08,1,1.0
P10316,Health,Health,North,2026-08,1,1.0
P10317,Health,Health,North,2026-08,1,1.0
P10318,Health,Health,North,2026-08,1,1.0
P10319,Health,Health,North,2026-08,1,1.0
P10320,Health,Health,North,2026-08,1,1.0
P10321,Health,Health,North,2026-08,1,1.0
P10322,Health,Health,North,2026-08,1,1.0
P10323,Health,Health,North,2026-08,1,1.0
P10324,Health,Health,North,2026-08,1,1.0
P10325,Health,Health,North,2026-08,1,1.0
P10326,Health,Health,North,2026-08,1,1.0
P10327,Health,Health,North,2026-08,1,1.0
P10328,Health,Health,North,2026-08,1,1.0
P10329,Health,Health,North,2026-08,1,1.0
P10330,Health,Health,North,2026-08,1,1.0
P10331,Health,Health,North,2026-08,1,1.0
P10332,Health,Health,North,2026-08,1,1.0
P10333,Health,Health,North,2026-08,1,1.0
P10334,Health,Health,North,2026-08,1,1.0
P10335,Health,Health,North,2026-08,1,1.0
P10336,Health,Health,North,2026-08,1,1.0
P10337,Health,Health,North,2026-08,1,1.0
P10338,Health,Health,North,2026-08,1,1.0
P10339,Health,Health,North,2026-08,1,1.0
P10340,Health,Health,North,2026-08,1,1.0
P10341,Health,Health,North,2026-08,1,1.0
P10342,Health,Health,North,2026-08,1,1.0
P10343,Health,Health,North,2026-08,1,1.0
P10344,Health,Health,North,2026-08,1,1.0
P10345,Health,Health,North,2026-08,1,1.0
P10346,Health,Health,North,2026-08,1,1.0
P10347,Health,Health,North,2026-08,1,1.0
P10348,Health,Health,North,2026-08,1,1.0
P10349,Health,Health,North,2026-08,1,1.0
P10350,Health,Health,North,2026-08,1,1.0
P10351,Health,Health,North,2026-08,1,1.0
P10352,Health,Health,North,2026-08,1,1.0
P10353,Health,Health,North,2026-08,1,1.0
P10354,Health,Health,North,2026-08,1,1.0
P10355,Health,Health,North,2026-08,1,1.0
P10356,Health,Health,North,2026-08,1,1.0
P10357,Health,Health,North,2026-08,1,1.0
P10358,Health,Health,North,2026-08,1,1.0
P10359,Health,Health,North,2026-08,1,1.0
P10360,Health,Health,North,2026-08,1,1.0
P10361,Health,Health,North,2026-08,1,1.0
P10362,Health,Health,North,2026-08,1,1.0
P10363,Health,Health,North,2026-08,1,1.0
P10364,Health,Health,North,2026-08,1,1.0
P10365,Health,Health,North,2026-08,1,1.0
P10366,Health,Health,North,2026-08,1,1.0
P10367,Health,Health,North,2026-08,1,1.0
P10368,Health,Health,North,2026-08,1,1.0
P10369,Health,Health,North,2026-08,1,1.0
P10370,Health,Health,North,2026-08,1,1.0
P10371,Health,Health,North,2026-08,1,1.0
P10372,Health,Health,North,2026-08,1,1.0
P10373,Health,Health,North,2026-08,1,1.0
P10374,Health,Health,North,2026-08,1,1.0
P10375,Health,Health,North,2026-08,1,1.0
P10376,Health,Health,North,2026-08,1,1.0
P10377,Health,Health,North,2026-08,1,1.0
P10378,Health,Health,North,2026-08,1,1.0
P10379,Health,Health,North,2026-08,1,1.0
P10380,Health,Health,North,2026-08,1,1.0
P10381,Health,Health,North,2026-08,1,1.0
P10382,Health,Health,North,2026-08,1,1.0
P10383,Health,Health,North,2026-08,1,1.0
P10384,Health,Health,North,2026-08,1,1.0
P10385,Health,Health,North,2026-08,1,1.0
P10386,Health,Health,North,2026-08,1,1.0
P10387,Health,Health,North,2026-08,1,1.0
P10388,Health,Health,North,2026-08,1,1.0
P10389,Health,Health,North,2026-08,1,1.0
P10390,Health,Health,North,2026-08,1,1.0
P10391,Health,Health,North,2026-08,1,1.0
P10392,Health,Health,North,2026-08,1,1.0
P10393,Health,Health,North,2026-08,1,1.0
P10394,Health,Health,North,2026-08,1,1.0
P10395,Health,Health,North,2026-08,1,1.0
P10396,Health,Health,North,2026-08,1,1.0
P10397,Health,Health,North,2026-08,1,1.0
P10398,Health,Health,North,2026-08,1,1.0
P10399,Health,Health,North,2026-08,1,1.0
P10400,Health,Health,North,2026-08,1,1.0
P10401,Health,Health,North,2026-08,1,1.0
P10402,Health,Health,North,2026-08,1,1.0
P10403,Health,Health,North,2026-08,1,1.0
P10404,Health,Health,North,2026-08,1,1.0
P10405,Health,Health,North,2026-08,1,1.0
P10406,Health,Health,North,2026-08,1,1.0
P10407,Health,Health,North,2026-08,1,1.0
P10408,Health,Health,North,2026-08,1,1.0
P10409,Health,Health,North,2026-08,1,1.0
P10410,Health,Health,North,2026-08,1,1.0
P10411,Health,Health,North,2026-08,1,1.0
P10412,Health,Health,North,2026-08,1,1.0
P10413,Health,Health,North,2026-08,1,1.0
P10414,Health,Health,North,2026-08,1,1.0
P10415,Health,Health,North,2026-08,1,1.0
P10416,Health,Health,North,2026-08,1,1.0
P10417,Health,Health,North,2026-08,1,1.0
P10418,Health,Health,North,2026-08,1,1.0
P10419,Health,Health,North,2026-08,1,1.0
P10420,Health,Health,North,2026-08,1,1.0
P10421,Health,Health,North,2026-08,1,1.0
P10422,Health,Health,North,2026-08,1,1.0
P10423,Health,Health,North,2026-08,1,1.0
P10424,Health,Health,North,2026-08,1,1.0
P10425,Health,Health,North,2026-08,1,1.0
P10426,Health,Health,North,2026-08,1,1.0
P10427,Health,Health,North,2026-08,1,1.0
P10428,Health,Health,North,2026-08,1,1.0
P10429,Health,Health,North,2026-08,1,1.0
P10430,Health,Health,North,2026-08,1,1.0
P10431,Health,Health,North,2026-08,1,1.0
P10432,Health,Health,North,2026-08,1,1.0
P10433,Health,Health,North,2026-08,1,1.0
P10434,Health,Health,North,2026-08,1,1.0
P10435,Health,Health,North,2026-08,1,1.0
P10436,Health,Health,North,2026-08,1,1.0
P10437,Health,Health,North,2026-08,1,1.0
P10438,Health,Health,North,2026-08,1,1.0
P10439,Health,Health,North,2026-08,1,1.0
P10440,Health,Health,North,2026-08,1,1.0
P10441,Health,Health,North,2026-08,1,1.0
P10442,Health,Health,North,2026-08,1,1.0
P10443,Health,Health,North,2026-08,1,1.0
P10444,Health,Health,North,2026-08,1,1.0
P10445,Health,Health,North,2026-08,1,1.0
P10446,Health,Health,North,2026-08,1,1.0
P10447,Health,Health,North,2026-08,1,1.0
P10448,Health,Health,North,2026-08,1,1.0
P10449,Health,Health,North,2026-08,1,1.0
P10450,Health,Health,North,2026-08,1,1.0
P10451,Health,Health,North,2026-08,1,1.0
P10452,Health,Health,North,2026-08,1,1.0
P10453,Health,Health,North,2026-08,1,1.0
P10454,Health,Health,North,2026-08,1,1.0
P10455,Health,Health,North,2026-08,1,1.0
P10456,Health,Health,North,2026-08,1,1.0
P10457,Health,Health,North,2026-08,1,1.0
P10458,Health,Health,North,2026-08,1,1.0
P10459,Health,Health,North,2026-08,1,1.0
P10460,Health,Health,North,2026-08,1,1.0
P10461,Health,Health,North,2026-08,1,1.0
P10462,Health,Health,North,2026-08,1,1.0
P10463,Health,Health,North,2026-08,1,1.0
P10464,Health,Health,North,2026-08,1,1.0
P10465,Health,Health,North,2026-08,1,1.0
P10466,Health,Health,North,2026-08,1,1.0
P10467,Health,Health,North,2026-08,1,1.0
P10468,Health,Health,North,2026-08,1,1.0
P10469,Health,Health,North,2026-08,1,1.0
P10470,Health,Health,North,2026-08,1,1.0
P10471,Health,Health,North,2026-08,1,1.0
P10472,Health,Health,North,2026-08,1,1.0
P10473,Health,Health,North,2026-08,1,1.0
P10474,Health,Health,North,2026-08,1,1.0
P10475,Health,Health,North,2026-08,1,1.0
P10476,Health,Health,North,2026-08,1,1.0
P10477,Health,Health,North,2026-08,1,1.0
P10478,Health,Health,North,2026-08,1,1.0
P10479,Health,Health,North,2026-08,1,1.0
P10480,Health,Health,North,2026-08,1,1.0
P10481,Health,Health,North,2026-08,1,1.0
P10482,Health,Health,North,2026-08,1,1.0
P10483,Health,Health,North,2026-08,1,1.0
P10484,Health,Health,North,2026-08,1,1.0
P10485,Health,Health,North,2026-08,1,1.0
P10486,Health,Health,North,2026-08,1,1.0
P10487,Health,Health,North,2026-08,1,1.0
P10488,Health,Health,North,2026-08,1,1.0
P10489,Health,Health,North,2026-08,1,1.0
P10490,Health,Health,North,2026-08,1,1.0
P10491,Health,Health,North,2026-08,1,1.0
P10492,Health,Health,North,2026-08,1,1.0
P10493,Health,Health,North,2026-08,1,1.0
P10494,Health,Health,North,2026-08,1,1.0
P10495,Health,Health,North,2026-08,1,1.0
P10496,Health,Health,North,2026-08,1,1.0
P10497,Health,Health,South,2026-08,1,1.0
P10498,Health,Health,South,2026-08,1,1.0
P10499,Health,Health,South,2026-08,1,1.0
P10500,Health,Health,South,2026-08,1,1.0
P10501,Health,Health,South,2026-08,1,1.0
P10502,Health,Health,South,2026-08,1,1.0
P10503,Health,Health,South,2026-08,1,1.0
P10504,Health,Health,South,2026-08,1,1.0
P10505,Health,Health,South,2026-08,1,1.0
P10506,Health,Health,South,2026-08,1,1.0
P10507,Health,Health,South,2026-08,1,1.0
P10508,Health,Health,South,2026-08,1,1.0
P10509,Health,Health,South,2026-08,1,1.0
P10510,Health,Health,South,2026-08,1,1.0
P10511,Health,Health,South,2026-08,1,1.0
P10512,Health,Health,South,2026-08,1,1.0
P10513,Health,Health,South,2026-08,1,1.0
P10514,Health,Health,South,2026-08,1,1.0
P10515,Health,Health,South,2026-08,1,1.0
P10516,Health,Health,South,2026-08,1,1.0
P10517,Health,Health,South,2026-08,1,1.0
P10518,Health,Health,South,2026-08,1,1.0
P10519,Health,Health,South,2026-08,1,1.0
P10520,Health,Health,South,2026-08,1,1.0
P10521,Health,Health,South,2026-08,1,1.0
P10522,Health,Health,South,2026-08,1,1.0
P10523,Health,Health,South,2026-08,1,1.0
P10524,Health,Health,South,2026-08,1,1.0
P10525,Health,Health,South,2026-08,1,1.0
P10526,Health,Health,South,2026-08,1,1.0
P10527,Health,Health,South,2026-08,1,1.0
P10528,Health,Health,South,2026-08,1,1.0
P10529,Health,Health,South,2026-08,1,1.0
P10530,Health,Health,South,2026-08,1,1.0
P10531,Health,Health,South,2026-08,1,1.0
P10532,Health,Health,South,2026-08,1,1.0
P10533,Health,Health,South,2026-08,1,1.0
P10534,Health,Health,South,2026-08,1,1.0
P10535,Health,Health,South,2026-08,1,1.0
P10536,Health,Health,South,2026-08,1,1.0
P10537,Health,Health,South,2026-08,1,1.0
P10538,Health,Health,South,2026-08,1,1.0
P10539,Health,Health,South,2026-08,1,1.0
P10540,Health,Health,South,2026-08,1,1.0
P10541,Health,Health,South,2026-08,1,1.0
P10542,Health,Health,South,2026-08,1,1.0
P10543,Health,Health,South,2026-08,1,1.0
P10544,Health,Health,South,2026-08,1,1.0
P10545,Health,Health,South,2026-08,1,1.0
P10546,Health,Health,South,2026-08,1,1.0
P10547,Health,Health,South,2026-08,1,1.0
P10548,Health,Health,South,2026-08,1,1.0
P10549,Health,Health,South,2026-08,1,1.0
P10550,Health,Health,South,2026-08,1,1.0
P10551,Health,Health,South,2026-08,1,1.0
P10552,Health,Health,South,2026-08,1,1.0
P10553,Health,Health,South,2026-08,1,1.0
P10554,Health,Health,South,2026-08,1,1.0
P10555,Health,Health,South,2026-08,1,1.0
P10556,Health,Health,South,2026-08,1,1.0
P10557,Health,Health,South,2026-08,1,1.0
P10558,Health,Health,South,2026-08,1,1.0
P10559,Health,Health,South,2026-08,1,1.0
P10560,Health,Health,South,2026-08,1,1.0
P10561,Health,Health,South,2026-08,1,1.0
P10562,Health,Health,South,2026-08,1,1.0
P10563,Health,Health,South,2026-08,1,1.0
P10564,Health,Health,South,2026-08,1,1.0
P10565,Health,Health,South,2026-08,1,1.0
P10566,Health,Health,South,2026-08,1,1.0
P10567,Health,Health,South,2026-08,1,1.0
P10568,Health,Health,South,2026-08,1,1.0
P10569,Health,Health,South,2026-08,1,1.0
P10570,Health,Health,South,2026-08,1,1.0
P10571,Health,Health,South,2026-08,1,1.0
P10572,Health,Health,South,2026-08,1,1.0
P10573,Health,Health,South,2026-08,1,1.0
P10574,Health,Health,South,2026-08,1,1.0
P10575,Health,Health,South,2026-08,1,1.0
P10576,Health,Health,South,2026-08,1,1.0
P10577,Health,Health,South,2026-08,1,1.0
P10578,Health,Health,South,2026-08,1,1.0
P10579,Health,Health,South,2026-08,1,1.0
P10580,Health,Health,South,2026-08,1,1.0
P10581,Health,Health,South,2026-08,1,1.0
P10582,Health,Health,South,2026-08,1,1.0
P10583,Health,Health,South,2026-08,1,1.0
P10584,Health,Health,South,2026-08,1,1.0
P10585,Health,Health,South,2026-08,1,1.0
P10586,Health,Health,South,2026-08,1,1.0
P10587,Health,Health,South,2026-08,1,1.0
P10588,Health,Health,South,2026-08,1,1.0
P10589,Health,Health,South,2026-08,1,1.0
P10590,Health,Health,South,2026-08,1,1.0
P10591,Health,Health,South,2026-08,1,1.0
P10592,Health,Health,South,2026-08,1,1.0
P10593,Health,Health,South,2026-08,1,1.0
P10594,Health,Health,South,2026-08,1,1.0
P10595,Health,Health,South,2026-08,1,1.0
P10596,Health,Health,South,2026-08,1,1.0
P10597,Health,Health,South,2026-08,1,1.0
P10598,Health,Health,South,2026-08,1,1.0
P10599,Health,Health,South,2026-08,1,1.0
P10600,Health,Health,South,2026-08,1,1.0
P10601,Health,Health,South,2026-08,1,1.0
P10602,Health,Health,South,2026-08,1,1.0
P10603,Health,Health,South,2026-08,1,1.0
P10604,Health,Health,South,2026-08,1,1.0
P10605,Health,Health,South,2026-08,1,1.0
P10606,Health,Health,South,2026-08,1,1.0
P10607,Health,Health,South,2026-08,1,1.0
P10608,Health,Health,South,2026-08,1,1.0
P10609,Health,Health,South,2026-08,1,1.0
P10610,Health,Health,South,2026-08,1,1.0
P10611,Health,Health,South,2026-08,1,1.0
P10612,Health,Health,South,2026-08,1,1.0
P10613,Health,Health,South,2026-08,1,1.0
P10614,Health,Health,South,2026-08,1,1.0
P10615,Health,Health,South,2026-08,1,1.0
P10616,Health,Health,South,2026-08,1,1.0
P10617,Health,Health,South,2026-08,1,1.0
P10618,Health,Health,South,2026-08,1,1.0
P10619,Health,Health,South,2026-08,1,1.0
P10620,Health,Health,South,2026-08,1,1.0
P10621,Health,Health,South,2026-08,1,1.0
P10622,Health,Health,South,2026-08,1,1.0
P10623,Health,Health,South,2026-08,1,1.0
P10624,Health,Health,South,2026-08,1,1.0
P10625,Health,Health,South,2026-08,1,1.0
P10626,Health,Health,South,2026-08,1,1.0
P10627,Health,Health,South,2026-08,1,1.0
P10628,Health,Health,South,2026-08,1,1.0
P10629,Health,Health,South,2026-08,1,1.0
P10630,Health,Health,South,2026-08,1,1.0
P10631,Health,Health,South,2026-08,1,1.0
P10632,Health,Health,South,2026-08,1,1.0
P10633,Health,Health,South,2026-08,1,1.0
P10634,Health,Health,South,2026-08,1,1.0
P10635,Health,Health,South,2026-08,1,1.0
P10636,Health,Health,South,2026-08,1,1.0
P10637,Health,Health,South,2026-08,1,1.0
P10638,Health,Health,South,2026-08,1,1.0
P10639,Health,Health,South,2026-08,1,1.0
P10640,Health,Health,South,2026-08,1,1.0
P10641,Health,Health,South,2026-08,1,1.0
P10642,Health,Health,South,2026-08,1,1.0
P10643,Health,Health,South,2026-08,1,1.0
P10644,Health,Health,South,2026-08,1,1.0
P10645,Health,Health,South,2026-08,1,1.0
P10646,Health,Health,South,2026-08,1,1.0
P10647,Health,Health,South,2026-08,1,1.0
P10648,Health,Health,South,2026-08,1,1.0
P10649,Health,Health,South,2026-08,1,1.0
P10650,Health,Health,South,2026-08,1,1.0
P10651,Health,Health,South,2026-08,1,1.0
P10652,Health,Health,South,2026-08,1,1.0
P10653,Health,Health,South,2026-08,1,1.0
P10654,Health,Health,South,2026-08,1,1.0
P10655,Health,Health,South,2026-08,1,1.0
P10656,Health,Health,South,2026-08,1,1.0
P10657,Health,Health,South,2026-08,1,1.0
P10658,Health,Health,South,2026-08,1,1.0
P10659,Health,Health,South,2026-08,1,1.0
P10660,Health,Health,South,2026-08,1,1.0
P10661,Health,Health,South,2026-08,1,1.0
P10662,Health,Health,South,2026-08,1,1.0
P10663,Health,Health,South,2026-08,1,1.0
P10664,Health,Health,South,2026-08,1,1.0
P10665,Health,Health,South,2026-08,1,1.0
P10666,Health,Health,South,2026-08,1,1.0
P10667,Health,Health,South,2026-08,1,1.0
P10668,Health,Health,South,2026-08,1,1.0
P10669,Health,Health,South,2026-08,1,1.0
P10670,Health,Health,South,2026-08,1,1.0
P10671,Health,Health,South,2026-08,1,1.0
P10672,Health,Health,South,2026-08,1,1.0
P10673,Health,Health,South,2026-08,1,1.0
P10674,Health,Health,South,2026-08,1,1.0
P10675,Health,Health,South,2026-08,1,1.0
P10676,Health,Health,South,2026-08,1,1.0
P10677,Health,Health,South,2026-08,1,1.0
P10678,Health,Health,South,2026-08,1,1.0
P10679,Health,Health,South,2026-08,1,1.0
P10680,Health,Health,South,2026-08,1,1.0
P10681,Health,Health,South,2026-08,1,1.0
P10682,Health,Health,South,2026-08,1,1.0
P10683,Health,Health,South,2026-08,1,1.0
P10684,Health,Health,South,2026-08,1,1.0
P10685,Health,Health,South,2026-08,1,1.0
P10686,Health,Health,South,2026-08,1,1.0
P10687,Health,Health,South,2026-08,1,1.0
P10688,Health,Health,South,2026-08,1,1.0
P10689,Health,Health,South,2026-08,1,1.0
P10690,Health,Health,South,2026-08,1,1.0
P10691,Health,Health,South,2026-08,1,1.0
P10692,Health,Health,South,2026-08,1,1.0
P10693,Health,Health,South,2026-08,1,1.0
P10694,Health,Health,South,2026-08,1,1.0
P10695,Health,Health,South,2026-08,1,1.0
P10696,Health,Health,South,2026-08,1,1.0
P10697,Health,Health,South,2026-08,1,1.0
P10698,Health,Health,South,2026-08,1,1.0
P10699,Health,Health,South,2026-08,1,1.0
P10700,Health,Health,South,2026-08,1,1.0
P10701,Health,Health,South,2026-08,1,1.0
P10702,Health,Health,South,2026-08,1,1.0
P10703,Health,Health,South,2026-08,1,1.0
P10704,Health,Health,South,2026-08,1,1.0
P10705,Health,Health,South,2026-08,1,1.0
P10706,Health,Health,South,2026-08,1,1.0
P10707,Health,Health,South,2026-08,1,1.0
P10708,Health,Health,South,2026-08,1,1.0
P10709,Health,Health,South,2026-08,1,1.0
P10710,Health,Health,South,2026-08,1,1.0
P10711,Health,Health,South,2026-08,1,1.0
P10712,Health,Health,South,2026-08,1,1.0
P10713,Health,Health,East,2026-08,1,1.0
P10714,Health,Health,East,2026-08,1,1.0
P10715,Health,Health,East,2026-08,1,1.0
P10716,Health,Health,East,2026-08,1,1.0
P10717,Health,Health,East,2026-08,1,1.0
P10718,Health,Health,East,2026-08,1,1.0
P10719,Health,Health,East,2026-08,1,1.0
P10720,Health,Health,East,2026-08,1,1.0
P10721,Health,Health,East,2026-08,1,1.0
P10722,Health,Health,East,2026-08,1,1.0
P10723,Health,Health,East,2026-08,1,1.0
P10724,Health,Health,East,2026-08,1,1.0
P10725,Health,Health,East,2026-08,1,1.0
P10726,Health,Health,East,2026-08,1,1.0
P10727,Health,Health,East,2026-08,1,1.0
P10728,Health,Health,East,2026-08,1,1.0
P10729,Health,Health,East,2026-08,1,1.0
P10730,Health,Health,East,2026-08,1,1.0
P10731,Health,Health,East,2026-08,1,1.0
P10732,Health,Health,East,2026-08,1,1.0
P10733,Health,Health,East,2026-08,1,1.0
P10734,Health,Health,East,2026-08,1,1.0
P10735,Health,Health,East,2026-08,1,1.0
P10736,Health,Health,East,2026-08,1,1.0
P10737,Health,Health,East,2026-08,1,1.0
P10738,Health,Health,East,2026-08,1,1.0
P10739,Health,Health,East,2026-08,1,1.0
P10740,Health,Health,East,2026-08,1,1.0
P10741,Health,Health,East,2026-08,1,1.0
P10742,Health,Health,East,2026-08,1,1.0
P10743,Health,Health,East,2026-08,1,1.0
P10744,Health,Health,East,2026-08,1,1.0
P10745,Health,Health,East,2026-08,1,1.0
P10746,Health,Health,East,2026-08,1,1.0
P10747,Health,Health,East,2026-08,1,1.0
P10748,Health,Health,East,2026-08,1,1.0
P10749,Health,Health,East,2026-08,1,1.0
P10750,Health,Health,East,2026-08,1,1.0
P10751,Health,Health,East,2026-08,1,1.0
P10752,Health,Health,East,2026-08,1,1.0
P10753,Health,Health,East,2026-08,1,1.0
P10754,Health,Health,East,2026-08,1,1.0
P10755,Health,Health,East,2026-08,1,1.0
P10756,Health,Health,East,2026-08,1,1.0
P10757,Health,Health,East,2026-08,1,1.0
P10758,Health,Health,East,2026-08,1,1.0
P10759,Health,Health,East,2026-08,1,1.0
P10760,Health,Health,East,2026-08,1,1.0
P10761,Health,Health,East,2026-08,1,1.0
P10762,Health,Health,East,2026-08,1,1.0
P10763,Health,Health,East,2026-08,1,1.0
P10764,Health,Health,East,2026-08,1,1.0
P10765,Health,Health,East,2026-08,1,1.0
P10766,Health,Health,East,2026-08,1,1.0
P10767,Health,Health,East,2026-08,1,1.0
P10768,Health,Health,East,2026-08,1,1.0
P10769,Health,Health,East,2026-08,1,1.0
P10770,Health,Health,East,2026-08,1,1.0
P10771,Health,Health,East,2026-08,1,1.0
P10772,Health,Health,East,2026-08,1,1.0
P10773,Health,Health,East,2026-08,1,1.0
P10774,Health,Health,East,2026-08,1,1.0
P10775,Health,Health,East,2026-08,1,1.0
P10776,Health,Health,East,2026-08,1,1.0
P10777,Health,Health,East,2026-08,1,1.0
P10778,Health,Health,East,2026-08,1,1.0
P10779,Health,Health,East,2026-08,1,1.0
P10780,Health,Health,East,2026-08,1,1.0
P10781,Health,Health,East,2026-08,1,1.0
P10782,Health,Health,East,2026-08,1,1.0
P10783,Health,Health,East,2026-08,1,1.0
P10784,Health,Health,East,2026-08,1,1.0
P10785,Health,Health,East,2026-08,1,1.0
P10786,Health,Health,East,2026-08,1,1.0
P10787,Health,Health,East,2026-08,1,1.0
P10788,Health,Health,East,2026-08,1,1.0
P10789,Health,Health,East,2026-08,1,1.0
P10790,Health,Health,East,2026-08,1,1.0
P10791,Health,Health,East,2026-08,1,1.0
P10792,Health,Health,East,2026-08,1,1.0
P10793,Health,Health,East,2026-08,1,1.0
P10794,Health,Health,East,2026-08,1,1.0
P10795,Health,Health,East,2026-08,1,1.0
P10796,Health,Health,East,2026-08,1,1.0
P10797,Health,Health,East,2026-08,1,1.0
P10798,Health,Health,East,2026-08,1,1.0
P10799,Health,Health,East,2026-08,1,1.0
P10800,Health,Health,East,2026-08,1,1.0
P10801,Health,Health,East,2026-08,1,1.0
P10802,Health,Health,East,2026-08,1,1.0
P10803,Health,Health,East,2026-08,1,1.0
P10804,Health,Health,East,2026-08,1,1.0
P10805,Health,Health,East,2026-08,1,1.0
P10806,Health,Health,East,2026-08,1,1.0
P10807,Health,Health,East,2026-08,1,1.0
P10808,Health,Health,East,2026-08,1,1.0
P10809,Health,Health,East,2026-08,1,1.0
P10810,Health,Health,East,2026-08,1,1.0
P10811,Health,Health,East,2026-08,1,1.0
P10812,Health,Health,East,2026-08,1,1.0
P10813,Health,Health,East,2026-08,1,1.0
P10814,Health,Health,East,2026-08,1,1.0
P10815,Health,Health,East,2026-08,1,1.0
P10816,Health,Health,East,2026-08,1,1.0
P10817,Health,Health,East,2026-08,1,1.0
P10818,Health,Health,East,2026-08,1,1.0
P10819,Health,Health,East,2026-08,1,1.0
P10820,Health,Health,East,2026-08,1,1.0
P10821,Health,Health,East,2026-08,1,1.0
P10822,Health,Health,East,2026-08,1,1.0
P10823,Health,Health,East,2026-08,1,1.0
P10824,Health,Health,East,2026-08,1,1.0
P10825,Health,Health,East,2026-08,1,1.0
P10826,Health,Health,East,2026-08,1,1.0
P10827,Health,Health,East,2026-08,1,1.0
P10828,Health,Health,East,2026-08,1,1.0
P10829,Health,Health,East,2026-08,1,1.0
P10830,Health,Health,East,2026-08,1,1.0
P10831,Health,Health,East,2026-08,1,1.0
P10832,Health,Health,East,2026-08,1,1.0
P10833,Health,Health,East,2026-08,1,1.0
P10834,Health,Health,East,2026-08,1,1.0
P10835,Health,Health,East,2026-08,1,1.0
P10836,Health,Health,East,2026-08,1,1.0
P10837,Health,Health,East,2026-08,1,1.0
P10838,Health,Health,East,2026-08,1,1.0
P10839,Health,Health,East,2026-08,1,1.0
P10840,Health,Health,East,2026-08,1,1.0
P10841,Health,Health,East,2026-08,1,1.0
P10842,Health,Health,East,2026-08,1,1.0
P10843,Health,Health,East,2026-08,1,1.0
P10844,Health,Health,East,2026-08,1,1.0
P10845,Health,Health,East,2026-08,1,1.0
P10846,Health,Health,East,2026-08,1,1.0
P10847,Health,Health,East,2026-08,1,1.0
P10848,Health,Health,East,2026-08,1,1.0
P10849,Health,Health,East,2026-08,1,1.0
P10850,Health,Health,East,2026-08,1,1.0
P10851,Health,Health,East,2026-08,1,1.0
P10852,Health,Health,East,2026-08,1,1.0
P10853,Health,Health,East,2026-08,1,1.0
P10854,Health,Health,East,2026-08,1,1.0
P10855,Health,Health,East,2026-08,1,1.0
P10856,Health,Health,East,2026-08,1,1.0
P10857,Health,Health,East,2026-08,1,1.0
P10858,Health,Health,East,2026-08,1,1.0
P10859,Health,Health,East,2026-08,1,1.0
P10860,Health,Health,East,2026-08,1,1.0
P10861,Health,Health,East,2026-08,1,1.0
P10862,Health,Health,East,2026-08,1,1.0
P10863,Health,Health,East,2026-08,1,1.0
P10864,Health,Health,East,2026-08,1,1.0
P10865,Health,Health,East,2026-08,1,1.0
P10866,Health,Health,East,2026-08,1,1.0
P10867,Health,Health,East,2026-08,1,1.0
P10868,Health,Health,East,2026-08,1,1.0
P10869,Health,Health,East,2026-08,1,1.0
P10870,Health,Health,East,2026-08,1,1.0
P10871,Health,Health,East,2026-08,1,1.0
P10872,Health,Health,East,2026-08,1,1.0
P10873,Health,Health,East,2026-08,1,1.0
P10874,Health,Health,East,2026-08,1,1.0
P10875,Health,Health,East,2026-08,1,1.0
P10876,Health,Health,East,2026-08,1,1.0
P10877,Health,Health,East,2026-08,1,1.0
P10878,Health,Health,East,2026-08,1,1.0
P10879,Health,Health,East,2026-08,1,1.0
P10880,Health,Health,East,2026-08,1,1.0
P10881,Health,Health,East,2026-08,1,1.0
P10882,Health,Health,East,2026-08,1,1.0
P10883,Health,Health,East,2026-08,1,1.0
P10884,Health,Health,East,2026-08,1,1.0
P10885,Health,Health,East,2026-08,1,1.0
P10886,Health,Health,East,2026-08,1,1.0
P10887,Health,Health,East,2026-08,1,1.0
P10888,Health,Health,East,2026-08,1,1.0
P10889,Health,Health,East,2026-08,1,1.0
P10890,Health,Health,East,2026-08,1,1.0
P10891,Health,Health,East,2026-08,1,1.0
P10892,Health,Health,East,2026-08,1,1.0
P10893,Health,Health,East,2026-08,1,1.0
P10894,Health,Health,East,2026-08,1,1.0
P10895,Health,Health,East,2026-08,1,1.0
P10896,Health,Health,East,2026-08,1,1.0
P10897,Health,Health,East,2026-08,1,1.0
P10898,Health,Health,East,2026-08,1,1.0
P10899,Health,Health,East,2026-08,1,1.0
P10900,Health,Health,East,2026-08,1,1.0
P10901,Health,Health,East,2026-08,1,1.0
P10902,Health,Health,East,2026-08,1,1.0
P10903,Health,Health,East,2026-08,1,1.0
P10904,Health,Health,East,2026-08,1,1.0
P10905,Health,Health,East,2026-08,1,1.0
P10906,Health,Health,East,2026-08,1,1.0
P10907,Health,Health,East,2026-08,1,1.0
P10908,Health,Health,East,2026-08,1,1.0
P10909,Health,Health,East,2026-08,1,1.0
P10910,Health,Health,East,2026-08,1,1.0
P10911,Health,Health,East,2026-08,1,1.0
P10912,Health,Health,East,2026-08,1,1.0
P10913,Health,Health,East,2026-08,1,1.0
P10914,Health,Health,East,2026-08,1,1.0
P10915,Health,Health,East,2026-08,1,1.0
P10916,Health,Health,East,2026-08,1,1.0
P10917,Health,Health,East,2026-08,1,1.0
P10918,Health,Health,East,2026-08,1,1.0
P10919,Health,Health,East,2026-08,1,1.0
P10920,Health,Health,West,2026-08,1,1.0
P10921,Health,Health,West,2026-08,1,1.0
P10922,Health,Health,West,2026-08,1,1.0
P10923,Health,Health,West,2026-08,1,1.0
P10924,Health,Health,West,2026-08,1,1.0
P10925,Health,Health,West,2026-08,1,1.0
P10926,Health,Health,West,2026-08,1,1.0
P10927,Health,Health,West,2026-08,1,1.0
P10928,Health,Health,West,2026-08,1,1.0
P10929,Health,Health,West,2026-08,1,1.0
P10930,Health,Health,West,2026-08,1,1.0
P10931,Health,Health,West,2026-08,1,1.0
P10932,Health,Health,West,2026-08,1,1.0
P10933,Health,Health,West,2026-08,1,1.0
P10934,Health,Health,West,2026-08,1,1.0
P10935,Health,Health,West,2026-08,1,1.0
P10936,Health,Health,West,2026-08,1,1.0
P10937,Health,Health,West,2026-08,1,1.0
P10938,Health,Health,West,2026-08,1,1.0
P10939,Health,Health,West,2026-08,1,1.0
P10940,Health,Health,West,2026-08,1,1.0
P10941,Health,Health,West,2026-08,1,1.0
P10942,Health,Health,West,2026-08,1,1.0
P10943,Health,Health,West,2026-08,1,1.0
P10944,Health,Health,West,2026-08,1,1.0
P10945,Health,Health,West,2026-08,1,1.0
P10946,Health,Health,West,2026-08,1,1.0
P10947,Health,Health,West,2026-08,1,1.0
P10948,Health,Health,West,2026-08,1,1.0
P10949,Health,Health,West,2026-08,1,1.0
P10950,Health,Health,West,2026-08,1,1.0
P10951,Health,Health,West,2026-08,1,1.0
P10952,Health,Health,West,2026-08,1,1.0
P10953,Health,Health,West,2026-08,1,1.0
P10954,Health,Health,West,2026-08,1,1.0
P10955,Health,Health,West,2026-08,1,1.0
P10956,Health,Health,West,2026-08,1,1.0
P10957,Health,Health,West,2026-08,1,1.0
P10958,Health,Health,West,2026-08,1,1.0
P10959,Health,Health,West,2026-08,1,1.0
P10960,Health,Health,West,2026-08,1,1.0
P10961,Health,Health,West,2026-08,1,1.0
P10962,Health,Health,West,2026-08,1,1.0
P10963,Health,Health,West,2026-08,1,1.0
P10964,Health,Health,West,2026-08,1,1.0
P10965,Health,Health,West,2026-08,1,1.0
P10966,Health,Health,West,2026-08,1,1.0
P10967,Health,Health,West,2026-08,1,1.0
P10968,Health,Health,West,2026-08,1,1.0
P10969,Health,Health,West,2026-08,1,1.0
P10970,Health,Health,West,2026-08,1,1.0
P10971,Health,Health,West,2026-08,1,1.0
P10972,Health,Health,West,2026-08,1,1.0
P10973,Health,Health,West,2026-08,1,1.0
P10974,Health,Health,West,2026-08,1,1.0
P10975,Health,Health,West,2026-08,1,1.0
P10976,Health,Health,West,2026-08,1,1.0
P10977,Health,Health,West,2026-08,1,1.0
P10978,Health,Health,West,2026-08,1,1.0
P10979,Health,Health,West,2026-08,1,1.0
P10980,Health,Health,West,2026-08,1,1.0
P10981,Health,Health,West,2026-08,1,1.0
P10982,Health,Health,West,2026-08,1,1.0
P10983,Health,Health,West,2026-08,1,1.0
P10984,Health,Health,West,2026-08,1,1.0
P10985,Health,Health,West,2026-08,1,1.0
P10986,Health,Health,West,2026-08,1,1.0
P10987,Health,Health,West,2026-08,1,1.0
P10988,Health,Health,West,2026-08,1,1.0
P10989,Health,Health,West,2026-08,1,1.0
P10990,Health,Health,West,2026-08,1,1.0
P10991,Health,Health,West,2026-08,1,1.0
P10992,Health,Health,West,2026-08,1,1.0
P10993,Health,Health,West,2026-08,1,1.0
P10994,Health,Health,West,2026-08,1,1.0
P10995,Health,Health,West,2026-08,1,1.0
P10996,Health,Health,West,2026-08,1,1.0
P10997,Health,Health,West,2026-08,1,1.0
P10998,Health,Health,West,2026-08,1,1.0
P10999,Health,Health,West,2026-08,1,1.0
P11000,Health,Health,West,2026-08,1,1.0
P11001,Health,Health,West,2026-08,1,1.0
P11002,Health,Health,West,2026-08,1,1.0
P11003,Health,Health,West,2026-08,1,1.0
P11004,Health,Health,West,2026-08,1,1.0
P11005,Health,Health,West,2026-08,1,1.0
P11006,Health,Health,West,2026-08,1,1.0
P11007,Health,Health,West,2026-08,1,1.0
P11008,Health,Health,West,2026-08,1,1.0
P11009,Health,Health,West,2026-08,1,1.0
P11010,Health,Health,West,2026-08,1,1.0
P11011,Health,Health,West,2026-08,1,1.0
P11012,Health,Health,West,2026-08,1,1.0
P11013,Health,Health,West,2026-08,1,1.0
P11014,Health,Health,West,2026-08,1,1.0
P11015,Health,Health,West,2026-08,1,1.0
P11016,Health,Health,West,2026-08,1,1.0
P11017,Health,Health,West,2026-08,1,1.0
P11018,Health,Health,West,2026-08,1,1.0
P11019,Health,Health,West,2026-08,1,1.0
P11020,Health,Health,West,2026-08,1,1.0
P11021,Health,Health,West,2026-08,1,1.0
P11022,Health,Health,West,2026-08,1,1.0
P11023,Health,Health,West,2026-08,1,1.0
P11024,Health,Health,West,2026-08,1,1.0
P11025,Health,Health,West,2026-08,1,1.0
P11026,Health,Health,West,2026-08,1,1.0
P11027,Health,Health,West,2026-08,1,1.0
P11028,Health,Health,West,2026-08,1,1.0
P11029,Health,Health,West,2026-08,1,1.0
P11030,Health,Health,West,2026-08,1,1.0
P11031,Health,Health,West,2026-08,1,1.0
P11032,Health,Health,West,2026-08,1,1.0
P11033,Health,Health,West,2026-08,1,1.0
P11034,Health,Health,West,2026-08,1,1.0
P11035,Health,Health,West,2026-08,1,1.0
P11036,Health,Health,West,2026-08,1,1.0
P11037,Health,Health,West,2026-08,1,1.0
P11038,Health,Health,West,2026-08,1,1.0
P11039,Health,Health,West,2026-08,1,1.0
P11040,Health,Health,West,2026-08,1,1.0
P11041,Health,Health,West,2026-08,1,1.0
P11042,Health,Health,West,2026-08,1,1.0
P11043,Health,Health,West,2026-08,1,1.0
P11044,Health,Health,West,2026-08,1,1.0
P11045,Health,Health,West,2026-08,1,1.0
P11046,Health,Health,West,2026-08,1,1.0
P11047,Health,Health,West,2026-08,1,1.0
P11048,Health,Health,West,2026-08,1,1.0
P11049,Health,Health,West,2026-08,1,1.0
P11050,Health,Health,West,2026-08,1,1.0
P11051,Health,Health,West,2026-08,1,1.0
P11052,Health,Health,West,2026-08,1,1.0
P11053,Health,Health,West,2026-08,1,1.0
P11054,Health,Health,West,2026-08,1,1.0
P11055,Health,Health,West,2026-08,1,1.0
P11056,Health,Health,West,2026-08,1,1.0
P11057,Health,Health,West,2026-08,1,1.0
P11058,Health,Health,West,2026-08,1,1.0
P11059,Health,Health,West,2026-08,1,1.0
P11060,Health,Health,West,2026-08,1,1.0
P11061,Health,Health,West,2026-08,1,1.0
P11062,Health,Health,West,2026-08,1,1.0
P11063,Health,Health,West,2026-08,1,1.0
P11064,Health,Health,West,2026-08,1,1.0
P11065,Health,Health,West,2026-08,1,1.0
P11066,Health,Health,West,2026-08,1,1.0
P11067,Health,Health,West,2026-08,1,1.0
P11068,Health,Health,West,2026-08,1,1.0
P11069,Health,Health,West,2026-08,1,1.0
P11070,Health,Health,West,2026-08,1,1.0
P11071,Health,Health,West,2026-08,1,1.0
P11072,Health,Health,West,2026-08,1,1.0
P11073,Health,Health,West,2026-08,1,1.0
P11074,Health,Health,West,2026-08,1,1.0
P11075,Health,Health,West,2026-08,1,1.0
P11076,Health,Health,West,2026-08,1,1.0
P11077,Health,Health,West,2026-08,1,1.0
P11078,Health,Health,West,2026-08,1,1.0
P11079,Health,Health,West,2026-08,1,1.0
P11080,Health,Health,West,2026-08,1,1.0
P11081,Health,Health,West,2026-08,1,1.0
P11082,Health,Health,West,2026-08,1,1.0
P11083,Health,Health,West,2026-08,1,1.0
P11084,Health,Health,West,2026-08,1,1.0
P11085,Health,Health,West,2026-08,1,1.0
P11086,Health,Health,West,2026-08,1,1.0
P11087,Health,Health,West,2026-08,1,1.0
P11088,Health,Health,West,2026-08,1,1.0
P11089,Health,Health,West,2026-08,1,1.0
P11090,Health,Health,West,2026-08,1,1.0
P11091,Health,Health,West,2026-08,1,1.0
P11092,Health,Health,West,2026-08,1,1.0
P11093,Health,Health,West,2026-08,1,1.0
P11094,Health,Health,West,2026-08,1,1.0
P11095,Health,Health,West,2026-08,1,1.0
P11096,Health,Health,West,2026-08,1,1.0
P11097,Health,Health,West,2026-08,1,1.0
P11098,Health,Health,West,2026-08,1,1.0
P11099,Health,Health,West,2026-08,1,1.0
P11100,Health,Health,West,2026-08,1,1.0
P11101,Health,Health,West,2026-08,1,1.0
P11102,Health,Health,West,2026-08,1,1.0
P11103,Health,Health,West,2026-08,1,1.0
P11104,Health,Health,West,2026-08,1,1.0
P11105,Health,Health,West,2026-08,1,1.0
P11106,Health,Health,West,2026-08,1,1.0
P11107,Health,Health,West,2026-08,1,1.0
P11108,Health,Health,West,2026-08,1,1.0
P11109,Health,Health,West,2026-08,1,1.0
P11110,Health,Health,West,2026-08,1,1.0
P11111,Health,Health,West,2026-08,1,1.0
P11112,Health,Health,West,2026-08,1,1.0
P11113,Health,Health,West,2026-08,1,1.0
P11114,Health,Health,West,2026-08,1,1.0
P11115,Health,Health,West,2026-08,1,1.0
P11116,Health,Health,West,2026-08,1,1.0
P11117,Home,Home,North,2026-08,1,1.0
P11118,Home,Home,North,2026-08,1,1.0
P11119,Home,Home,North,2026-08,1,1.0
P11120,Home,Home,North,2026-08,1,1.0
P11121,Home,Home,North,2026-08,1,1.0
P11122,Home,Home,North,2026-08,1,1.0
P11123,Home,Home,North,2026-08,1,1.0
P11124,Home,Home,North,2026-08,1,1.0
P11125,Home,Home,North,2026-08,1,1.0
P11126,Home,Home,North,2026-08,1,1.0
P11127,Home,Home,North,2026-08,1,1.0
P11128,Home,Home,North,2026-08,1,1.0
P11129,Home,Home,North,2026-08,1,1.0
P11130,Home,Home,North,2026-08,1,1.0
P11131,Home,Home,North,2026-08,1,1.0
P11132,Home,Home,North,2026-08,1,1.0
P11133,Home,Home,North,2026-08,1,1.0
P11134,Home,Home,North,2026-08,1,1.0
P11135,Home,Home,North,2026-08,1,1.0
P11136,Home,Home,North,2026-08,1,1.0
P11137,Home,Home,North,2026-08,1,1.0
P11138,Home,Home,North,2026-08,1,1.0
P11139,Home,Home,North,2026-08,1,1.0
P11140,Home,Home,North,2026-08,1,1.0
P11141,Home,Home,North,2026-08,1,1.0
P11142,Home,Home,North,2026-08,1,1.0
P11143,Home,Home,North,2026-08,1,1.0
P11144,Home,Home,North,2026-08,1,1.0
P11145,Home,Home,North,2026-08,1,1.0
P11146,Home,Home,North,2026-08,1,1.0
P11147,Home,Home,North,2026-08,1,1.0
P11148,Home,Home,North,2026-08,1,1.0
P11149,Home,Home,North,2026-08,1,1.0
P11150,Home,Home,North,2026-08,1,1.0
P11151,Home,Home,North,2026-08,1,1.0
P11152,Home,Home,North,2026-08,1,1.0
P11153,Home,Home,North,2026-08,1,1.0
P11154,Home,Home,North,2026-08,1,1.0
P11155,Home,Home,North,2026-08,1,1.0
P11156,Home,Home,North,2026-08,1,1.0
P11157,Home,Home,North,2026-08,1,1.0
P11158,Home,Home,North,2026-08,1,1.0
P11159,Home,Home,North,2026-08,1,1.0
P11160,Home,Home,North,2026-08,1,1.0
P11161,Home,Home,North,2026-08,1,1.0
P11162,Home,Home,North,2026-08,1,1.0
P11163,Home,Home,North,2026-08,1,1.0
P11164,Home,Home,North,2026-08,1,1.0
P11165,Home,Home,North,2026-08,1,1.0
P11166,Home,Home,North,2026-08,1,1.0
P11167,Home,Home,North,2026-08,1,1.0
P11168,Home,Home,North,2026-08,1,1.0
P11169,Home,Home,North,2026-08,1,1.0
P11170,Home,Home,North,2026-08,1,1.0
P11171,Home,Home,North,2026-08,1,1.0
P11172,Home,Home,North,2026-08,1,1.0
P11173,Home,Home,North,2026-08,1,1.0
P11174,Home,Home,North,2026-08,1,1.0
P11175,Home,Home,North,2026-08,1,1.0
P11176,Home,Home,North,2026-08,1,1.0
P11177,Home,Home,North,2026-08,1,1.0
P11178,Home,Home,North,2026-08,1,1.0
P11179,Home,Home,North,2026-08,1,1.0
P11180,Home,Home,North,2026-08,1,1.0
P11181,Home,Home,North,2026-08,1,1.0
P11182,Home,Home,North,2026-08,1,1.0
P11183,Home,Home,North,2026-08,1,1.0
P11184,Home,Home,North,2026-08,1,1.0
P11185,Home,Home,North,2026-08,1,1.0
P11186,Home,Home,North,2026-08,1,1.0
P11187,Home,Home,North,2026-08,1,1.0
P11188,Home,Home,North,2026-08,1,1.0
P11189,Home,Home,North,2026-08,1,1.0
P11190,Home,Home,North,2026-08,1,1.0
P11191,Home,Home,North,2026-08,1,1.0
P11192,Home,Home,North,2026-08,1,1.0
P11193,Home,Home,North,2026-08,1,1.0
P11194,Home,Home,North,2026-08,1,1.0
P11195,Home,Home,North,2026-08,1,1.0
P11196,Home,Home,North,2026-08,1,1.0
P11197,Home,Home,North,2026-08,1,1.0
P11198,Home,Home,North,2026-08,1,1.0
P11199,Home,Home,North,2026-08,1,1.0
P11200,Home,Home,North,2026-08,1,1.0
P11201,Home,Home,North,2026-08,1,1.0
P11202,Home,Home,North,2026-08,1,1.0
P11203,Home,Home,North,2026-08,1,1.0
P11204,Home,Home,North,2026-08,1,1.0
P11205,Home,Home,North,2026-08,1,1.0
P11206,Home,Home,North,2026-08,1,1.0
P11207,Home,Home,North,2026-08,1,1.0
P11208,Home,Home,North,2026-08,1,1.0
P11209,Home,Home,North,2026-08,1,1.0
P11210,Home,Home,North,2026-08,1,1.0
P11211,Home,Home,North,2026-08,1,1.0
P11212,Home,Home,North,2026-08,1,1.0
P11213,Home,Home,North,2026-08,1,1.0
P11214,Home,Home,North,2026-08,1,1.0
P11215,Home,Home,North,2026-08,1,1.0
P11216,Home,Home,North,2026-08,1,1.0
P11217,Home,Home,North,2026-08,1,1.0
P11218,Home,Home,North,2026-08,1,1.0
P11219,Home,Home,North,2026-08,1,1.0
P11220,Home,Home,North,2026-08,1,1.0
P11221,Home,Home,North,2026-08,1,1.0
P11222,Home,Home,North,2026-08,1,1.0
P11223,Home,Home,North,2026-08,1,1.0
P11224,Home,Home,North,2026-08,1,1.0
P11225,Home,Home,North,2026-08,1,1.0
P11226,Home,Home,North,2026-08,1,1.0
P11227,Home,Home,North,2026-08,1,1.0
P11228,Home,Home,North,2026-08,1,1.0
P11229,Home,Home,North,2026-08,1,1.0
P11230,Home,Home,North,2026-08,1,1.0
P11231,Home,Home,North,2026-08,1,1.0
P11232,Home,Home,North,2026-08,1,1.0
P11233,Home,Home,North,2026-08,1,1.0
P11234,Home,Home,North,2026-08,1,1.0
P11235,Home,Home,North,2026-08,1,1.0
P11236,Home,Home,North,2026-08,1,1.0
P11237,Home,Home,North,2026-08,1,1.0
P11238,Home,Home,North,2026-08,1,1.0
P11239,Home,Home,North,2026-08,1,1.0
P11240,Home,Home,North,2026-08,1,1.0
P11241,Home,Home,North,2026-08,1,1.0
P11242,Home,Home,North,2026-08,1,1.0
P11243,Home,Home,North,2026-08,1,1.0
P11244,Home,Home,North,2026-08,1,1.0
P11245,Home,Home,North,2026-08,1,1.0
P11246,Home,Home,North,2026-08,1,1.0
P11247,Home,Home,North,2026-08,1,1.0
P11248,Home,Home,North,2026-08,1,1.0
P11249,Home,Home,North,2026-08,1,1.0
P11250,Home,Home,North,2026-08,1,1.0
P11251,Home,Home,North,2026-08,1,1.0
P11252,Home,Home,North,2026-08,1,1.0
P11253,Home,Home,North,2026-08,1,1.0
P11254,Home,Home,North,2026-08,1,1.0
P11255,Home,Home,North,2026-08,1,1.0
P11256,Home,Home,North,2026-08,1,1.0
P11257,Home,Home,North,2026-08,1,1.0
P11258,Home,Home,North,2026-08,1,1.0
P11259,Home,Home,North,2026-08,1,1.0
P11260,Home,Home,North,2026-08,1,1.0
P11261,Home,Home,North,2026-08,1,1.0
P11262,Home,Home,North,2026-08,1,1.0
P11263,Home,Home,North,2026-08,1,1.0
P11264,Home,Home,North,2026-08,1,1.0
P11265,Home,Home,North,2026-08,1,1.0
P11266,Home,Home,North,2026-08,1,1.0
P11267,Home,Home,South,2026-08,1,1.0
P11268,Home,Home,South,2026-08,1,1.0
P11269,Home,Home,South,2026-08,1,1.0
P11270,Home,Home,South,2026-08,1,1.0
P11271,Home,Home,South,2026-08,1,1.0
P11272,Home,Home,South,2026-08,1,1.0
P11273,Home,Home,South,2026-08,1,1.0
P11274,Home,Home,South,2026-08,1,1.0
P11275,Home,Home,South,2026-08,1,1.0
P11276,Home,Home,South,2026-08,1,1.0
P11277,Home,Home,South,2026-08,1,1.0
P11278,Home,Home,South,2026-08,1,1.0
P11279,Home,Home,South,2026-08,1,1.0
P11280,Home,Home,South,2026-08,1,1.0
P11281,Home,Home,South,2026-08,1,1.0
P11282,Home,Home,South,2026-08,1,1.0
P11283,Home,Home,South,2026-08,1,1.0
P11284,Home,Home,South,2026-08,1,1.0
P11285,Home,Home,South,2026-08,1,1.0
P11286,Home,Home,South,2026-08,1,1.0
P11287,Home,Home,South,2026-08,1,1.0
P11288,Home,Home,South,2026-08,1,1.0
P11289,Home,Home,South,2026-08,1,1.0
P11290,Home,Home,South,2026-08,1,1.0
P11291,Home,Home,South,2026-08,1,1.0
P11292,Home,Home,South,2026-08,1,1.0
P11293,Home,Home,South,2026-08,1,1.0
P11294,Home,Home,South,2026-08,1,1.0
P11295,Home,Home,South,2026-08,1,1.0
P11296,Home,Home,South,2026-08,1,1.0
P11297,Home,Home,South,2026-08,1,1.0
P11298,Home,Home,South,2026-08,1,1.0
P11299,Home,Home,South,2026-08,1,1.0
P11300,Home,Home,South,2026-08,1,1.0
P11301,Home,Home,South,2026-08,1,1.0
P11302,Home,Home,South,2026-08,1,1.0
P11303,Home,Home,South,2026-08,1,1.0
P11304,Home,Home,South,2026-08,1,1.0
P11305,Home,Home,South,2026-08,1,1.0
P11306,Home,Home,South,2026-08,1,1.0
P11307,Home,Home,South,2026-08,1,1.0
P11308,Home,Home,South,2026-08,1,1.0
P11309,Home,Home,South,2026-08,1,1.0
P11310,Home,Home,South,2026-08,1,1.0
P11311,Home,Home,South,2026-08,1,1.0
P11312,Home,Home,South,2026-08,1,1.0
P11313,Home,Home,South,2026-08,1,1.0
P11314,Home,Home,South,2026-08,1,1.0
P11315,Home,Home,South,2026-08,1,1.0
P11316,Home,Home,South,2026-08,1,1.0
P11317,Home,Home,South,2026-08,1,1.0
P11318,Home,Home,South,2026-08,1,1.0
P11319,Home,Home,South,2026-08,1,1.0
P11320,Home,Home,South,2026-08,1,1.0
P11321,Home,Home,South,2026-08,1,1.0
P11322,Home,Home,South,2026-08,1,1.0
P11323,Home,Home,South,2026-08,1,1.0
P11324,Home,Home,South,2026-08,1,1.0
P11325,Home,Home,South,2026-08,1,1.0
P11326,Home,Home,South,2026-08,1,1.0
P11327,Home,Home,South,2026-08,1,1.0
P11328,Home,Home,South,2026-08,1,1.0
P11329,Home,Home,South,2026-08,1,1.0
P11330,Home,Home,South,2026-08,1,1.0
P11331,Home,Home,South,2026-08,1,1.0
P11332,Home,Home,South,2026-08,1,1.0
P11333,Home,Home,South,2026-08,1,1.0
P11334,Home,Home,South,2026-08,1,1.0
P11335,Home,Home,South,2026-08,1,1.0
P11336,Home,Home,South,2026-08,1,1.0
P11337,Home,Home,South,2026-08,1,1.0
P11338,Home,Home,South,2026-08,1,1.0
P11339,Home,Home,South,2026-08,1,1.0
P11340,Home,Home,South,2026-08,1,1.0
P11341,Home,Home,South,2026-08,1,1.0
P11342,Home,Home,South,2026-08,1,1.0
P11343,Home,Home,South,2026-08,1,1.0
P11344,Home,Home,South,2026-08,1,1.0
P11345,Home,Home,South,2026-08,1,1.0
P11346,Home,Home,South,2026-08,1,1.0
P11347,Home,Home,South,2026-08,1,1.0
P11348,Home,Home,South,2026-08,1,1.0
P11349,Home,Home,South,2026-08,1,1.0
P11350,Home,Home,South,2026-08,1,1.0
P11351,Home,Home,South,2026-08,1,1.0
P11352,Home,Home,South,2026-08,1,1.0
P11353,Home,Home,South,2026-08,1,1.0
P11354,Home,Home,South,2026-08,1,1.0
P11355,Home,Home,South,2026-08,1,1.0
P11356,Home,Home,South,2026-08,1,1.0
P11357,Home,Home,South,2026-08,1,1.0
P11358,Home,Home,South,2026-08,1,1.0
P11359,Home,Home,South,2026-08,1,1.0
P11360,Home,Home,South,2026-08,1,1.0
P11361,Home,Home,South,2026-08,1,1.0
P11362,Home,Home,South,2026-08,1,1.0
P11363,Home,Home,South,2026-08,1,1.0
P11364,Home,Home,South,2026-08,1,1.0
P11365,Home,Home,South,2026-08,1,1.0
P11366,Home,Home,South,2026-08,1,1.0
P11367,Home,Home,South,2026-08,1,1.0
P11368,Home,Home,South,2026-08,1,1.0
P11369,Home,Home,South,2026-08,1,1.0
P11370,Home,Home,South,2026-08,1,1.0
P11371,Home,Home,South,2026-08,1,1.0
P11372,Home,Home,South,2026-08,1,1.0
P11373,Home,Home,South,2026-08,1,1.0
P11374,Home,Home,South,2026-08,1,1.0
P11375,Home,Home,South,2026-08,1,1.0
P11376,Home,Home,South,2026-08,1,1.0
P11377,Home,Home,South,2026-08,1,1.0
P11378,Home,Home,South,2026-08,1,1.0
P11379,Home,Home,South,2026-08,1,1.0
P11380,Home,Home,South,2026-08,1,1.0
P11381,Home,Home,South,2026-08,1,1.0
P11382,Home,Home,South,2026-08,1,1.0
P11383,Home,Home,South,2026-08,1,1.0
P11384,Home,Home,South,2026-08,1,1.0
P11385,Home,Home,South,2026-08,1,1.0
P11386,Home,Home,South,2026-08,1,1.0
P11387,Home,Home,South,2026-08,1,1.0
P11388,Home,Home,South,2026-08,1,1.0
P11389,Home,Home,South,2026-08,1,1.0
P11390,Home,Home,South,2026-08,1,1.0
P11391,Home,Home,South,2026-08,1,1.0
P11392,Home,Home,South,2026-08,1,1.0
P11393,Home,Home,South,2026-08,1,1.0
P11394,Home,Home,South,2026-08,1,1.0
P11395,Home,Home,South,2026-08,1,1.0
P11396,Home,Home,South,2026-08,1,1.0
P11397,Home,Home,South,2026-08,1,1.0
P11398,Home,Home,South,2026-08,1,1.0
P11399,Home,Home,South,2026-08,1,1.0
P11400,Home,Home,South,2026-08,1,1.0
P11401,Home,Home,South,2026-08,1,1.0
P11402,Home,Home,South,2026-08,1,1.0
P11403,Home,Home,South,2026-08,1,1.0
P11404,Home,Home,South,2026-08,1,1.0
P11405,Home,Home,South,2026-08,1,1.0
P11406,Home,Home,South,2026-08,1,1.0
P11407,Home,Home,South,2026-08,1,1.0
P11408,Home,Home,East,2026-08,1,1.0
P11409,Home,Home,East,2026-08,1,1.0
P11410,Home,Home,East,2026-08,1,1.0
P11411,Home,Home,East,2026-08,1,1.0
P11412,Home,Home,East,2026-08,1,1.0
P11413,Home,Home,East,2026-08,1,1.0
P11414,Home,Home,East,2026-08,1,1.0
P11415,Home,Home,East,2026-08,1,1.0
P11416,Home,Home,East,2026-08,1,1.0
P11417,Home,Home,East,2026-08,1,1.0
P11418,Home,Home,East,2026-08,1,1.0
P11419,Home,Home,East,2026-08,1,1.0
P11420,Home,Home,East,2026-08,1,1.0
P11421,Home,Home,East,2026-08,1,1.0
P11422,Home,Home,East,2026-08,1,1.0
P11423,Home,Home,East,2026-08,1,1.0
P11424,Home,Home,East,2026-08,1,1.0
P11425,Home,Home,East,2026-08,1,1.0
P11426,Home,Home,East,2026-08,1,1.0
P11427,Home,Home,East,2026-08,1,1.0
P11428,Home,Home,East,2026-08,1,1.0
P11429,Home,Home,East,2026-08,1,1.0
P11430,Home,Home,East,2026-08,1,1.0
P11431,Home,Home,East,2026-08,1,1.0
P11432,Home,Home,East,2026-08,1,1.0
P11433,Home,Home,East,2026-08,1,1.0
P11434,Home,Home,East,2026-08,1,1.0
P11435,Home,Home,East,2026-08,1,1.0
P11436,Home,Home,East,2026-08,1,1.0
P11437,Home,Home,East,2026-08,1,1.0
P11438,Home,Home,East,2026-08,1,1.0
P11439,Home,Home,East,2026-08,1,1.0
P11440,Home,Home,East,2026-08,1,1.0
P11441,Home,Home,East,2026-08,1,1.0
P11442,Home,Home,East,2026-08,1,1.0
P11443,Home,Home,East,2026-08,1,1.0
P11444,Home,Home,East,2026-08,1,1.0
P11445,Home,Home,East,2026-08,1,1.0
P11446,Home,Home,East,2026-08,1,1.0
P11447,Home,Home,East,2026-08,1,1.0
P11448,Home,Home,East,2026-08,1,1.0
P11449,Home,Home,East,2026-08,1,1.0
P11450,Home,Home,East,2026-08,1,1.0
P11451,Home,Home,East,2026-08,1,1.0
P11452,Home,Home,East,2026-08,1,1.0
P11453,Home,Home,East,2026-08,1,1.0
P11454,Home,Home,East,2026-08,1,1.0
P11455,Home,Home,East,2026-08,1,1.0
P11456,Home,Home,East,2026-08,1,1.0
P11457,Home,Home,East,2026-08,1,1.0
P11458,Home,Home,East,2026-08,1,1.0
P11459,Home,Home,East,2026-08,1,1.0
P11460,Home,Home,East,2026-08,1,1.0
P11461,Home,Home,East,2026-08,1,1.0
P11462,Home,Home,East,2026-08,1,1.0
P11463,Home,Home,East,2026-08,1,1.0
P11464,Home,Home,East,2026-08,1,1.0
P11465,Home,Home,East,2026-08,1,1.0
P11466,Home,Home,East,2026-08,1,1.0
P11467,Home,Home,East,2026-08,1,1.0
P11468,Home,Home,East,2026-08,1,1.0
P11469,Home,Home,East,2026-08,1,1.0
P11470,Home,Home,East,2026-08,1,1.0
P11471,Home,Home,East,2026-08,1,1.0
P11472,Home,Home,East,2026-08,1,1.0
P11473,Home,Home,East,2026-08,1,1.0
P11474,Home,Home,East,2026-08,1,1.0
P11475,Home,Home,East,2026-08,1,1.0
P11476,Home,Home,East,2026-08,1,1.0
P11477,Home,Home,East,2026-08,1,1.0
P11478,Home,Home,East,2026-08,1,1.0
P11479,Home,Home,East,2026-08,1,1.0
P11480,Home,Home,East,2026-08,1,1.0
P11481,Home,Home,East,2026-08,1,1.0
P11482,Home,Home,East,2026-08,1,1.0
P11483,Home,Home,East,2026-08,1,1.0
P11484,Home,Home,East,2026-08,1,1.0
P11485,Home,Home,East,2026-08,1,1.0
P11486,Home,Home,East,2026-08,1,1.0
P11487,Home,Home,East,2026-08,1,1.0
P11488,Home,Home,East,2026-08,1,1.0
P11489,Home,Home,East,2026-08,1,1.0
P11490,Home,Home,East,2026-08,1,1.0
P11491,Home,Home,East,2026-08,1,1.0
P11492,Home,Home,East,2026-08,1,1.0
P11493,Home,Home,East,2026-08,1,1.0
P11494,Home,Home,East,2026-08,1,1.0
P11495,Home,Home,East,2026-08,1,1.0
P11496,Home,Home,East,2026-08,1,1.0
P11497,Home,Home,East,2026-08,1,1.0
P11498,Home,Home,East,2026-08,1,1.0
P11499,Home,Home,East,2026-08,1,1.0
P11500,Home,Home,East,2026-08,1,1.0
P11501,Home,Home,East,2026-08,1,1.0
P11502,Home,Home,East,2026-08,1,1.0
P11503,Home,Home,East,2026-08,1,1.0
P11504,Home,Home,East,2026-08,1,1.0
P11505,Home,Home,East,2026-08,1,1.0
P11506,Home,Home,East,2026-08,1,1.0
P11507,Home,Home,East,2026-08,1,1.0
P11508,Home,Home,East,2026-08,1,1.0
P11509,Home,Home,East,2026-08,1,1.0
P11510,Home,Home,East,2026-08,1,1.0
P11511,Home,Home,East,2026-08,1,1.0
P11512,Home,Home,East,2026-08,1,1.0
P11513,Home,Home,East,2026-08,1,1.0
P11514,Home,Home,East,2026-08,1,1.0
P11515,Home,Home,East,2026-08,1,1.0
P11516,Home,Home,East,2026-08,1,1.0
P11517,Home,Home,East,2026-08,1,1.0
P11518,Home,Home,East,2026-08,1,1.0
P11519,Home,Home,East,2026-08,1,1.0
P11520,Home,Home,East,2026-08,1,1.0
P11521,Home,Home,East,2026-08,1,1.0
P11522,Home,Home,East,2026-08,1,1.0
P11523,Home,Home,East,2026-08,1,1.0
P11524,Home,Home,East,2026-08,1,1.0
P11525,Home,Home,East,2026-08,1,1.0
P11526,Home,Home,East,2026-08,1,1.0
P11527,Home,Home,East,2026-08,1,1.0
P11528,Home,Home,East,2026-08,1,1.0
P11529,Home,Home,East,2026-08,1,1.0
P11530,Home,Home,East,2026-08,1,1.0
P11531,Home,Home,East,2026-08,1,1.0
P11532,Home,Home,East,2026-08,1,1.0
P11533,Home,Home,East,2026-08,1,1.0
P11534,Home,Home,East,2026-08,1,1.0
P11535,Home,Home,East,2026-08,1,1.0
P11536,Home,Home,East,2026-08,1,1.0
P11537,Home,Home,East,2026-08,1,1.0
P11538,Home,Home,East,2026-08,1,1.0
P11539,Home,Home,East,2026-08,1,1.0
P11540,Home,Home,West,2026-08,1,1.0
P11541,Home,Home,West,2026-08,1,1.0
P11542,Home,Home,West,2026-08,1,1.0
P11543,Home,Home,West,2026-08,1,1.0
P11544,Home,Home,West,2026-08,1,1.0
P11545,Home,Home,West,2026-08,1,1.0
P11546,Home,Home,West,2026-08,1,1.0
P11547,Home,Home,West,2026-08,1,1.0
P11548,Home,Home,West,2026-08,1,1.0
P11549,Home,Home,West,2026-08,1,1.0
P11550,Home,Home,West,2026-08,1,1.0
P11551,Home,Home,West,2026-08,1,1.0
P11552,Home,Home,West,2026-08,1,1.0
P11553,Home,Home,West,2026-08,1,1.0
P11554,Home,Home,West,2026-08,1,1.0
P11555,Home,Home,West,2026-08,1,1.0
P11556,Home,Home,West,2026-08,1,1.0
P11557,Home,Home,West,2026-08,1,1.0
P11558,Home,Home,West,2026-08,1,1.0
P11559,Home,Home,West,2026-08,1,1.0
P11560,Home,Home,West,2026-08,1,1.0
P11561,Home,Home,West,2026-08,1,1.0
P11562,Home,Home,West,2026-08,1,1.0
P11563,Home,Home,West,2026-08,1,1.0
P11564,Home,Home,West,2026-08,1,1.0
P11565,Home,Home,West,2026-08,1,1.0
P11566,Home,Home,West,2026-08,1,1.0
P11567,Home,Home,West,2026-08,1,1.0
P11568,Home,Home,West,2026-08,1,1.0
P11569,Home,Home,West,2026-08,1,1.0
P11570,Home,Home,West,2026-08,1,1.0
P11571,Home,Home,West,2026-08,1,1.0
P11572,Home,Home,West,2026-08,1,1.0
P11573,Home,Home,West,2026-08,1,1.0
P11574,Home,Home,West,2026-08,1,1.0
P11575,Home,Home,West,2026-08,1,1.0
P11576,Home,Home,West,2026-08,1,1.0
P11577,Home,Home,West,2026-08,1,1.0
P11578,Home,Home,West,2026-08,1,1.0
P11579,Home,Home,West,2026-08,1,1.0
P11580,Home,Home,West,2026-08,1,1.0
P11581,Home,Home,West,2026-08,1,1.0
P11582,Home,Home,West,2026-08,1,1.0
P11583,Home,Home,West,2026-08,1,1.0
P11584,Home,Home,West,2026-08,1,1.0
P11585,Home,Home,West,2026-08,1,1.0
P11586,Home,Home,West,2026-08,1,1.0
P11587,Home,Home,West,2026-08,1,1.0
P11588,Home,Home,West,2026-08,1,1.0
P11589,Home,Home,West,2026-08,1,1.0
P11590,Home,Home,West,2026-08,1,1.0
P11591,Home,Home,West,2026-08,1,1.0
P11592,Home,Home,West,2026-08,1,1.0
P11593,Home,Home,West,2026-08,1,1.0
P11594,Home,Home,West,2026-08,1,1.0
P11595,Home,Home,West,2026-08,1,1.0
P11596,Home,Home,West,2026-08,1,1.0
P11597,Home,Home,West,2026-08,1,1.0
P11598,Home,Home,West,2026-08,1,1.0
P11599,Home,Home,West,2026-08,1,1.0
P11600,Home,Home,West,2026-08,1,1.0
P11601,Home,Home,West,2026-08,1,1.0
P11602,Home,Home,West,2026-08,1,1.0
P11603,Home,Home,West,2026-08,1,1.0
P11604,Home,Home,West,2026-08,1,1.0
P11605,Home,Home,West,2026-08,1,1.0
P11606,Home,Home,West,2026-08,1,1.0
P11607,Home,Home,West,2026-08,1,1.0
P11608,Home,Home,West,2026-08,1,1.0
P11609,Home,Home,West,2026-08,1,1.0
P11610,Home,Home,West,2026-08,1,1.0
P11611,Home,Home,West,2026-08,1,1.0
P11612,Home,Home,West,2026-08,1,1.0
P11613,Home,Home,West,2026-08,1,1.0
P11614,Home,Home,West,2026-08,1,1.0
P11615,Home,Home,West,2026-08,1,1.0
P11616,Home,Home,West,2026-08,1,1.0
P11617,Home,Home,West,2026-08,1,1.0
P11618,Home,Home,West,2026-08,1,1.0
P11619,Home,Home,West,2026-08,1,1.0
P11620,Home,Home,West,2026-08,1,1.0
P11621,Home,Home,West,2026-08,1,1.0
P11622,Home,Home,West,2026-08,1,1.0
P11623,Home,Home,West,2026-08,1,1.0
P11624,Home,Home,West,2026-08,1,1.0
P11625,Home,Home,West,2026-08,1,1.0
P11626,Home,Home,West,2026-08,1,1.0
P11627,Home,Home,West,2026-08,1,1.0
P11628,Home,Home,West,2026-08,1,1.0
P11629,Home,Home,West,2026-08,1,1.0
P11630,Home,Home,West,2026-08,1,1.0
P11631,Home,Home,West,2026-08,1,1.0
P11632,Home,Home,West,2026-08,1,1.0
P11633,Home,Home,West,2026-08,1,1.0
P11634,Home,Home,West,2026-08,1,1.0
P11635,Home,Home,West,2026-08,1,1.0
P11636,Home,Home,West,2026-08,1,1.0
P11637,Home,Home,West,2026-08,1,1.0
P11638,Home,Home,West,2026-08,1,1.0
P11639,Home,Home,West,2026-08,1,1.0
P11640,Home,Home,West,2026-08,1,1.0
P11641,Home,Home,West,2026-08,1,1.0
P11642,Home,Home,West,2026-08,1,1.0
P11643,Home,Home,West,2026-08,1,1.0
P11644,Home,Home,West,2026-08,1,1.0
P11645,Home,Home,West,2026-08,1,1.0
P11646,Home,Home,West,2026-08,1,1.0
P11647,Home,Home,West,2026-08,1,1.0
P11648,Home,Home,West,2026-08,1,1.0
P11649,Home,Home,West,2026-08,1,1.0
P11650,Home,Home,West,2026-08,1,1.0
P11651,Home,Home,West,2026-08,1,1.0
P11652,Home,Home,West,2026-08,1,1.0
P11653,Home,Home,West,2026-08,1,1.0
P11654,Home,Home,West,2026-08,1,1.0
P11655,Home,Home,West,2026-08,1,1.0
P11656,Home,Home,West,2026-08,1,1.0
P11657,Home,Home,West,2026-08,1,1.0
P11658,Home,Home,West,2026-08,1,1.0
