policy_id,product,segment,region,period,written_premium,earned_premium
P06001,Commercial,Construction,South,2026-08,36260,35204
P06002,Commercial,Construction,South,2026-08,27706,26899
P06003,Commercial,Construction,South,2026-08,31577,30657
P06004,Commercial,Construction,South,2026-08,21833,21197
P06005,Commercial,Construction,South,2026-08,51663,50158
P06006,Commercial,Construction,South,2026-08,43709,42436
P06007,Commercial,Construction,South,2026-08,28324,27499
P06008,Commercial,Construction,South,2026-08,45348,44027
P06009,Commercial,Construction,South,2026-08,41669,40455
P06010,Commercial,Construction,South,2026-08,59911,58166
P06011,Commercial,Construction,South,2026-08,69536,67511
P06012,Commercial,Construction,South,2026-08,19891,19312
P06013,Commercial,Construction,South,2026-08,65201,63302
P06014,Commercial,Construction,South,2026-08,54426,52841
P06015,Commercial,Construction,South,2026-08,53690,52126
P06016,Commercial,Construction,South,2026-08,34546,33540
P06017,Commercial,Construction,South,2026-08,32718,31765
P06018,Commercial,Construction,South,2026-08,12370,12010
P06019,Commercial,Construction,South,2026-08,71113,69042
P06020,Commercial,Construction,South,2026-08,48514,47101
P06021,Commercial,Construction,South,2026-08,36232,35177
P06022,Commercial,Construction,South,2026-08,44740,43437
P06023,Commercial,Construction,South,2026-08,14468,14047
P06024,Commercial,Construction,South,2026-08,22477,21822
P06025,Commercial,Construction,South,2026-08,49528,48085
P06026,Commercial,Construction,South,2026-08,42965,41714
P06027,Commercial,Construction,South,2026-08,59376,57647
P06028,Commercial,Construction,South,2026-08,51657,50152
P06029,Commercial,Construction,South,2026-08,48209,46805
P06030,Commercial,Construction,South,2026-08,61072,59293
P06031,Commercial,Construction,South,2026-08,16137,15667
P06032,Commercial,Construction,South,2026-08,53590,52029
P06033,Commercial,Construction,South,2026-08,55076,53472
P06034,Commercial,Construction,South,2026-08,28582,27750
P06035,Commercial,Construction,South,2026-08,23800,23107
P06036,Commercial,Construction,South,2026-08,24895,24170
P06037,Commercial,Construction,South,2026-08,23950,23252
P06038,Commercial,Construction,South,2026-08,43538,42270
P06039,Commercial,Construction,South,2026-08,20189,19601
P06040,Commercial,Construction,South,2026-08,51690,50184
P06041,Commercial,Construction,South,2026-08,18352,17817
P06042,Commercial,Construction,South,2026-08,13649,13251
P06043,Commercial,Construction,South,2026-08,31237,30327
P06044,Commercial,Construction,South,2026-08,23572,22885
P06045,Commercial,Construction,South,2026-08,71503,69420
P06046,Commercial,Construction,South,2026-08,30257,29376
P06047,Commercial,Construction,South,2026-08,25388,24649
P06048,Commercial,Construction,South,2026-08,23867,23172
P06049,Commercial,Construction,South,2026-08,34519,33514
P06050,Commercial,Construction,South,2026-08,48475,47063
P06051,Commercial,Construction,South,2026-08,59067,57347
P06052,Commercial,Construction,South,2026-08,33961,32972
P06053,Commercial,Construction,South,2026-08,49685,48238
P06054,Commercial,Construction,South,2026-08,41028,39833
P06055,Commercial,Construction,South,2026-08,62951,61117
P06056,Commercial,Construction,South,2026-08,46260,44913
P06057,Commercial,Construction,South,2026-08,29468,28610
P06058,Commercial,Construction,South,2026-08,54354,52771
P06059,Commercial,Construction,South,2026-08,61360,59573
P06060,Commercial,Construction,South,2026-08,40029,38863
P06061,Commercial,Construction,South,2026-08,71414,69334
P06062,Commercial,Construction,South,2026-08,64912,63021
P06063,Commercial,Construction,South,2026-08,23878,23183
P06064,Commercial,Construction,South,2026-08,59357,57628
P06065,Commercial,Construction,South,2026-08,48180,46777
P06066,Commercial,Construction,South,2026-08,44201,42914
P06067,Commercial,Construction,South,2026-08,42946,41695
P06068,Commercial,Construction,South,2026-08,63367,61521
P06069,Commercial,Construction,South,2026-08,48777,47356
P06070,Commercial,Construction,South,2026-08,44375,43083
P06071,Commercial,Construction,South,2026-08,14970,14534
P06072,Commercial,Construction,South,2026-08,38998,37862
P06073,Commercial,Construction,South,2026-08,66652,64711
P06074,Commercial,Construction,South,2026-08,54844,53247
P06075,Commercial,Construction,South,2026-08,15096,14656
P06076,Commercial,Construction,South,2026-08,65206,63307
P06077,Commercial,Construction,South,2026-08,61758,59959
P06078,Commercial,Construction,South,2026-08,44915,43607
P06079,Commercial,Construction,South,2026-08,13379,12989
P06080,Commercial,Construction,South,2026-08,45863,44527
P06081,Commercial,Construction,South,2026-08,15314,14868
P06082,Commercial,Construction,South,2026-08,31303,30391
P06083,Commercial,Construction,South,2026-08,49862,48410
P06084,Commercial,Construction,South,2026-08,66946,64996
P06085,Commercial,Construction,South,2026-08,33553,32576
P06086,Commercial,Construction,South,2026-08,63764,61907
P06087,Commercial,Construction,South,2026-08,67273,65314
P06088,Commercial,Construction,South,2026-08,13296,12909
P06089,Commercial,Construction,South,2026-08,26433,25663
P06090,Commercial,Construction,South,2026-08,54731,53137
P06091,Commercial,Construction,South,2026-08,57557,55881
P06092,Commercial,Construction,South,2026-08,35636,34598
P06093,Commercial,Construction,South,2026-08,51537,50036
P06094,Commercial,Construction,South,2026-08,48854,47431
P06095,Commercial,Construction,South,2026-08,56531,54884
P06096,Commercial,Construction,South,2026-08,55261,53651
P06097,Commercial,Construction,South,2026-08,17196,16695
P06098,Commercial,Construction,South,2026-08,21550,20922
P06099,Commercial,Construction,South,2026-08,20015,19432
P06100,Commercial,Construction,South,2026-08,68122,66138
P06101,Commercial,Construction,South,2026-08,66984,65033
P06102,Commercial,Construction,South,2026-08,59998,58250
P06103,Commercial,Construction,South,2026-08,19052,18497
P06104,Commercial,Construction,South,2026-08,46576,45219
P06105,Commercial,Construction,South,2026-08,23293,22615
P06106,Commercial,Construction,South,2026-08,34190,33194
P06107,Commercial,Construction,South,2026-08,28097,27279
P06108,Commercial,Construction,South,2026-08,61894,60091
P06109,Commercial,Construction,South,2026-08,20719,20116
P06110,Commercial,Construction,South,2026-08,50901,49418
P06111,Commercial,Construction,South,2026-08,71215,69141
P06112,Commercial,Construction,South,2026-08,53359,51805
P06113,Commercial,Construction,South,2026-08,16797,16308
P06114,Commercial,Construction,South,2026-08,66641,64700
P06115,Commercial,Construction,South,2026-08,50714,49237
P06116,Commercial,Construction,South,2026-08,39480,38330
P06117,Commercial,Construction,South,2026-08,51713,50207
P06118,Commercial,Construction,South,2026-08,64909,63018
P06119,Commercial,Construction,South,2026-08,40731,39545
P06120,Commercial,Construction,South,2026-08,43991,42710
P06121,Commercial,Construction,South,2026-08,39247,38104
P06122,Commercial,Construction,South,2026-08,16398,15920
P06123,Commercial,Construction,South,2026-08,59375,57646
P06124,Commercial,Construction,South,2026-08,19635,19063
P06125,Commercial,Construction,South,2026-08,35766,34724
P06126,Commercial,Construction,South,2026-08,35299,34271
P06127,Commercial,Construction,South,2026-08,28876,28035
P06128,Commercial,Construction,South,2026-08,36243,35187
P06129,Commercial,Construction,South,2026-08,49206,47773
P06130,Commercial,Construction,South,2026-08,30762,29866
P06131,Commercial,Construction,South,2026-08,22408,21755
P06132,Commercial,Construction,South,2026-08,64327,62453
P06133,Commercial,Construction,South,2026-08,70429,68378
P06134,Commercial,Construction,South,2026-08,39616,38462
P06135,Commercial,Construction,South,2026-08,31702,30779
P06136,Commercial,Construction,South,2026-08,14887,14453
P06137,Commercial,Construction,South,2026-08,14247,13832
P06138,Commercial,Construction,South,2026-08,35664,34625
P06139,Commercial,Construction,South,2026-08,67988,66008
P06140,Commercial,Construction,South,2026-08,55986,54355
P06141,Commercial,Construction,South,2026-08,33040,32078
P06142,Commercial,Construction,South,2026-08,70262,68216
P06143,Commercial,Construction,South,2026-08,37822,36720
P06144,Commercial,Construction,South,2026-08,28680,27845
P06145,Commercial,Construction,South,2026-08,37677,36580
P06146,Commercial,Construction,South,2026-08,24756,24035
P06147,Commercial,Construction,South,2026-08,65305,63403
P06148,Commercial,Construction,South,2026-08,33756,32773
P06149,Commercial,Construction,South,2026-08,51610,50107
P06150,Commercial,Construction,South,2026-08,35433,34401
P06151,Commercial,Construction,South,2026-08,66273,64343
P06152,Commercial,Construction,South,2026-08,50672,49196
P06153,Commercial,Construction,South,2026-08,41401,40195
P06154,Commercial,Construction,South,2026-08,19980,19398
P06155,Commercial,Construction,South,2026-08,66285,64354
P06156,Commercial,Construction,South,2026-08,44923,43615
P06157,Commercial,Construction,South,2026-08,29178,28328
P06158,Commercial,Construction,South,2026-08,64841,62952
P06159,Commercial,Construction,South,2026-08,15306,14860
P06160,Commercial,Construction,South,2026-08,30924,30023
P06161,Commercial,Construction,South,2026-08,44323,43032
P06162,Commercial,Construction,South,2026-08,32472,31526
P06163,Commercial,Construction,South,2026-08,40708,39522
P06164,Commercial,Construction,South,2026-08,27931,27117
P06165,Commercial,Construction,South,2026-08,19855,19277
P06166,Commercial,Construction,South,2026-08,14248,13833
P06167,Commercial,Construction,South,2026-08,21514,20887
P06168,Commercial,Construction,South,2026-08,69354,67334
P06169,Commercial,Construction,South,2026-08,46644,45285
P06170,Commercial,Construction,South,2026-08,41443,40236
P06171,Commercial,Construction,South,2026-08,35149,34125
P06172,Commercial,Construction,South,2026-08,54645,53053
P06173,Commercial,Construction,South,2026-08,20528,19930
P06174,Commercial,Construction,South,2026-08,28641,27807
P06175,Commercial,Construction,South,2026-08,51486,49986
P06176,Commercial,Construction,South,2026-08,40848,39658
P06177,Commercial,Construction,South,2026-08,58355,56655
P06178,Commercial,Construction,South,2026-08,65995,64073
P06179,Commercial,Construction,South,2026-08,61559,59766
P06180,Commercial,Construction,South,2026-08,23111,22438
P06181,Commercial,Construction,South,2026-08,17533,17022
P06182,Commercial,Construction,South,2026-08,22223,21576
P06183,Commercial,Construction,South,2026-08,59163,57440
P06184,Commercial,Construction,South,2026-08,67000,65049
P06185,Commercial,Construction,South,2026-08,67700,65728
P06186,Commercial,Construction,South,2026-08,29970,29097
P06187,Commercial,Construction,South,2026-08,62580,60757
P06188,Commercial,Construction,South,2026-08,44287,42997
P06189,Commercial,Construction,South,2026-08,61525,59733
P06190,Commercial,Construction,South,2026-08,45017,43706
P06191,Commercial,Construction,South,2026-08,20807,20201
P06192,Commercial,Construction,South,2026-08,16796,16307
P06193,Commercial,Construction,South,2026-08,69610,67583
P06194,Commercial,Construction,South,2026-08,37644,36548
P06195,Commercial,Construction,South,2026-08,33116,32151
P06196,Commercial,Construction,South,2026-08,33464,32489
P06197,Commercial,Construction,South,2026-08,34825,33811
P06198,Commercial,Construction,South,2026-08,68875,66869
P06199,Commercial,Construction,South,2026-08,15802,15342
P06200,Commercial,Construction,South,2026-08,19193,18634
P06201,Commercial,Construction,South,2026-08,59531,57797
P06202,Commercial,Construction,South,2026-08,45080,43767
P06203,Commercial,Construction,South,2026-08,19763,19187
P06204,Commercial,Construction,South,2026-08,14104,13693
P06205,Commercial,Construction,South,2026-08,25519,24776
P06206,Commercial,Construction,South,2026-08,27719,26912
P06207,Commercial,Construction,South,2026-08,12885,12510
P06208,Commercial,Construction,South,2026-08,25029,24300
P06209,Commercial,Construction,South,2026-08,56443,54799
P06210,Commercial,Construction,South,2026-08,63488,61639
P06211,Commercial,Construction,South,2026-08,66063,64139
P06212,Commercial,Construction,South,2026-08,35486,34452
P06213,Commercial,Construction,South,2026-08,31245,30335
P06214,Commercial,Construction,South,2026-08,72176,70074
P06215,Commercial,Construction,South,2026-08,58309,56611
P06216,Commercial,Construction,South,2026-08,44354,43062
P06217,Commercial,Construction,South,2026-08,27356,26559
P06218,Commercial,Construction,South,2026-08,31358,30445
P06219,Commercial,Construction,South,2026-08,43031,41778
P06220,Commercial,Construction,South,2026-08,44639,43339
P06221,Commercial,Construction,South,2026-08,12853,12479
P06222,Commercial,Construction,South,2026-08,69742,67711
P06223,Commercial,Construction,South,2026-08,46656,45297
P06224,Commercial,Construction,South,2026-08,47471,46088
P06225,Commercial,Construction,South,2026-08,24752,24031
P06226,Commercial,Construction,South,2026-08,58048,56357
P06227,Commercial,Construction,South,2026-08,56380,54738
P06228,Commercial,Construction,South,2026-08,17755,17238
P06229,Commercial,Construction,South,2026-08,47822,46429
P06230,Commercial,Construction,South,2026-08,51624,50120
P06231,Commercial,Construction,South,2026-08,62293,60479
P06232,Commercial,Construction,South,2026-08,24427,23716
P06233,Commercial,Construction,South,2026-08,64823,62935
P06234,Commercial,Construction,South,2026-08,39790,38631
P06235,Commercial,Construction,South,2026-08,17837,17317
P06236,Commercial,Construction,South,2026-08,18384,17849
P06237,Commercial,Construction,South,2026-08,23929,23232
P06238,Commercial,Construction,South,2026-08,29039,28193
P06239,Commercial,Construction,South,2026-08,41891,40671
P06240,Commercial,Construction,South,2026-08,57070,55408
P06241,Commercial,Construction,South,2026-08,23263,22585
P06242,Commercial,Construction,South,2026-08,71743,69653
P06243,Commercial,Construction,South,2026-08,21746,21113
P06244,Commercial,Construction,South,2026-08,48086,46685
P06245,Commercial,Construction,South,2026-08,67910,65932
P06246,Commercial,Construction,South,2026-08,62109,60300
P06247,Commercial,Construction,South,2026-08,51004,49518
P06248,Commercial,Construction,South,2026-08,55070,53466
P06249,Commercial,Construction,South,2026-08,20104,19518
P06250,Commercial,Construction,South,2026-08,12612,12245
P06251,Commercial,Construction,South,2026-08,38146,37035
P06252,Commercial,Construction,South,2026-08,17415,16908
P06253,Commercial,Construction,South,2026-08,33551,32574
P06254,Commercial,Construction,South,2026-08,25489,24747
P06255,Commercial,Construction,South,2026-08,67152,65196
P06256,Commercial,Construction,South,2026-08,64969,63077
P06257,Commercial,Construction,South,2026-08,61293,59508
P06258,Commercial,Construction,South,2026-08,54977,53376
P06259,Commercial,Construction,South,2026-08,21298,20678
P06260,Commercial,Construction,South,2026-08,14940,14505
P06261,Commercial,Construction,South,2026-08,51364,49868
P06262,Commercial,Construction,South,2026-08,50665,49189
P06263,Commercial,Construction,South,2026-08,34253,33255
P06264,Commercial,Construction,South,2026-08,40465,39286
P06265,Commercial,Construction,South,2026-08,41454,40247
P06266,Commercial,Construction,South,2026-08,26463,25692
P06267,Commercial,Construction,South,2026-08,30929,30028
P06268,Commercial,Construction,South,2026-08,37198,36115
P06269,Commercial,Construction,South,2026-08,48314,46907
P06270,Commercial,Construction,South,2026-08,69527,67502
P06271,Commercial,Construction,South,2026-08,44423,43129
P06272,Commercial,Construction,South,2026-08,56012,54381
P06273,Commercial,Construction,South,2026-08,60574,58810
P06274,Commercial,Construction,South,2026-08,18858,18309
P06275,Commercial,Construction,South,2026-08,51319,49824
P06276,Commercial,Construction,South,2026-08,41031,39836
P06277,Commercial,Construction,South,2026-08,46464,45111
P06278,Commercial,Construction,South,2026-08,14342,13924
P06279,Commercial,Construction,South,2026-08,66543,64605
P06280,Commercial,Construction,South,2026-08,69344,67324
P06281,Commercial,Construction,South,2026-08,12241,11884
P06282,Commercial,Construction,South,2026-08,24831,24108
P06283,Commercial,Construction,South,2026-08,22870,22204
P06284,Commercial,Construction,South,2026-08,59029,57310
P06285,Commercial,Construction,South,2026-08,48007,46609
P06286,Commercial,Construction,South,2026-08,22698,22037
P06287,Commercial,Construction,South,2026-08,60994,59217
P06288,Commercial,Construction,South,2026-08,33294,32324
P06289,Commercial,Construction,South,2026-08,39753,38595
P06290,Commercial,Construction,South,2026-08,35329,34300
P06291,Commercial,Construction,South,2026-08,43394,42130
P06292,Commercial,Construction,South,2026-08,40913,39721
P06293,Commercial,Construction,South,2026-08,28547,27716
P06294,Commercial,Construction,South,2026-08,37569,36475
P06295,Commercial,Construction,South,2026-08,66670,64728
P06296,Commercial,Construction,South,2026-08,42282,41050
P06297,Commercial,Construction,South,2026-08,67155,65199
P06298,Commercial,Construction,South,2026-08,45123,43809
P06299,Commercial,Construction,South,2026-08,58277,56580
P06300,Commercial,Construction,South,2026-08,29691,28826
P06301,Commercial,Construction,South,2026-08,59577,57842
P06302,Commercial,Construction,South,2026-08,27931,27117
P06303,Commercial,Construction,South,2026-08,13207,12822
P06304,Commercial,Construction,South,2026-08,21699,21067
P06305,Commercial,Construction,South,2026-08,13333,12945
P06306,Commercial,Construction,South,2026-08,69000,66990
P06307,Commercial,Construction,South,2026-08,72182,70080
P06308,Commercial,Construction,South,2026-08,57882,56196
P06309,Commercial,Construction,South,2026-08,18535,17995
P06310,Commercial,Construction,South,2026-08,66105,64180
P06311,Commercial,Construction,South,2026-08,56772,55118
P06312,Commercial,Construction,South,2026-08,32017,31084
P06313,Commercial,Construction,South,2026-08,42244,41014
P06314,Commercial,Construction,South,2026-08,51838,50328
P06315,Commercial,Construction,South,2026-08,13478,13085
P06316,Commercial,Construction,South,2026-08,42200,40971
P06317,Commercial,Construction,South,2026-08,56087,54453
P06318,Commercial,Construction,South,2026-08,23353,22673
P06319,Commercial,Construction,South,2026-08,38726,37598
P06320,Commercial,Construction,South,2026-08,44064,42781
P06321,Commercial,Construction,South,2026-08,56277,54638
P06322,Commercial,Construction,South,2026-08,70046,68006
P06323,Commercial,Construction,South,2026-08,63058,61221
P06324,Commercial,Construction,South,2026-08,49417,47978
P06325,Commercial,Construction,South,2026-08,47139,45766
P06326,Commercial,Construction,South,2026-08,48314,46907
P06327,Commercial,Construction,South,2026-08,44826,43520
P06328,Commercial,Construction,South,2026-08,15601,15147
P06329,Commercial,Construction,South,2026-08,54036,52462
P06330,Commercial,Construction,South,2026-08,55120,53515
P06331,Commercial,Construction,South,2026-08,42858,41610
P06332,Commercial,Construction,South,2026-08,64387,62512
P06333,Commercial,Construction,South,2026-08,52481,50952
P06334,Commercial,Construction,South,2026-08,33846,32860
P06335,Commercial,Construction,South,2026-08,13215,12830
P06336,Commercial,Construction,South,2026-08,15589,15135
P06337,Commercial,Construction,South,2026-08,33193,32226
P06338,Commercial,Construction,South,2026-08,39828,38668
P06339,Commercial,Construction,South,2026-08,22069,21426
P06340,Commercial,Construction,South,2026-08,23419,22737
P06341,Commercial,Construction,South,2026-08,25879,25125
P06342,Commercial,Construction,South,2026-08,58981,57263
P06343,Commercial,Construction,South,2026-08,58427,56725
P06344,Commercial,Construction,South,2026-08,35065,34044
P06345,Commercial,Construction,South,2026-08,22399,21747
P06346,Commercial,Construction,South,2026-08,18703,18158
P06347,Commercial,Construction,South,2026-08,17272,16769
P06348,Commercial,Construction,South,2026-08,35568,34532
P06349,Commercial,Construction,South,2026-08,14770,14340
P06350,Commercial,Construction,South,2026-08,32100,31165
P06351,Commercial,Construction,South,2026-08,69870,67835
P06352,Commercial,Construction,South,2026-08,42559,41319
P06353,Commercial,Construction,South,2026-08,61516,59724
P06354,Commercial,Construction,South,2026-08,19807,19230
P06355,Commercial,Construction,South,2026-08,28156,27336
P06356,Commercial,Construction,South,2026-08,68969,66960
P06357,Commercial,Construction,South,2026-08,35102,34080
P06358,Commercial,Construction,South,2026-08,51034,49548
P06359,Commercial,Construction,South,2026-08,70749,68688
P06360,Commercial,Construction,South,2026-08,45162,43847
P06361,Commercial,Construction,South,2026-08,30398,29513
P06362,Commercial,Construction,South,2026-08,44029,42747
P06363,Commercial,Construction,South,2026-08,15317,14871
P06364,Commercial,Construction,South,2026-08,18790,18243
P06365,Commercial,Construction,South,2026-08,12462,12099
P06366,Commercial,Construction,South,2026-08,65219,63319
P06367,Commercial,Construction,South,2026-08,52411,50884
P06368,Commercial,Construction,South,2026-08,29976,29103
P06369,Commercial,Construction,South,2026-08,25334,24596
P06370,Commercial,Construction,South,2026-08,53120,51573
P06371,Commercial,Construction,South,2026-08,67343,65382
P06372,Commercial,Construction,South,2026-08,30024,29150
P06373,Commercial,Construction,South,2026-08,31374,30460
P06374,Commercial,Construction,South,2026-08,63416,61569
P06375,Commercial,Construction,South,2026-08,65771,63855
P06376,Commercial,Construction,South,2026-08,67013,65061
P06377,Commercial,Construction,South,2026-08,29665,28801
P06378,Commercial,Construction,South,2026-08,19268,18707
P06379,Commercial,Construction,South,2026-08,38498,37377
P06380,Commercial,Construction,South,2026-08,29822,28953
P06381,Commercial,Construction,South,2026-08,65198,63299
P06382,Commercial,Construction,South,2026-08,14235,13820
P06383,Commercial,Construction,South,2026-08,50161,48700
P06384,Commercial,Construction,South,2026-08,66541,64603
P06385,Commercial,Construction,South,2026-08,70781,68719
P06386,Commercial,Construction,South,2026-08,51138,49649
P06387,Commercial,Construction,South,2026-08,69172,67157
P06388,Commercial,Construction,South,2026-08,16582,16099
P06389,Commercial,Construction,South,2026-08,33643,32663
P06390,Commercial,Construction,South,2026-08,12555,12189
P06391,Commercial,Construction,South,2026-08,71052,68983
P06392,Commercial,Construction,South,2026-08,66333,64401
P06393,Commercial,Construction,South,2026-08,13719,13319
P06394,Commercial,Construction,South,2026-08,13121,12739
P06395,Commercial,Construction,South,2026-08,34105,33112
P06396,Commercial,Construction,South,2026-08,27582,26779
P06397,Commercial,Construction,South,2026-08,62976,61142
P06398,Commercial,Construction,South,2026-08,21685,21053
P06399,Commercial,Construction,South,2026-08,59591,57855
P06400,Commercial,Construction,South,2026-08,45384,44062
P06401,Commercial,Construction,South,2026-08,34733,33721
P06402,Commercial,Construction,South,2026-08,20797,20191
P06403,Commercial,Construction,South,2026-08,72045,69947
P06404,Commercial,Construction,South,2026-08,49205,47772
P06405,Commercial,Construction,South,2026-08,38461,37341
P06406,Commercial,Construction,South,2026-08,34356,33355
P06407,Commercial,Construction,South,2026-08,66513,64576
P06408,Commercial,Construction,South,2026-08,61428,59639
P06409,Commercial,Construction,South,2026-08,60827,59055
P06410,Commercial,Construction,South,2026-08,49097,47667
P06411,Commercial,Construction,South,2026-08,65444,63538
P06412,Commercial,Construction,South,2026-08,30034,29159
P06413,Commercial,Construction,South,2026-08,54361,52778
P06414,Commercial,Construction,South,2026-08,36360,35301
P06415,Commercial,Construction,South,2026-08,48123,46721
P06416,Commercial,Construction,South,2026-08,72073,69974
P06417,Commercial,Construction,South,2026-08,71253,69178
P06418,Commercial,Construction,South,2026-08,42867,41618
P06419,Commercial,Construction,South,2026-08,46551,45195
P06420,Commercial,Construction,South,2026-08,66008,64085
P06421,Commercial,Construction,South,2026-08,71320,69243
P06422,Commercial,Construction,South,2026-08,58867,57152
P06423,Commercial,Construction,South,2026-08,15952,15487
P06424,Commercial,Construction,South,2026-08,31439,30523
P06425,Commercial,Construction,South,2026-08,65962,64041
P06426,Commercial,Construction,South,2026-08,58250,56553
P06427,Commercial,Construction,South,2026-08,56679,55028
P06428,Commercial,Construction,South,2026-08,52209,50688
P06429,Commercial,Construction,South,2026-08,37010,35932
P06430,Commercial,Construction,South,2026-08,36287,35230
P06431,Commercial,Construction,South,2026-08,60691,58923
P06432,Commercial,Construction,South,2026-08,29702,28837
P06433,Commercial,Construction,South,2026-08,53225,51675
P06434,Commercial,Construction,South,2026-08,55715,54092
P06435,Commercial,Construction,South,2026-08,62834,61004
P06436,Commercial,Construction,South,2026-08,31273,30362
P06437,Commercial,Construction,South,2026-08,56658,55008
P06438,Commercial,Construction,South,2026-08,18436,17899
P06439,Commercial,Construction,South,2026-08,20335,19743
P06440,Commercial,Construction,South,2026-08,37135,36053
P06441,Commercial,Construction,South,2026-08,15353,14906
P06442,Commercial,Construction,South,2026-08,69038,67027
P06443,Commercial,Construction,South,2026-08,66283,64352
P06444,Commercial,Construction,South,2026-08,14974,14538
P06445,Commercial,Construction,South,2026-08,62458,60639
P06446,Commercial,Construction,South,2026-08,42641,41399
P06447,Commercial,Construction,South,2026-08,54256,52676
P06448,Commercial,Construction,South,2026-08,65382,63478
P06449,Commercial,Construction,South,2026-08,46737,45376
P06450,Commercial,Construction,South,2026-08,19028,18474
P06451,Commercial,Construction,South,2026-08,12186,11831
P06452,Commercial,Construction,South,2026-08,41922,40701
P06453,Commercial,Construction,South,2026-08,69131,67117
P06454,Commercial,Construction,South,2026-08,46476,45122
P06455,Commercial,Construction,South,2026-08,34464,33460
P06456,Commercial,Construction,South,2026-08,13891,13486
P06457,Commercial,Construction,South,2026-08,67069,65116
P06458,Commercial,Construction,South,2026-08,31711,30787
P06459,Commercial,Construction,South,2026-08,54425,52840
P06460,Commercial,Construction,South,2026-08,53792,52225
P06461,Commercial,Construction,North,2026-08,13612,13216
P06462,Commercial,Construction,North,2026-08,7910,7680
P06463,Commercial,Construction,North,2026-08,17544,17033
P06464,Commercial,Construction,North,2026-08,15509,15057
P06465,Commercial,Construction,North,2026-08,26999,26213
P06466,Commercial,Construction,North,2026-08,30584,29693
P06467,Commercial,Construction,North,2026-08,12669,12300
P06468,Commercial,Construction,North,2026-08,21840,21204
P06469,Commercial,Construction,North,2026-08,7216,7006
P06470,Commercial,Construction,North,2026-08,12424,12062
P06471,Commercial,Construction,North,2026-08,28844,28004
P06472,Commercial,Construction,North,2026-08,29793,28925
P06473,Commercial,Construction,North,2026-08,29283,28430
P06474,Commercial,Construction,North,2026-08,10268,9969
P06475,Commercial,Construction,North,2026-08,22524,21868
P06476,Commercial,Construction,North,2026-08,18675,18131
P06477,Commercial,Construction,North,2026-08,35734,34693
P06478,Commercial,Construction,North,2026-08,25614,24868
P06479,Commercial,Construction,North,2026-08,34046,33054
P06480,Commercial,Construction,North,2026-08,10358,10056
P06481,Commercial,Construction,North,2026-08,19520,18951
P06482,Commercial,Construction,North,2026-08,29139,28290
P06483,Commercial,Construction,North,2026-08,17030,16534
P06484,Commercial,Construction,North,2026-08,24967,24240
P06485,Commercial,Construction,North,2026-08,21345,20723
P06486,Commercial,Construction,North,2026-08,35746,34705
P06487,Commercial,Construction,North,2026-08,11213,10886
P06488,Commercial,Construction,North,2026-08,34050,33058
P06489,Commercial,Construction,North,2026-08,18041,17516
P06490,Commercial,Construction,North,2026-08,20034,19450
P06491,Commercial,Construction,North,2026-08,21851,21215
P06492,Commercial,Construction,North,2026-08,13956,13550
P06493,Commercial,Construction,North,2026-08,34898,33882
P06494,Commercial,Construction,North,2026-08,33334,32363
P06495,Commercial,Construction,North,2026-08,35177,34152
P06496,Commercial,Construction,North,2026-08,35897,34851
P06497,Commercial,Construction,North,2026-08,26086,25326
P06498,Commercial,Construction,North,2026-08,19544,18975
P06499,Commercial,Construction,North,2026-08,31512,30594
P06500,Commercial,Construction,North,2026-08,6713,6517
P06501,Commercial,Construction,North,2026-08,31023,30119
P06502,Commercial,Construction,North,2026-08,20912,20303
P06503,Commercial,Construction,North,2026-08,26189,25426
P06504,Commercial,Construction,North,2026-08,17216,16715
P06505,Commercial,Construction,North,2026-08,17054,16557
P06506,Commercial,Construction,North,2026-08,6949,6747
P06507,Commercial,Construction,North,2026-08,18708,18163
P06508,Commercial,Construction,North,2026-08,18244,17713
P06509,Commercial,Construction,North,2026-08,12740,12369
P06510,Commercial,Construction,North,2026-08,13416,13025
P06511,Commercial,Construction,North,2026-08,23517,22832
P06512,Commercial,Construction,North,2026-08,15528,15076
P06513,Commercial,Construction,North,2026-08,30898,29998
P06514,Commercial,Construction,North,2026-08,9339,9067
P06515,Commercial,Construction,North,2026-08,23322,22643
P06516,Commercial,Construction,North,2026-08,10797,10483
P06517,Commercial,Construction,North,2026-08,21840,21204
P06518,Commercial,Construction,North,2026-08,22569,21912
P06519,Commercial,Construction,North,2026-08,25261,24525
P06520,Commercial,Construction,North,2026-08,18817,18269
P06521,Commercial,Construction,North,2026-08,21278,20658
P06522,Commercial,Construction,North,2026-08,11425,11092
P06523,Commercial,Construction,North,2026-08,19884,19305
P06524,Commercial,Construction,North,2026-08,17186,16685
P06525,Commercial,Construction,North,2026-08,25976,25219
P06526,Commercial,Construction,North,2026-08,19039,18484
P06527,Commercial,Construction,North,2026-08,29371,28516
P06528,Commercial,Construction,North,2026-08,18774,18227
P06529,Commercial,Construction,North,2026-08,13069,12688
P06530,Commercial,Construction,North,2026-08,14206,13792
P06531,Commercial,Construction,North,2026-08,7356,7142
P06532,Commercial,Construction,North,2026-08,22190,21544
P06533,Commercial,Construction,North,2026-08,30916,30016
P06534,Commercial,Construction,North,2026-08,29065,28218
P06535,Commercial,Construction,North,2026-08,19128,18571
P06536,Commercial,Construction,North,2026-08,11880,11534
P06537,Commercial,Construction,North,2026-08,31894,30965
P06538,Commercial,Construction,North,2026-08,7701,7477
P06539,Commercial,Construction,North,2026-08,17971,17448
P06540,Commercial,Construction,North,2026-08,31688,30765
P06541,Commercial,Construction,North,2026-08,17790,17272
P06542,Commercial,Construction,North,2026-08,9534,9256
P06543,Commercial,Construction,North,2026-08,13974,13567
P06544,Commercial,Construction,North,2026-08,23993,23294
P06545,Commercial,Construction,North,2026-08,10558,10250
P06546,Commercial,Construction,North,2026-08,25640,24893
P06547,Commercial,Construction,North,2026-08,19138,18581
P06548,Commercial,Construction,North,2026-08,16027,15560
P06549,Commercial,Construction,North,2026-08,13223,12838
P06550,Commercial,Construction,North,2026-08,30690,29796
P06551,Commercial,Construction,North,2026-08,17894,17373
P06552,Commercial,Construction,North,2026-08,28146,27326
P06553,Commercial,Construction,North,2026-08,19204,18645
P06554,Commercial,Construction,North,2026-08,8753,8498
P06555,Commercial,Construction,North,2026-08,19210,18650
P06556,Commercial,Construction,North,2026-08,21224,20606
P06557,Commercial,Construction,North,2026-08,19729,19154
P06558,Commercial,Construction,North,2026-08,30478,29590
P06559,Commercial,Construction,North,2026-08,33315,32345
P06560,Commercial,Construction,North,2026-08,29594,28732
P06561,Commercial,Construction,North,2026-08,23476,22792
P06562,Commercial,Construction,North,2026-08,22237,21589
P06563,Commercial,Construction,North,2026-08,25331,24593
P06564,Commercial,Construction,North,2026-08,14630,14204
P06565,Commercial,Construction,North,2026-08,30346,29462
P06566,Commercial,Construction,North,2026-08,31695,30772
P06567,Commercial,Construction,North,2026-08,14012,13604
P06568,Commercial,Construction,North,2026-08,33074,32111
P06569,Commercial,Construction,North,2026-08,31452,30536
P06570,Commercial,Construction,North,2026-08,18728,18183
P06571,Commercial,Construction,North,2026-08,33260,32291
P06572,Commercial,Construction,North,2026-08,9610,9330
P06573,Commercial,Construction,North,2026-08,6837,6638
P06574,Commercial,Construction,North,2026-08,16431,15952
P06575,Commercial,Construction,North,2026-08,22956,22287
P06576,Commercial,Construction,North,2026-08,16538,16056
P06577,Commercial,Construction,North,2026-08,34252,33254
P06578,Commercial,Construction,North,2026-08,13637,13240
P06579,Commercial,Construction,North,2026-08,14431,14011
P06580,Commercial,Construction,North,2026-08,25037,24308
P06581,Commercial,Construction,North,2026-08,6114,5936
P06582,Commercial,Construction,North,2026-08,27818,27008
P06583,Commercial,Construction,North,2026-08,17318,16814
P06584,Commercial,Construction,North,2026-08,35322,34293
P06585,Commercial,Construction,North,2026-08,26734,25955
P06586,Commercial,Construction,North,2026-08,7564,7344
P06587,Commercial,Construction,North,2026-08,8776,8520
P06588,Commercial,Construction,North,2026-08,8643,8391
P06589,Commercial,Construction,North,2026-08,34568,33561
P06590,Commercial,Construction,North,2026-08,26513,25741
P06591,Commercial,Construction,North,2026-08,18822,18274
P06592,Commercial,Construction,North,2026-08,12011,11661
P06593,Commercial,Construction,North,2026-08,32199,31261
P06594,Commercial,Construction,North,2026-08,12043,11692
P06595,Commercial,Construction,North,2026-08,27192,26400
P06596,Commercial,Construction,North,2026-08,28890,28049
P06597,Commercial,Construction,North,2026-08,14835,14403
P06598,Commercial,Construction,North,2026-08,21141,20525
P06599,Commercial,Construction,North,2026-08,12685,12316
P06600,Commercial,Construction,North,2026-08,17363,16857
P06601,Commercial,Construction,North,2026-08,34943,33925
P06602,Commercial,Construction,North,2026-08,26786,26006
P06603,Commercial,Construction,North,2026-08,31388,30474
P06604,Commercial,Construction,North,2026-08,22211,21564
P06605,Commercial,Construction,North,2026-08,13168,12784
P06606,Commercial,Construction,North,2026-08,27377,26580
P06607,Commercial,Construction,North,2026-08,21010,20398
P06608,Commercial,Construction,North,2026-08,11302,10973
P06609,Commercial,Construction,North,2026-08,18367,17832
P06610,Commercial,Construction,North,2026-08,25037,24308
P06611,Commercial,Construction,North,2026-08,28051,27234
P06612,Commercial,Construction,North,2026-08,13292,12905
P06613,Commercial,Construction,North,2026-08,32270,31330
P06614,Commercial,Construction,North,2026-08,17381,16875
P06615,Commercial,Construction,North,2026-08,14130,13718
P06616,Commercial,Construction,North,2026-08,11850,11505
P06617,Commercial,Construction,North,2026-08,30115,29238
P06618,Commercial,Construction,North,2026-08,16620,16136
P06619,Commercial,Construction,North,2026-08,20496,19899
P06620,Commercial,Construction,North,2026-08,12680,12311
P06621,Commercial,Construction,North,2026-08,26574,25800
P06622,Commercial,Construction,North,2026-08,29422,28565
P06623,Commercial,Construction,North,2026-08,16177,15706
P06624,Commercial,Construction,North,2026-08,34341,33341
P06625,Commercial,Construction,North,2026-08,6916,6715
P06626,Commercial,Construction,North,2026-08,9985,9694
P06627,Commercial,Construction,North,2026-08,23656,22967
P06628,Commercial,Construction,North,2026-08,27033,26246
P06629,Commercial,Construction,North,2026-08,13517,13123
P06630,Commercial,Construction,North,2026-08,22615,21956
P06631,Commercial,Construction,North,2026-08,15547,15094
P06632,Commercial,Construction,North,2026-08,22616,21957
P06633,Commercial,Construction,North,2026-08,25772,25021
P06634,Commercial,Construction,North,2026-08,35173,34149
P06635,Commercial,Construction,North,2026-08,19665,19092
P06636,Commercial,Construction,North,2026-08,25439,24698
P06637,Commercial,Construction,North,2026-08,23334,22654
P06638,Commercial,Construction,North,2026-08,15522,15070
P06639,Commercial,Construction,North,2026-08,13588,13192
P06640,Commercial,Construction,North,2026-08,35625,34587
P06641,Commercial,Construction,North,2026-08,12201,11846
P06642,Commercial,Construction,North,2026-08,29699,28834
P06643,Commercial,Construction,North,2026-08,10395,10092
P06644,Commercial,Construction,North,2026-08,30121,29244
P06645,Commercial,Construction,North,2026-08,11568,11231
P06646,Commercial,Construction,North,2026-08,35004,33984
P06647,Commercial,Construction,North,2026-08,26571,25797
P06648,Commercial,Construction,North,2026-08,8700,8447
P06649,Commercial,Construction,North,2026-08,26787,26007
P06650,Commercial,Construction,North,2026-08,24101,23399
P06651,Commercial,Construction,North,2026-08,16122,15652
P06652,Commercial,Construction,North,2026-08,13817,13415
P06653,Commercial,Construction,North,2026-08,27555,26752
P06654,Commercial,Construction,North,2026-08,28232,27410
P06655,Commercial,Construction,North,2026-08,15812,15351
P06656,Commercial,Construction,North,2026-08,32277,31337
P06657,Commercial,Construction,North,2026-08,14061,13651
P06658,Commercial,Construction,North,2026-08,8094,7858
P06659,Commercial,Construction,North,2026-08,23989,23290
P06660,Commercial,Construction,North,2026-08,9209,8941
P06661,Commercial,Construction,North,2026-08,14295,13879
P06662,Commercial,Construction,North,2026-08,21209,20591
P06663,Commercial,Construction,North,2026-08,14586,14161
P06664,Commercial,Construction,North,2026-08,12445,12083
P06665,Commercial,Construction,North,2026-08,27087,26298
P06666,Commercial,Construction,North,2026-08,22402,21750
P06667,Commercial,Construction,North,2026-08,31183,30275
P06668,Commercial,Construction,North,2026-08,23429,22747
P06669,Commercial,Construction,North,2026-08,20497,19900
P06670,Commercial,Construction,North,2026-08,13833,13430
P06671,Commercial,Construction,North,2026-08,29753,28886
P06672,Commercial,Construction,North,2026-08,11903,11556
P06673,Commercial,Construction,North,2026-08,13262,12876
P06674,Commercial,Construction,North,2026-08,31238,30328
P06675,Commercial,Construction,North,2026-08,28227,27405
P06676,Commercial,Construction,North,2026-08,24378,23668
P06677,Commercial,Construction,North,2026-08,7166,6957
P06678,Commercial,Construction,North,2026-08,9815,9529
P06679,Commercial,Construction,North,2026-08,20992,20381
P06680,Commercial,Construction,North,2026-08,28382,27555
P06681,Commercial,Construction,North,2026-08,19917,19337
P06682,Commercial,Construction,North,2026-08,6517,6327
P06683,Commercial,Construction,North,2026-08,11525,11189
P06684,Commercial,Construction,North,2026-08,23656,22967
P06685,Commercial,Construction,North,2026-08,26818,26037
P06686,Commercial,Construction,North,2026-08,7001,6797
P06687,Commercial,Construction,North,2026-08,7298,7085
P06688,Commercial,Construction,North,2026-08,13835,13432
P06689,Commercial,Construction,North,2026-08,8503,8255
P06690,Commercial,Construction,North,2026-08,22251,21603
P06691,Commercial,Construction,North,2026-08,9708,9425
P06692,Commercial,Construction,North,2026-08,25439,24698
P06693,Commercial,Construction,North,2026-08,29308,28454
P06694,Commercial,Construction,North,2026-08,35104,34082
P06695,Commercial,Construction,North,2026-08,34441,33438
P06696,Commercial,Construction,North,2026-08,14196,13783
P06697,Commercial,Construction,North,2026-08,6880,6680
P06698,Commercial,Construction,North,2026-08,15877,15415
P06699,Commercial,Construction,North,2026-08,27246,26452
P06700,Commercial,Construction,North,2026-08,7792,7565
P06701,Commercial,Construction,North,2026-08,16786,16297
P06702,Commercial,Construction,North,2026-08,14936,14501
P06703,Commercial,Construction,North,2026-08,12576,12210
P06704,Commercial,Construction,North,2026-08,27176,26384
P06705,Commercial,Construction,East,2026-08,25266,24530
P06706,Commercial,Construction,East,2026-08,21630,21000
P06707,Commercial,Construction,East,2026-08,32667,31716
P06708,Commercial,Construction,East,2026-08,8915,8655
P06709,Commercial,Construction,East,2026-08,10285,9985
P06710,Commercial,Construction,East,2026-08,17159,16659
P06711,Commercial,Construction,East,2026-08,25171,24438
P06712,Commercial,Construction,East,2026-08,23060,22388
P06713,Commercial,Construction,East,2026-08,8060,7825
P06714,Commercial,Construction,East,2026-08,34068,33076
P06715,Commercial,Construction,East,2026-08,14854,14421
P06716,Commercial,Construction,East,2026-08,16439,15960
P06717,Commercial,Construction,East,2026-08,24223,23517
P06718,Commercial,Construction,East,2026-08,33679,32698
P06719,Commercial,Construction,East,2026-08,25371,24632
P06720,Commercial,Construction,East,2026-08,33961,32972
P06721,Commercial,Construction,East,2026-08,11399,11067
P06722,Commercial,Construction,East,2026-08,24080,23379
P06723,Commercial,Construction,East,2026-08,30258,29377
P06724,Commercial,Construction,East,2026-08,20852,20245
P06725,Commercial,Construction,East,2026-08,16534,16052
P06726,Commercial,Construction,East,2026-08,34843,33828
P06727,Commercial,Construction,East,2026-08,10028,9736
P06728,Commercial,Construction,East,2026-08,17967,17444
P06729,Commercial,Construction,East,2026-08,31567,30648
P06730,Commercial,Construction,East,2026-08,32365,31422
P06731,Commercial,Construction,East,2026-08,34714,33703
P06732,Commercial,Construction,East,2026-08,31904,30975
P06733,Commercial,Construction,East,2026-08,7381,7166
P06734,Commercial,Construction,East,2026-08,33226,32258
P06735,Commercial,Construction,East,2026-08,18474,17936
P06736,Commercial,Construction,East,2026-08,25045,24316
P06737,Commercial,Construction,East,2026-08,17477,16968
P06738,Commercial,Construction,East,2026-08,29811,28943
P06739,Commercial,Construction,East,2026-08,22820,22155
P06740,Commercial,Construction,East,2026-08,30749,29853
P06741,Commercial,Construction,East,2026-08,11580,11243
P06742,Commercial,Construction,East,2026-08,11322,10992
P06743,Commercial,Construction,East,2026-08,18834,18285
P06744,Commercial,Construction,East,2026-08,6021,5846
P06745,Commercial,Construction,East,2026-08,26258,25493
P06746,Commercial,Construction,East,2026-08,14589,14164
P06747,Commercial,Construction,East,2026-08,22272,21623
P06748,Commercial,Construction,East,2026-08,7940,7709
P06749,Commercial,Construction,East,2026-08,10900,10583
P06750,Commercial,Construction,East,2026-08,24200,23495
P06751,Commercial,Construction,East,2026-08,14871,14438
P06752,Commercial,Construction,East,2026-08,12196,11841
P06753,Commercial,Construction,East,2026-08,12612,12245
P06754,Commercial,Construction,East,2026-08,12199,11844
P06755,Commercial,Construction,East,2026-08,24200,23495
P06756,Commercial,Construction,East,2026-08,10814,10499
P06757,Commercial,Construction,East,2026-08,16549,16067
P06758,Commercial,Construction,East,2026-08,26113,25352
P06759,Commercial,Construction,East,2026-08,20988,20377
P06760,Commercial,Construction,East,2026-08,23448,22765
P06761,Commercial,Construction,East,2026-08,13261,12875
P06762,Commercial,Construction,East,2026-08,33312,32342
P06763,Commercial,Construction,East,2026-08,18054,17528
P06764,Commercial,Construction,East,2026-08,14321,13904
P06765,Commercial,Construction,East,2026-08,32478,31532
P06766,Commercial,Construction,East,2026-08,25154,24421
P06767,Commercial,Construction,East,2026-08,23937,23240
P06768,Commercial,Construction,East,2026-08,31960,31029
P06769,Commercial,Construction,East,2026-08,7603,7382
P06770,Commercial,Construction,East,2026-08,30518,29629
P06771,Commercial,Construction,East,2026-08,25817,25065
P06772,Commercial,Construction,East,2026-08,16469,15989
P06773,Commercial,Construction,East,2026-08,13421,13030
P06774,Commercial,Construction,East,2026-08,8964,8703
P06775,Commercial,Construction,East,2026-08,33558,32581
P06776,Commercial,Construction,East,2026-08,10056,9763
P06777,Commercial,Construction,East,2026-08,13512,13118
P06778,Commercial,Construction,East,2026-08,26207,25444
P06779,Commercial,Construction,East,2026-08,26767,25987
P06780,Commercial,Construction,East,2026-08,10610,10301
P06781,Commercial,Construction,East,2026-08,29825,28956
P06782,Commercial,Construction,East,2026-08,20889,20281
P06783,Commercial,Construction,East,2026-08,30834,29936
P06784,Commercial,Construction,East,2026-08,8449,8203
P06785,Commercial,Construction,East,2026-08,7141,6933
P06786,Commercial,Construction,East,2026-08,24615,23898
P06787,Commercial,Construction,East,2026-08,10294,9994
P06788,Commercial,Construction,East,2026-08,21320,20699
P06789,Commercial,Construction,East,2026-08,6296,6113
P06790,Commercial,Construction,East,2026-08,28819,27980
P06791,Commercial,Construction,East,2026-08,32337,31395
P06792,Commercial,Construction,East,2026-08,30553,29663
P06793,Commercial,Construction,East,2026-08,34066,33074
P06794,Commercial,Construction,East,2026-08,32441,31496
P06795,Commercial,Construction,East,2026-08,18941,18389
P06796,Commercial,Construction,East,2026-08,17598,17085
P06797,Commercial,Construction,East,2026-08,32238,31299
P06798,Commercial,Construction,East,2026-08,33142,32177
P06799,Commercial,Construction,East,2026-08,34493,33488
P06800,Commercial,Construction,East,2026-08,28477,27648
P06801,Commercial,Construction,East,2026-08,11822,11478
P06802,Commercial,Construction,East,2026-08,33673,32692
P06803,Commercial,Construction,East,2026-08,33737,32754
P06804,Commercial,Construction,East,2026-08,25472,24730
P06805,Commercial,Construction,East,2026-08,31094,30188
P06806,Commercial,Construction,East,2026-08,22386,21734
P06807,Commercial,Construction,East,2026-08,33648,32668
P06808,Commercial,Construction,East,2026-08,8645,8393
P06809,Commercial,Construction,East,2026-08,31290,30379
P06810,Commercial,Construction,East,2026-08,7514,7295
P06811,Commercial,Construction,East,2026-08,15855,15393
P06812,Commercial,Construction,East,2026-08,9862,9575
P06813,Commercial,Construction,East,2026-08,19973,19391
P06814,Commercial,Construction,East,2026-08,12712,12342
P06815,Commercial,Construction,East,2026-08,33882,32895
P06816,Commercial,Construction,East,2026-08,22331,21681
P06817,Commercial,Construction,East,2026-08,32283,31343
P06818,Commercial,Construction,East,2026-08,14060,13650
P06819,Commercial,Construction,East,2026-08,6646,6452
P06820,Commercial,Construction,East,2026-08,28694,27858
P06821,Commercial,Construction,East,2026-08,26538,25765
P06822,Commercial,Construction,East,2026-08,21925,21286
P06823,Commercial,Construction,East,2026-08,29861,28991
P06824,Commercial,Construction,East,2026-08,30588,29697
P06825,Commercial,Construction,East,2026-08,23172,22497
P06826,Commercial,Construction,East,2026-08,34290,33291
P06827,Commercial,Construction,East,2026-08,27048,26260
P06828,Commercial,Construction,East,2026-08,25788,25037
P06829,Commercial,Construction,East,2026-08,16511,16030
P06830,Commercial,Construction,East,2026-08,5948,5775
P06831,Commercial,Construction,East,2026-08,12968,12590
P06832,Commercial,Construction,East,2026-08,28349,27523
P06833,Commercial,Construction,East,2026-08,26758,25979
P06834,Commercial,Construction,East,2026-08,15617,15162
P06835,Commercial,Construction,East,2026-08,24280,23573
P06836,Commercial,Construction,East,2026-08,11626,11287
P06837,Commercial,Construction,East,2026-08,13635,13238
P06838,Commercial,Construction,East,2026-08,33745,32762
P06839,Commercial,Construction,East,2026-08,18033,17508
P06840,Commercial,Construction,East,2026-08,13087,12706
P06841,Commercial,Construction,East,2026-08,20208,19619
P06842,Commercial,Construction,East,2026-08,17264,16761
P06843,Commercial,Construction,East,2026-08,27337,26541
P06844,Commercial,Construction,East,2026-08,34177,33182
P06845,Commercial,Construction,East,2026-08,23284,22606
P06846,Commercial,Construction,East,2026-08,23267,22589
P06847,Commercial,Construction,East,2026-08,16612,16128
P06848,Commercial,Construction,East,2026-08,22487,21832
P06849,Commercial,Construction,East,2026-08,15273,14828
P06850,Commercial,Construction,East,2026-08,5914,5742
P06851,Commercial,Construction,East,2026-08,31353,30440
P06852,Commercial,Construction,East,2026-08,18511,17972
P06853,Commercial,Construction,East,2026-08,20354,19761
P06854,Commercial,Construction,East,2026-08,8338,8095
P06855,Commercial,Construction,East,2026-08,30500,29612
P06856,Commercial,Construction,East,2026-08,10891,10574
P06857,Commercial,Construction,East,2026-08,17958,17435
P06858,Commercial,Construction,East,2026-08,30594,29703
P06859,Commercial,Construction,East,2026-08,19345,18782
P06860,Commercial,Construction,East,2026-08,33267,32298
P06861,Commercial,Construction,East,2026-08,12038,11687
P06862,Commercial,Construction,East,2026-08,26916,26132
P06863,Commercial,Construction,East,2026-08,34644,33635
P06864,Commercial,Construction,East,2026-08,22046,21404
P06865,Commercial,Construction,East,2026-08,26238,25474
P06866,Commercial,Construction,East,2026-08,17446,16938
P06867,Commercial,Construction,East,2026-08,27978,27163
P06868,Commercial,Construction,East,2026-08,32611,31661
P06869,Commercial,Construction,East,2026-08,26559,25785
P06870,Commercial,Construction,East,2026-08,33407,32434
P06871,Commercial,Construction,East,2026-08,23194,22518
P06872,Commercial,Construction,East,2026-08,22855,22189
P06873,Commercial,Construction,East,2026-08,14841,14409
P06874,Commercial,Construction,East,2026-08,26751,25972
P06875,Commercial,Construction,East,2026-08,31820,30893
P06876,Commercial,Construction,East,2026-08,24890,24165
P06877,Commercial,Construction,East,2026-08,12735,12364
P06878,Commercial,Construction,East,2026-08,21883,21246
P06879,Commercial,Construction,East,2026-08,28114,27295
P06880,Commercial,Construction,East,2026-08,33508,32532
P06881,Commercial,Construction,East,2026-08,10487,10182
P06882,Commercial,Construction,East,2026-08,9632,9351
P06883,Commercial,Construction,East,2026-08,18026,17501
P06884,Commercial,Construction,East,2026-08,9576,9297
P06885,Commercial,Construction,East,2026-08,34716,33705
P06886,Commercial,Construction,East,2026-08,18361,17826
P06887,Commercial,Construction,East,2026-08,21575,20947
P06888,Commercial,Construction,East,2026-08,12561,12195
P06889,Commercial,Construction,East,2026-08,19090,18534
P06890,Commercial,Construction,East,2026-08,34841,33826
P06891,Commercial,Construction,East,2026-08,20254,19664
P06892,Commercial,Construction,East,2026-08,6142,5963
P06893,Commercial,Construction,East,2026-08,13014,12635
P06894,Commercial,Construction,East,2026-08,34657,33648
P06895,Commercial,Construction,East,2026-08,34970,33951
P06896,Commercial,Construction,East,2026-08,12073,11721
P06897,Commercial,Construction,East,2026-08,23976,23278
P06898,Commercial,Construction,East,2026-08,8144,7907
P06899,Commercial,Construction,East,2026-08,22864,22198
P06900,Commercial,Construction,East,2026-08,9585,9306
P06901,Commercial,Construction,East,2026-08,29959,29086
P06902,Commercial,Construction,East,2026-08,33514,32538
P06903,Commercial,Construction,East,2026-08,10970,10650
P06904,Commercial,Construction,East,2026-08,19490,18922
P06905,Commercial,Construction,East,2026-08,8883,8624
P06906,Commercial,Construction,East,2026-08,15856,15394
P06907,Commercial,Construction,East,2026-08,7796,7569
P06908,Commercial,Construction,East,2026-08,13662,13264
P06909,Commercial,Construction,East,2026-08,35004,33984
P06910,Commercial,Construction,East,2026-08,7194,6984
P06911,Commercial,Construction,East,2026-08,31144,30237
P06912,Commercial,Construction,West,2026-08,7661,7438
P06913,Commercial,Construction,West,2026-08,20129,19543
P06914,Commercial,Construction,West,2026-08,18006,17482
P06915,Commercial,Construction,West,2026-08,31244,30334
P06916,Commercial,Construction,West,2026-08,11019,10698
P06917,Commercial,Construction,West,2026-08,10483,10178
P06918,Commercial,Construction,West,2026-08,26196,25433
P06919,Commercial,Construction,West,2026-08,25560,24816
P06920,Commercial,Construction,West,2026-08,24828,24105
P06921,Commercial,Construction,West,2026-08,6244,6062
P06922,Commercial,Construction,West,2026-08,12700,12330
P06923,Commercial,Construction,West,2026-08,28713,27877
P06924,Commercial,Construction,West,2026-08,22113,21469
P06925,Commercial,Construction,West,2026-08,22150,21505
P06926,Commercial,Construction,West,2026-08,13693,13294
P06927,Commercial,Construction,West,2026-08,12706,12336
P06928,Commercial,Construction,West,2026-08,31658,30736
P06929,Commercial,Construction,West,2026-08,25617,24871
P06930,Commercial,Construction,West,2026-08,9025,8762
P06931,Commercial,Construction,West,2026-08,31414,30499
P06932,Commercial,Construction,West,2026-08,21602,20973
P06933,Commercial,Construction,West,2026-08,14727,14298
P06934,Commercial,Construction,West,2026-08,16488,16008
P06935,Commercial,Construction,West,2026-08,25552,24808
P06936,Commercial,Construction,West,2026-08,15911,15448
P06937,Commercial,Construction,West,2026-08,21502,20876
P06938,Commercial,Construction,West,2026-08,25140,24408
P06939,Commercial,Construction,West,2026-08,10917,10599
P06940,Commercial,Construction,West,2026-08,31594,30674
P06941,Commercial,Construction,West,2026-08,15357,14910
P06942,Commercial,Construction,West,2026-08,17102,16604
P06943,Commercial,Construction,West,2026-08,24810,24087
P06944,Commercial,Construction,West,2026-08,22332,21682
P06945,Commercial,Construction,West,2026-08,17675,17160
P06946,Commercial,Construction,West,2026-08,23463,22780
P06947,Commercial,Construction,West,2026-08,30451,29564
P06948,Commercial,Construction,West,2026-08,27619,26815
P06949,Commercial,Construction,West,2026-08,28282,27458
P06950,Commercial,Construction,West,2026-08,12658,12289
P06951,Commercial,Construction,West,2026-08,17103,16605
P06952,Commercial,Construction,West,2026-08,20814,20208
P06953,Commercial,Construction,West,2026-08,6742,6546
P06954,Commercial,Construction,West,2026-08,26778,25998
P06955,Commercial,Construction,West,2026-08,14454,14033
P06956,Commercial,Construction,West,2026-08,13325,12937
P06957,Commercial,Construction,West,2026-08,12682,12313
P06958,Commercial,Construction,West,2026-08,13347,12958
P06959,Commercial,Construction,West,2026-08,14856,14423
P06960,Commercial,Construction,West,2026-08,22222,21575
P06961,Commercial,Construction,West,2026-08,21635,21005
P06962,Commercial,Construction,West,2026-08,12584,12217
P06963,Commercial,Construction,West,2026-08,11222,10895
P06964,Commercial,Construction,West,2026-08,28339,27514
P06965,Commercial,Construction,West,2026-08,8082,7847
P06966,Commercial,Construction,West,2026-08,19682,19109
P06967,Commercial,Construction,West,2026-08,19895,19316
P06968,Commercial,Construction,West,2026-08,21376,20753
P06969,Commercial,Construction,West,2026-08,29977,29104
P06970,Commercial,Construction,West,2026-08,22750,22087
P06971,Commercial,Construction,West,2026-08,32406,31462
P06972,Commercial,Construction,West,2026-08,29582,28720
P06973,Commercial,Construction,West,2026-08,11452,11118
P06974,Commercial,Construction,West,2026-08,12182,11827
P06975,Commercial,Construction,West,2026-08,15042,14604
P06976,Commercial,Construction,West,2026-08,16333,15857
P06977,Commercial,Construction,West,2026-08,20792,20186
P06978,Commercial,Construction,West,2026-08,11943,11595
P06979,Commercial,Construction,West,2026-08,11662,11322
P06980,Commercial,Construction,West,2026-08,16054,15586
P06981,Commercial,Construction,West,2026-08,24078,23377
P06982,Commercial,Construction,West,2026-08,24522,23808
P06983,Commercial,Construction,West,2026-08,32475,31529
P06984,Commercial,Construction,West,2026-08,11112,10788
P06985,Commercial,Construction,West,2026-08,16370,15893
P06986,Commercial,Construction,West,2026-08,32159,31222
P06987,Commercial,Construction,West,2026-08,24575,23859
P06988,Commercial,Construction,West,2026-08,21876,21239
P06989,Commercial,Construction,West,2026-08,20423,19828
P06990,Commercial,Construction,West,2026-08,7608,7386
P06991,Commercial,Construction,West,2026-08,30190,29311
P06992,Commercial,Construction,West,2026-08,22794,22130
P06993,Commercial,Construction,West,2026-08,21308,20687
P06994,Commercial,Construction,West,2026-08,20419,19824
P06995,Commercial,Construction,West,2026-08,16344,15868
P06996,Commercial,Construction,West,2026-08,12554,12188
P06997,Commercial,Construction,West,2026-08,26378,25610
P06998,Commercial,Construction,West,2026-08,19593,19022
P06999,Commercial,Construction,West,2026-08,6459,6271
P07000,Commercial,Construction,West,2026-08,16542,16060
P07001,Commercial,Construction,West,2026-08,31163,30255
P07002,Commercial,Construction,West,2026-08,15847,15385
P07003,Commercial,Construction,West,2026-08,16932,16439
P07004,Commercial,Construction,West,2026-08,22751,22088
P07005,Commercial,Construction,West,2026-08,27658,26852
P07006,Commercial,Construction,West,2026-08,23979,23281
P07007,Commercial,Construction,West,2026-08,28993,28149
P07008,Commercial,Construction,West,2026-08,8670,8417
P07009,Commercial,Construction,West,2026-08,31052,30148
P07010,Commercial,Construction,West,2026-08,30481,29593
P07011,Commercial,Construction,West,2026-08,19857,19279
P07012,Commercial,Construction,West,2026-08,22772,22109
P07013,Commercial,Construction,West,2026-08,11399,11067
P07014,Commercial,Construction,West,2026-08,17891,17370
P07015,Commercial,Construction,West,2026-08,11120,10796
P07016,Commercial,Construction,West,2026-08,6130,5951
P07017,Commercial,Construction,West,2026-08,32607,31657
P07018,Commercial,Construction,West,2026-08,12678,12309
P07019,Commercial,Construction,West,2026-08,21899,21261
P07020,Commercial,Construction,West,2026-08,13813,13411
P07021,Commercial,Construction,West,2026-08,15756,15297
P07022,Commercial,Construction,West,2026-08,16506,16025
P07023,Commercial,Construction,West,2026-08,14773,14343
P07024,Commercial,Construction,West,2026-08,23122,22449
P07025,Commercial,Construction,West,2026-08,32056,31122
P07026,Commercial,Construction,West,2026-08,17358,16852
P07027,Commercial,Construction,West,2026-08,32398,31454
P07028,Commercial,Construction,West,2026-08,23962,23264
P07029,Commercial,Construction,West,2026-08,22286,21637
P07030,Commercial,Construction,West,2026-08,12070,11718
P07031,Commercial,Construction,West,2026-08,7259,7048
P07032,Commercial,Construction,West,2026-08,29046,28200
P07033,Commercial,Construction,West,2026-08,21371,20749
P07034,Commercial,Construction,West,2026-08,16965,16471
P07035,Commercial,Construction,West,2026-08,27942,27128
P07036,Commercial,Construction,West,2026-08,14098,13687
P07037,Commercial,Construction,West,2026-08,27159,26368
P07038,Commercial,Construction,West,2026-08,14578,14153
P07039,Commercial,Construction,West,2026-08,30949,30048
P07040,Commercial,Construction,West,2026-08,12921,12545
P07041,Commercial,Construction,West,2026-08,9320,9049
P07042,Commercial,Construction,West,2026-08,24798,24076
P07043,Commercial,Construction,West,2026-08,10019,9727
P07044,Commercial,Construction,West,2026-08,31736,30812
P07045,Commercial,Construction,West,2026-08,23623,22935
P07046,Commercial,Construction,West,2026-08,11896,11550
P07047,Commercial,Construction,West,2026-08,11288,10959
P07048,Commercial,Construction,West,2026-08,31032,30128
P07049,Commercial,Construction,West,2026-08,22307,21657
P07050,Commercial,Construction,West,2026-08,30200,29320
P07051,Commercial,Construction,West,2026-08,8565,8316
P07052,Commercial,Construction,West,2026-08,31074,30169
P07053,Commercial,Construction,West,2026-08,19882,19303
P07054,Commercial,Construction,West,2026-08,23978,23280
P07055,Commercial,Construction,West,2026-08,15818,15357
P07056,Commercial,Construction,West,2026-08,7155,6947
P07057,Commercial,Construction,West,2026-08,31973,31042
P07058,Commercial,Construction,West,2026-08,32985,32024
P07059,Commercial,Construction,West,2026-08,15588,15134
P07060,Commercial,Construction,West,2026-08,31584,30664
P07061,Commercial,Construction,West,2026-08,10154,9858
P07062,Commercial,Construction,West,2026-08,9793,9508
P07063,Commercial,Construction,West,2026-08,7541,7321
P07064,Commercial,Construction,West,2026-08,16326,15850
P07065,Commercial,Construction,West,2026-08,6967,6764
P07066,Commercial,Construction,West,2026-08,16419,15941
P07067,Commercial,Construction,West,2026-08,9343,9071
P07068,Commercial,Construction,West,2026-08,25693,24945
P07069,Commercial,Construction,West,2026-08,28533,27702
P07070,Commercial,Construction,West,2026-08,24514,23800
P07071,Commercial,Construction,West,2026-08,11058,10736
P07072,Commercial,Construction,West,2026-08,26697,25919
P07073,Commercial,Construction,West,2026-08,12412,12050
P07074,Commercial,Construction,West,2026-08,26494,25722
P07075,Commercial,Construction,West,2026-08,21189,20572
P07076,Commercial,Construction,West,2026-08,15648,15192
P07077,Commercial,Construction,West,2026-08,7828,7600
P07078,Commercial,Construction,West,2026-08,28371,27545
P07079,Commercial,Construction,West,2026-08,31468,30551
P07080,Commercial,Construction,West,2026-08,23909,23213
P07081,Commercial,Construction,West,2026-08,32156,31219
P07082,Commercial,Construction,West,2026-08,31315,30403
P07083,Commercial,Construction,West,2026-08,10896,10579
P07084,Commercial,Construction,West,2026-08,25713,24964
P07085,Commercial,Construction,West,2026-08,15168,14726
P07086,Commercial,Construction,West,2026-08,18984,18431
P07087,Commercial,Construction,West,2026-08,9856,9569
P07088,Commercial,Construction,West,2026-08,32438,31493
P07089,Commercial,Construction,West,2026-08,25572,24827
P07090,Commercial,Construction,West,2026-08,12893,12517
P07091,Commercial,Construction,West,2026-08,15780,15320
P07092,Commercial,Construction,West,2026-08,17188,16687
P07093,Commercial,Construction,West,2026-08,26163,25401
P07094,Commercial,Construction,West,2026-08,31082,30177
P07095,Commercial,Construction,West,2026-08,14398,13979
P07096,Commercial,Construction,West,2026-08,18569,18028
P07097,Commercial,Construction,West,2026-08,21902,21264
P07098,Commercial,Construction,West,2026-08,16383,15906
P07099,Commercial,Construction,West,2026-08,19443,18877
P07100,Commercial,Construction,West,2026-08,8441,8195
P07101,Commercial,Construction,West,2026-08,10152,9856
P07102,Commercial,Construction,West,2026-08,16597,16114
P07103,Commercial,Construction,West,2026-08,30786,29889
P07104,Commercial,Construction,West,2026-08,15169,14727
P07105,Commercial,Construction,West,2026-08,12420,12058
P07106,Commercial,Construction,West,2026-08,26034,25276
P07107,Commercial,Construction,West,2026-08,31729,30805
P07108,Commercial,Construction,West,2026-08,18200,17670
P07109,Commercial,Construction,West,2026-08,5760,5592
P07110,Commercial,Construction,West,2026-08,24523,23809
P07111,Commercial,Construction,West,2026-08,16983,16488
P07112,Commercial,Construction,West,2026-08,24123,23420
P07113,Commercial,Construction,West,2026-08,13190,12806
P07114,Commercial,Construction,West,2026-08,5589,5426
P07115,Commercial,Construction,West,2026-08,15035,14597
P07116,Commercial,Construction,West,2026-08,24983,24255
P07117,Commercial,Construction,West,2026-08,16377,15900
P07118,Commercial,Construction,West,2026-08,11574,11237
P07119,Commercial,SME,North,2026-08,16781,16292
P07120,Commercial,SME,North,2026-08,24067,23366
P07121,Commercial,SME,North,2026-08,8072,7837
P07122,Commercial,SME,North,2026-08,22536,21880
P07123,Commercial,SME,North,2026-08,21919,21281
P07124,Commercial,SME,North,2026-08,14423,14003
P07125,Commercial,SME,North,2026-08,29576,28715
P07126,Commercial,SME,North,2026-08,27665,26859
P07127,Commercial,SME,North,2026-08,13044,12664
P07128,Commercial,SME,North,2026-08,5840,5670
P07129,Commercial,SME,North,2026-08,12846,12472
P07130,Commercial,SME,North,2026-08,10228,9930
P07131,Commercial,SME,North,2026-08,18884,18334
P07132,Commercial,SME,North,2026-08,28272,27449
P07133,Commercial,SME,North,2026-08,27049,26261
P07134,Commercial,SME,North,2026-08,12783,12411
P07135,Commercial,SME,North,2026-08,15886,15423
P07136,Commercial,SME,North,2026-08,5978,5804
P07137,Commercial,SME,North,2026-08,18807,18259
P07138,Commercial,SME,North,2026-08,6656,6462
P07139,Commercial,SME,North,2026-08,28774,27936
P07140,Commercial,SME,North,2026-08,26963,26178
P07141,Commercial,SME,North,2026-08,10467,10162
P07142,Commercial,SME,North,2026-08,22729,22067
P07143,Commercial,SME,North,2026-08,19409,18844
P07144,Commercial,SME,North,2026-08,25306,24569
P07145,Commercial,SME,North,2026-08,17075,16578
P07146,Commercial,SME,North,2026-08,9900,9612
P07147,Commercial,SME,North,2026-08,21224,20606
P07148,Commercial,SME,North,2026-08,7083,6877
P07149,Commercial,SME,North,2026-08,19828,19250
P07150,Commercial,SME,North,2026-08,10430,10126
P07151,Commercial,SME,North,2026-08,22363,21712
P07152,Commercial,SME,North,2026-08,25981,25224
P07153,Commercial,SME,North,2026-08,7822,7594
P07154,Commercial,SME,North,2026-08,15170,14728
P07155,Commercial,SME,North,2026-08,23592,22905
P07156,Commercial,SME,North,2026-08,9192,8924
P07157,Commercial,SME,North,2026-08,19371,18807
P07158,Commercial,SME,North,2026-08,22033,21391
P07159,Commercial,SME,North,2026-08,14020,13612
P07160,Commercial,SME,North,2026-08,26080,25320
P07161,Commercial,SME,North,2026-08,17959,17436
P07162,Commercial,SME,North,2026-08,20900,20291
P07163,Commercial,SME,North,2026-08,8615,8364
P07164,Commercial,SME,North,2026-08,5639,5475
P07165,Commercial,SME,North,2026-08,6337,6152
P07166,Commercial,SME,North,2026-08,27898,27085
P07167,Commercial,SME,North,2026-08,27360,26563
P07168,Commercial,SME,North,2026-08,25464,24722
P07169,Commercial,SME,North,2026-08,10099,9805
P07170,Commercial,SME,North,2026-08,18334,17800
P07171,Commercial,SME,North,2026-08,25173,24440
P07172,Commercial,SME,North,2026-08,22105,21461
P07173,Commercial,SME,North,2026-08,7974,7742
P07174,Commercial,SME,North,2026-08,27686,26880
P07175,Commercial,SME,North,2026-08,9116,8850
P07176,Commercial,SME,North,2026-08,9396,9122
P07177,Commercial,SME,North,2026-08,27824,27014
P07178,Commercial,SME,North,2026-08,17302,16798
P07179,Commercial,SME,North,2026-08,14478,14056
P07180,Commercial,SME,North,2026-08,19046,18491
P07181,Commercial,SME,North,2026-08,29856,28986
P07182,Commercial,SME,North,2026-08,8077,7842
P07183,Commercial,SME,North,2026-08,24183,23479
P07184,Commercial,SME,North,2026-08,13503,13110
P07185,Commercial,SME,North,2026-08,8012,7779
P07186,Commercial,SME,North,2026-08,15718,15260
P07187,Commercial,SME,North,2026-08,18922,18371
P07188,Commercial,SME,North,2026-08,10260,9961
P07189,Commercial,SME,North,2026-08,15297,14851
P07190,Commercial,SME,North,2026-08,21119,20504
P07191,Commercial,SME,North,2026-08,19623,19051
P07192,Commercial,SME,North,2026-08,23330,22650
P07193,Commercial,SME,North,2026-08,26192,25429
P07194,Commercial,SME,North,2026-08,15394,14946
P07195,Commercial,SME,North,2026-08,15744,15285
P07196,Commercial,SME,North,2026-08,17607,17094
P07197,Commercial,SME,North,2026-08,19367,18803
P07198,Commercial,SME,North,2026-08,7792,7565
P07199,Commercial,SME,North,2026-08,12955,12578
P07200,Commercial,SME,North,2026-08,9399,9125
P07201,Commercial,SME,North,2026-08,14805,14374
P07202,Commercial,SME,North,2026-08,29653,28789
P07203,Commercial,SME,North,2026-08,19781,19205
P07204,Commercial,SME,North,2026-08,15905,15442
P07205,Commercial,SME,North,2026-08,19357,18793
P07206,Commercial,SME,North,2026-08,21963,21323
P07207,Commercial,SME,North,2026-08,16046,15579
P07208,Commercial,SME,North,2026-08,16369,15892
P07209,Commercial,SME,North,2026-08,22779,22116
P07210,Commercial,SME,North,2026-08,6592,6400
P07211,Commercial,SME,North,2026-08,18703,18158
P07212,Commercial,SME,North,2026-08,18886,18336
P07213,Commercial,SME,North,2026-08,24179,23475
P07214,Commercial,SME,North,2026-08,29888,29017
P07215,Commercial,SME,North,2026-08,25164,24431
P07216,Commercial,SME,North,2026-08,17786,17268
P07217,Commercial,SME,North,2026-08,9337,9065
P07218,Commercial,SME,North,2026-08,19920,19340
P07219,Commercial,SME,North,2026-08,26138,25377
P07220,Commercial,SME,North,2026-08,28619,27785
P07221,Commercial,SME,North,2026-08,25912,25157
P07222,Commercial,SME,North,2026-08,9830,9544
P07223,Commercial,SME,North,2026-08,23063,22391
P07224,Commercial,SME,North,2026-08,27297,26502
P07225,Commercial,SME,North,2026-08,22264,21616
P07226,Commercial,SME,North,2026-08,22384,21732
P07227,Commercial,SME,North,2026-08,17694,17179
P07228,Commercial,SME,North,2026-08,21152,20536
P07229,Commercial,SME,North,2026-08,12494,12130
P07230,Commercial,SME,North,2026-08,7299,7086
P07231,Commercial,SME,North,2026-08,25972,25216
P07232,Commercial,SME,North,2026-08,28889,28048
P07233,Commercial,SME,North,2026-08,26708,25930
P07234,Commercial,SME,North,2026-08,13493,13100
P07235,Commercial,SME,North,2026-08,7418,7202
P07236,Commercial,SME,North,2026-08,12133,11780
P07237,Commercial,SME,North,2026-08,26355,25587
P07238,Commercial,SME,North,2026-08,21628,20998
P07239,Commercial,SME,North,2026-08,29485,28626
P07240,Commercial,SME,North,2026-08,13714,13315
P07241,Commercial,SME,North,2026-08,18991,18438
P07242,Commercial,SME,North,2026-08,25020,24291
P07243,Commercial,SME,North,2026-08,10967,10648
P07244,Commercial,SME,North,2026-08,29419,28562
P07245,Commercial,SME,North,2026-08,20025,19442
P07246,Commercial,SME,North,2026-08,5254,5101
P07247,Commercial,SME,North,2026-08,5690,5524
P07248,Commercial,SME,North,2026-08,27350,26553
P07249,Commercial,SME,North,2026-08,21362,20740
P07250,Commercial,SME,North,2026-08,24339,23630
P07251,Commercial,SME,North,2026-08,24867,24143
P07252,Commercial,SME,North,2026-08,15680,15223
P07253,Commercial,SME,North,2026-08,25237,24502
P07254,Commercial,SME,North,2026-08,28747,27910
P07255,Commercial,SME,North,2026-08,9405,9131
P07256,Commercial,SME,North,2026-08,24366,23656
P07257,Commercial,SME,North,2026-08,12833,12459
P07258,Commercial,SME,North,2026-08,13179,12795
P07259,Commercial,SME,North,2026-08,15485,15034
P07260,Commercial,SME,North,2026-08,26882,26099
P07261,Commercial,SME,North,2026-08,5611,5448
P07262,Commercial,SME,North,2026-08,16021,15554
P07263,Commercial,SME,North,2026-08,22241,21593
P07264,Commercial,SME,North,2026-08,7844,7616
P07265,Commercial,SME,North,2026-08,25076,24346
P07266,Commercial,SME,North,2026-08,28858,28017
P07267,Commercial,SME,North,2026-08,7352,7138
P07268,Commercial,SME,North,2026-08,8920,8660
P07269,Commercial,SME,North,2026-08,29671,28807
P07270,Commercial,SME,North,2026-08,10055,9762
P07271,Commercial,SME,North,2026-08,7049,6844
P07272,Commercial,SME,North,2026-08,29118,28270
P07273,Commercial,SME,North,2026-08,27612,26808
P07274,Commercial,SME,North,2026-08,21626,20996
P07275,Commercial,SME,North,2026-08,18990,18437
P07276,Commercial,SME,North,2026-08,28285,27461
P07277,Commercial,SME,North,2026-08,21621,20991
P07278,Commercial,SME,North,2026-08,21693,21061
P07279,Commercial,SME,North,2026-08,26375,25607
P07280,Commercial,SME,North,2026-08,21563,20935
P07281,Commercial,SME,North,2026-08,17783,17265
P07282,Commercial,SME,North,2026-08,14903,14469
P07283,Commercial,SME,North,2026-08,17770,17252
P07284,Commercial,SME,North,2026-08,18258,17726
P07285,Commercial,SME,North,2026-08,14173,13760
P07286,Commercial,SME,North,2026-08,16379,15902
P07287,Commercial,SME,North,2026-08,25319,24582
P07288,Commercial,SME,North,2026-08,15581,15127
P07289,Commercial,SME,North,2026-08,5700,5534
P07290,Commercial,SME,North,2026-08,12207,11851
P07291,Commercial,SME,North,2026-08,10911,10593
P07292,Commercial,SME,North,2026-08,25109,24378
P07293,Commercial,SME,North,2026-08,16409,15931
P07294,Commercial,SME,North,2026-08,12139,11785
P07295,Commercial,SME,North,2026-08,25542,24798
P07296,Commercial,SME,North,2026-08,5540,5379
P07297,Commercial,SME,North,2026-08,9457,9182
P07298,Commercial,SME,North,2026-08,25953,25197
P07299,Commercial,SME,North,2026-08,18971,18418
P07300,Commercial,SME,North,2026-08,24606,23889
P07301,Commercial,SME,North,2026-08,26236,25472
P07302,Commercial,SME,North,2026-08,28860,28019
P07303,Commercial,SME,North,2026-08,6657,6463
P07304,Commercial,SME,North,2026-08,25253,24517
P07305,Commercial,SME,North,2026-08,22966,22297
P07306,Commercial,SME,North,2026-08,10287,9987
P07307,Commercial,SME,North,2026-08,28600,27767
P07308,Commercial,SME,North,2026-08,15269,14824
P07309,Commercial,SME,North,2026-08,27486,26685
P07310,Commercial,SME,North,2026-08,20347,19754
P07311,Commercial,SME,North,2026-08,18366,17831
P07312,Commercial,SME,North,2026-08,9086,8821
P07313,Commercial,SME,North,2026-08,28161,27341
P07314,Commercial,SME,North,2026-08,19122,18565
P07315,Commercial,SME,North,2026-08,5209,5057
P07316,Commercial,SME,North,2026-08,5517,5356
P07317,Commercial,SME,North,2026-08,24707,23987
P07318,Commercial,SME,North,2026-08,9146,8880
P07319,Commercial,SME,North,2026-08,20186,19598
P07320,Commercial,SME,North,2026-08,22267,21618
P07321,Commercial,SME,North,2026-08,12115,11762
P07322,Commercial,SME,North,2026-08,19442,18876
P07323,Commercial,SME,North,2026-08,11126,10802
P07324,Commercial,SME,North,2026-08,28970,28126
P07325,Commercial,SME,North,2026-08,26792,26012
P07326,Commercial,SME,North,2026-08,12333,11974
P07327,Commercial,SME,North,2026-08,18418,17882
P07328,Commercial,SME,North,2026-08,17706,17190
P07329,Commercial,SME,North,2026-08,29316,28462
P07330,Commercial,SME,North,2026-08,15012,14575
P07331,Commercial,SME,North,2026-08,19263,18702
P07332,Commercial,SME,North,2026-08,28525,27694
P07333,Commercial,SME,North,2026-08,9169,8902
P07334,Commercial,SME,North,2026-08,18966,18414
P07335,Commercial,SME,North,2026-08,7725,7500
P07336,Commercial,SME,North,2026-08,20660,20058
P07337,Commercial,SME,North,2026-08,14295,13879
P07338,Commercial,SME,North,2026-08,29508,28649
P07339,Commercial,SME,North,2026-08,15552,15099
P07340,Commercial,SME,North,2026-08,8496,8249
P07341,Commercial,SME,North,2026-08,26131,25370
P07342,Commercial,SME,North,2026-08,25799,25048
P07343,Commercial,SME,North,2026-08,22615,21956
P07344,Commercial,SME,North,2026-08,23978,23280
P07345,Commercial,SME,South,2026-08,13177,12793
P07346,Commercial,SME,South,2026-08,23876,23181
P07347,Commercial,SME,South,2026-08,6749,6552
P07348,Commercial,SME,South,2026-08,11254,10926
P07349,Commercial,SME,South,2026-08,32106,31171
P07350,Commercial,SME,South,2026-08,26632,25856
P07351,Commercial,SME,South,2026-08,12212,11856
P07352,Commercial,SME,South,2026-08,8829,8572
P07353,Commercial,SME,South,2026-08,32578,31629
P07354,Commercial,SME,South,2026-08,8852,8594
P07355,Commercial,SME,South,2026-08,12960,12583
P07356,Commercial,SME,South,2026-08,10850,10534
P07357,Commercial,SME,South,2026-08,5882,5711
P07358,Commercial,SME,South,2026-08,14579,14154
P07359,Commercial,SME,South,2026-08,33294,32324
P07360,Commercial,SME,South,2026-08,15366,14918
P07361,Commercial,SME,South,2026-08,19971,19389
P07362,Commercial,SME,South,2026-08,26822,26041
P07363,Commercial,SME,South,2026-08,21296,20676
P07364,Commercial,SME,South,2026-08,26755,25976
P07365,Commercial,SME,South,2026-08,24432,23720
P07366,Commercial,SME,South,2026-08,22927,22259
P07367,Commercial,SME,South,2026-08,24092,23390
P07368,Commercial,SME,South,2026-08,28331,27506
P07369,Commercial,SME,South,2026-08,25809,25057
P07370,Commercial,SME,South,2026-08,28122,27303
P07371,Commercial,SME,South,2026-08,9799,9514
P07372,Commercial,SME,South,2026-08,24886,24161
P07373,Commercial,SME,South,2026-08,26569,25795
P07374,Commercial,SME,South,2026-08,14177,13764
P07375,Commercial,SME,South,2026-08,30469,29582
P07376,Commercial,SME,South,2026-08,14311,13894
P07377,Commercial,SME,South,2026-08,12585,12218
P07378,Commercial,SME,South,2026-08,30257,29376
P07379,Commercial,SME,South,2026-08,12675,12306
P07380,Commercial,SME,South,2026-08,17452,16944
P07381,Commercial,SME,South,2026-08,16103,15634
P07382,Commercial,SME,South,2026-08,31136,30229
P07383,Commercial,SME,South,2026-08,18579,18038
P07384,Commercial,SME,South,2026-08,25358,24619
P07385,Commercial,SME,South,2026-08,28186,27365
P07386,Commercial,SME,South,2026-08,23475,22791
P07387,Commercial,SME,South,2026-08,32430,31485
P07388,Commercial,SME,South,2026-08,28426,27598
P07389,Commercial,SME,South,2026-08,17019,16523
P07390,Commercial,SME,South,2026-08,32631,31681
P07391,Commercial,SME,South,2026-08,20545,19947
P07392,Commercial,SME,South,2026-08,6311,6127
P07393,Commercial,SME,South,2026-08,13044,12664
P07394,Commercial,SME,South,2026-08,23300,22621
P07395,Commercial,SME,South,2026-08,10118,9823
P07396,Commercial,SME,South,2026-08,22233,21585
P07397,Commercial,SME,South,2026-08,15924,15460
P07398,Commercial,SME,South,2026-08,20824,20217
P07399,Commercial,SME,South,2026-08,5724,5557
P07400,Commercial,SME,South,2026-08,29728,28862
P07401,Commercial,SME,South,2026-08,15933,15469
P07402,Commercial,SME,South,2026-08,9645,9364
P07403,Commercial,SME,South,2026-08,18088,17561
P07404,Commercial,SME,South,2026-08,19457,18890
P07405,Commercial,SME,South,2026-08,23745,23053
P07406,Commercial,SME,South,2026-08,20544,19946
P07407,Commercial,SME,South,2026-08,6905,6704
P07408,Commercial,SME,South,2026-08,30383,29498
P07409,Commercial,SME,South,2026-08,18615,18073
P07410,Commercial,SME,South,2026-08,7854,7625
P07411,Commercial,SME,South,2026-08,27584,26781
P07412,Commercial,SME,South,2026-08,24389,23679
P07413,Commercial,SME,South,2026-08,24086,23384
P07414,Commercial,SME,South,2026-08,17776,17258
P07415,Commercial,SME,South,2026-08,17310,16806
P07416,Commercial,SME,South,2026-08,20879,20271
P07417,Commercial,SME,South,2026-08,7106,6899
P07418,Commercial,SME,South,2026-08,14148,13736
P07419,Commercial,SME,South,2026-08,33683,32702
P07420,Commercial,SME,South,2026-08,24447,23735
P07421,Commercial,SME,South,2026-08,17550,17039
P07422,Commercial,SME,South,2026-08,11976,11627
P07423,Commercial,SME,South,2026-08,26802,26021
P07424,Commercial,SME,South,2026-08,13051,12671
P07425,Commercial,SME,South,2026-08,10275,9976
P07426,Commercial,SME,South,2026-08,10052,9759
P07427,Commercial,SME,South,2026-08,26349,25582
P07428,Commercial,SME,South,2026-08,23898,23202
P07429,Commercial,SME,South,2026-08,7650,7427
P07430,Commercial,SME,South,2026-08,8933,8673
P07431,Commercial,SME,South,2026-08,23644,22955
P07432,Commercial,SME,South,2026-08,21865,21228
P07433,Commercial,SME,South,2026-08,25123,24391
P07434,Commercial,SME,South,2026-08,10719,10407
P07435,Commercial,SME,South,2026-08,26273,25508
P07436,Commercial,SME,South,2026-08,32214,31276
P07437,Commercial,SME,South,2026-08,22714,22052
P07438,Commercial,SME,South,2026-08,11232,10905
P07439,Commercial,SME,South,2026-08,24939,24213
P07440,Commercial,SME,South,2026-08,15398,14950
P07441,Commercial,SME,South,2026-08,7069,6863
P07442,Commercial,SME,South,2026-08,14244,13829
P07443,Commercial,SME,South,2026-08,31349,30436
P07444,Commercial,SME,South,2026-08,17329,16824
P07445,Commercial,SME,South,2026-08,30188,29309
P07446,Commercial,SME,South,2026-08,20094,19509
P07447,Commercial,SME,South,2026-08,20330,19738
P07448,Commercial,SME,South,2026-08,5818,5649
P07449,Commercial,SME,South,2026-08,23736,23045
P07450,Commercial,SME,South,2026-08,8728,8474
P07451,Commercial,SME,South,2026-08,19246,18685
P07452,Commercial,SME,South,2026-08,13052,12672
P07453,Commercial,SME,South,2026-08,16797,16308
P07454,Commercial,SME,South,2026-08,20900,20291
P07455,Commercial,SME,South,2026-08,6081,5904
P07456,Commercial,SME,South,2026-08,13740,13340
P07457,Commercial,SME,South,2026-08,33731,32749
P07458,Commercial,SME,South,2026-08,7299,7086
P07459,Commercial,SME,South,2026-08,14727,14298
P07460,Commercial,SME,South,2026-08,14785,14354
P07461,Commercial,SME,South,2026-08,16428,15950
P07462,Commercial,SME,South,2026-08,25088,24357
P07463,Commercial,SME,South,2026-08,12696,12326
P07464,Commercial,SME,South,2026-08,18722,18177
P07465,Commercial,SME,South,2026-08,23956,23258
P07466,Commercial,SME,South,2026-08,14810,14379
P07467,Commercial,SME,South,2026-08,32574,31625
P07468,Commercial,SME,South,2026-08,33449,32475
P07469,Commercial,SME,South,2026-08,9064,8800
P07470,Commercial,SME,South,2026-08,15420,14971
P07471,Commercial,SME,South,2026-08,11568,11231
P07472,Commercial,SME,South,2026-08,10967,10648
P07473,Commercial,SME,South,2026-08,19593,19022
P07474,Commercial,SME,South,2026-08,21658,21027
P07475,Commercial,SME,South,2026-08,17741,17224
P07476,Commercial,SME,South,2026-08,13399,13009
P07477,Commercial,SME,South,2026-08,13571,13176
P07478,Commercial,SME,South,2026-08,33803,32818
P07479,Commercial,SME,South,2026-08,31862,30934
P07480,Commercial,SME,South,2026-08,7823,7595
P07481,Commercial,SME,South,2026-08,24287,23580
P07482,Commercial,SME,South,2026-08,18625,18083
P07483,Commercial,SME,South,2026-08,25202,24468
P07484,Commercial,SME,South,2026-08,22598,21940
P07485,Commercial,SME,South,2026-08,30886,29986
P07486,Commercial,SME,South,2026-08,7570,7350
P07487,Commercial,SME,South,2026-08,15584,15130
P07488,Commercial,SME,South,2026-08,33614,32635
P07489,Commercial,SME,South,2026-08,10840,10524
P07490,Commercial,SME,South,2026-08,9281,9011
P07491,Commercial,SME,South,2026-08,26341,25574
P07492,Commercial,SME,South,2026-08,27715,26908
P07493,Commercial,SME,South,2026-08,24733,24013
P07494,Commercial,SME,South,2026-08,27680,26874
P07495,Commercial,SME,South,2026-08,25341,24603
P07496,Commercial,SME,South,2026-08,9520,9243
P07497,Commercial,SME,South,2026-08,22918,22250
P07498,Commercial,SME,South,2026-08,27699,26892
P07499,Commercial,SME,South,2026-08,30213,29333
P07500,Commercial,SME,South,2026-08,12653,12284
P07501,Commercial,SME,South,2026-08,9284,9014
P07502,Commercial,SME,South,2026-08,27818,27008
P07503,Commercial,SME,South,2026-08,12945,12568
P07504,Commercial,SME,South,2026-08,6577,6385
P07505,Commercial,SME,South,2026-08,29070,28223
P07506,Commercial,SME,South,2026-08,20018,19435
P07507,Commercial,SME,South,2026-08,14933,14498
P07508,Commercial,SME,South,2026-08,5995,5820
P07509,Commercial,SME,South,2026-08,6672,6478
P07510,Commercial,SME,South,2026-08,28146,27326
P07511,Commercial,SME,South,2026-08,19557,18987
P07512,Commercial,SME,South,2026-08,9916,9627
P07513,Commercial,SME,South,2026-08,15836,15375
P07514,Commercial,SME,South,2026-08,10358,10056
P07515,Commercial,SME,South,2026-08,8871,8613
P07516,Commercial,SME,South,2026-08,13505,13112
P07517,Commercial,SME,South,2026-08,21252,20633
P07518,Commercial,SME,South,2026-08,11626,11287
P07519,Commercial,SME,South,2026-08,15416,14967
P07520,Commercial,SME,South,2026-08,19223,18663
P07521,Commercial,SME,South,2026-08,17581,17069
P07522,Commercial,SME,South,2026-08,9318,9047
P07523,Commercial,SME,South,2026-08,6773,6576
P07524,Commercial,SME,South,2026-08,6676,6482
P07525,Commercial,SME,South,2026-08,15600,15146
P07526,Commercial,SME,South,2026-08,26053,25294
P07527,Commercial,SME,South,2026-08,9393,9119
P07528,Commercial,SME,South,2026-08,27986,27171
P07529,Commercial,SME,South,2026-08,25964,25208
P07530,Commercial,SME,South,2026-08,5782,5614
P07531,Commercial,SME,South,2026-08,6429,6242
P07532,Commercial,SME,South,2026-08,11201,10875
P07533,Commercial,SME,South,2026-08,7263,7051
P07534,Commercial,SME,South,2026-08,20737,20133
P07535,Commercial,SME,South,2026-08,6795,6597
P07536,Commercial,SME,South,2026-08,28430,27602
P07537,Commercial,SME,South,2026-08,19649,19077
P07538,Commercial,SME,South,2026-08,26312,25546
P07539,Commercial,SME,South,2026-08,26957,26172
P07540,Commercial,SME,South,2026-08,20040,19456
P07541,Commercial,SME,South,2026-08,31909,30980
P07542,Commercial,SME,South,2026-08,33749,32766
P07543,Commercial,SME,South,2026-08,15857,15395
P07544,Commercial,SME,South,2026-08,9240,8971
P07545,Commercial,SME,South,2026-08,15970,15505
P07546,Commercial,SME,South,2026-08,12004,11654
P07547,Commercial,SME,South,2026-08,20728,20124
P07548,Commercial,SME,South,2026-08,16400,15922
P07549,Commercial,SME,South,2026-08,19294,18732
P07550,Commercial,SME,South,2026-08,27311,26516
P07551,Commercial,SME,South,2026-08,13440,13049
P07552,Commercial,SME,South,2026-08,20911,20302
P07553,Commercial,SME,South,2026-08,15174,14732
P07554,Commercial,SME,South,2026-08,27928,27115
P07555,Commercial,SME,South,2026-08,23805,23112
P07556,Commercial,SME,South,2026-08,5912,5740
P07557,Commercial,SME,South,2026-08,24386,23676
P07558,Commercial,SME,South,2026-08,10496,10190
P07559,Commercial,SME,South,2026-08,26214,25450
P07560,Commercial,SME,South,2026-08,21758,21124
P07561,Commercial,SME,East,2026-08,15922,15458
P07562,Commercial,SME,East,2026-08,23667,22978
P07563,Commercial,SME,East,2026-08,27970,27155
P07564,Commercial,SME,East,2026-08,25909,25154
P07565,Commercial,SME,East,2026-08,19732,19157
P07566,Commercial,SME,East,2026-08,24425,23714
P07567,Commercial,SME,East,2026-08,16251,15778
P07568,Commercial,SME,East,2026-08,26182,25419
P07569,Commercial,SME,East,2026-08,27240,26447
P07570,Commercial,SME,East,2026-08,8929,8669
P07571,Commercial,SME,East,2026-08,11596,11258
P07572,Commercial,SME,East,2026-08,12441,12079
P07573,Commercial,SME,East,2026-08,9691,9409
P07574,Commercial,SME,East,2026-08,15686,15229
P07575,Commercial,SME,East,2026-08,10404,10101
P07576,Commercial,SME,East,2026-08,21059,20446
P07577,Commercial,SME,East,2026-08,7985,7752
P07578,Commercial,SME,East,2026-08,12439,12077
P07579,Commercial,SME,East,2026-08,22911,22244
P07580,Commercial,SME,East,2026-08,15844,15383
P07581,Commercial,SME,East,2026-08,16451,15972
P07582,Commercial,SME,East,2026-08,26416,25647
P07583,Commercial,SME,East,2026-08,31356,30443
P07584,Commercial,SME,East,2026-08,20253,19663
P07585,Commercial,SME,East,2026-08,7387,7172
P07586,Commercial,SME,East,2026-08,8019,7785
P07587,Commercial,SME,East,2026-08,30932,30031
P07588,Commercial,SME,East,2026-08,23275,22597
P07589,Commercial,SME,East,2026-08,25213,24479
P07590,Commercial,SME,East,2026-08,23183,22508
P07591,Commercial,SME,East,2026-08,10049,9756
P07592,Commercial,SME,East,2026-08,17163,16663
P07593,Commercial,SME,East,2026-08,26421,25651
P07594,Commercial,SME,East,2026-08,28228,27406
P07595,Commercial,SME,East,2026-08,11577,11240
P07596,Commercial,SME,East,2026-08,21071,20457
P07597,Commercial,SME,East,2026-08,9453,9178
P07598,Commercial,SME,East,2026-08,30661,29768
P07599,Commercial,SME,East,2026-08,11971,11622
P07600,Commercial,SME,East,2026-08,24529,23815
P07601,Commercial,SME,East,2026-08,11412,11080
P07602,Commercial,SME,East,2026-08,21602,20973
P07603,Commercial,SME,East,2026-08,22747,22084
P07604,Commercial,SME,East,2026-08,13988,13581
P07605,Commercial,SME,East,2026-08,26971,26185
P07606,Commercial,SME,East,2026-08,28732,27895
P07607,Commercial,SME,East,2026-08,27929,27116
P07608,Commercial,SME,East,2026-08,14051,13642
P07609,Commercial,SME,East,2026-08,24998,24270
P07610,Commercial,SME,East,2026-08,20105,19519
P07611,Commercial,SME,East,2026-08,20982,20371
P07612,Commercial,SME,East,2026-08,17932,17410
P07613,Commercial,SME,East,2026-08,21184,20567
P07614,Commercial,SME,East,2026-08,8886,8627
P07615,Commercial,SME,East,2026-08,16117,15648
P07616,Commercial,SME,East,2026-08,9997,9706
P07617,Commercial,SME,East,2026-08,12709,12339
P07618,Commercial,SME,East,2026-08,8678,8425
P07619,Commercial,SME,East,2026-08,10919,10601
P07620,Commercial,SME,East,2026-08,25993,25236
P07621,Commercial,SME,East,2026-08,19849,19271
P07622,Commercial,SME,East,2026-08,5920,5748
P07623,Commercial,SME,East,2026-08,26168,25406
P07624,Commercial,SME,East,2026-08,29369,28514
P07625,Commercial,SME,East,2026-08,28601,27768
P07626,Commercial,SME,East,2026-08,27081,26292
P07627,Commercial,SME,East,2026-08,31560,30641
P07628,Commercial,SME,East,2026-08,20817,20211
P07629,Commercial,SME,East,2026-08,30775,29879
P07630,Commercial,SME,East,2026-08,30412,29526
P07631,Commercial,SME,East,2026-08,13587,13191
P07632,Commercial,SME,East,2026-08,28151,27331
P07633,Commercial,SME,East,2026-08,26272,25507
P07634,Commercial,SME,East,2026-08,25831,25079
P07635,Commercial,SME,East,2026-08,29020,28175
P07636,Commercial,SME,East,2026-08,15464,15014
P07637,Commercial,SME,East,2026-08,15885,15422
P07638,Commercial,SME,East,2026-08,22238,21590
P07639,Commercial,SME,East,2026-08,24825,24102
P07640,Commercial,SME,East,2026-08,28582,27750
P07641,Commercial,SME,East,2026-08,28480,27650
P07642,Commercial,SME,East,2026-08,24389,23679
P07643,Commercial,SME,East,2026-08,30625,29733
P07644,Commercial,SME,East,2026-08,10023,9731
P07645,Commercial,SME,East,2026-08,30451,29564
P07646,Commercial,SME,East,2026-08,6994,6790
P07647,Commercial,SME,East,2026-08,20003,19420
P07648,Commercial,SME,East,2026-08,7682,7458
P07649,Commercial,SME,East,2026-08,20330,19738
P07650,Commercial,SME,East,2026-08,15621,15166
P07651,Commercial,SME,East,2026-08,7455,7238
P07652,Commercial,SME,East,2026-08,22451,21797
P07653,Commercial,SME,East,2026-08,24650,23932
P07654,Commercial,SME,East,2026-08,9906,9617
P07655,Commercial,SME,East,2026-08,23678,22988
P07656,Commercial,SME,East,2026-08,10034,9742
P07657,Commercial,SME,East,2026-08,8931,8671
P07658,Commercial,SME,East,2026-08,9195,8927
P07659,Commercial,SME,East,2026-08,21153,20537
P07660,Commercial,SME,East,2026-08,25911,25156
P07661,Commercial,SME,East,2026-08,21095,20481
P07662,Commercial,SME,East,2026-08,26719,25941
P07663,Commercial,SME,East,2026-08,20951,20341
P07664,Commercial,SME,East,2026-08,26401,25632
P07665,Commercial,SME,East,2026-08,31144,30237
P07666,Commercial,SME,East,2026-08,15644,15188
P07667,Commercial,SME,East,2026-08,9264,8994
P07668,Commercial,SME,East,2026-08,8879,8620
P07669,Commercial,SME,East,2026-08,21111,20496
P07670,Commercial,SME,East,2026-08,19777,19201
P07671,Commercial,SME,East,2026-08,10171,9875
P07672,Commercial,SME,East,2026-08,28645,27811
P07673,Commercial,SME,East,2026-08,30621,29729
P07674,Commercial,SME,East,2026-08,11997,11648
P07675,Commercial,SME,East,2026-08,10771,10457
P07676,Commercial,SME,East,2026-08,10957,10638
P07677,Commercial,SME,East,2026-08,15550,15097
P07678,Commercial,SME,East,2026-08,27881,27069
P07679,Commercial,SME,East,2026-08,21071,20457
P07680,Commercial,SME,East,2026-08,7082,6876
P07681,Commercial,SME,East,2026-08,17815,17296
P07682,Commercial,SME,East,2026-08,7686,7462
P07683,Commercial,SME,East,2026-08,16047,15580
P07684,Commercial,SME,East,2026-08,15976,15511
P07685,Commercial,SME,East,2026-08,22457,21803
P07686,Commercial,SME,East,2026-08,19839,19261
P07687,Commercial,SME,East,2026-08,28451,27622
P07688,Commercial,SME,East,2026-08,5725,5558
P07689,Commercial,SME,East,2026-08,25783,25032
P07690,Commercial,SME,East,2026-08,5894,5722
P07691,Commercial,SME,East,2026-08,13350,12961
P07692,Commercial,SME,East,2026-08,28580,27748
P07693,Commercial,SME,East,2026-08,23571,22884
P07694,Commercial,SME,East,2026-08,9848,9561
P07695,Commercial,SME,East,2026-08,18287,17754
P07696,Commercial,SME,East,2026-08,24405,23694
P07697,Commercial,SME,East,2026-08,30107,29230
P07698,Commercial,SME,East,2026-08,22086,21443
P07699,Commercial,SME,East,2026-08,5947,5774
P07700,Commercial,SME,East,2026-08,18522,17983
P07701,Commercial,SME,East,2026-08,9343,9071
P07702,Commercial,SME,East,2026-08,6559,6368
P07703,Commercial,SME,East,2026-08,21138,20522
P07704,Commercial,SME,East,2026-08,25861,25108
P07705,Commercial,SME,East,2026-08,6249,6067
P07706,Commercial,SME,East,2026-08,26037,25279
P07707,Commercial,SME,East,2026-08,23994,23295
P07708,Commercial,SME,East,2026-08,25201,24467
P07709,Commercial,SME,East,2026-08,11773,11430
P07710,Commercial,SME,East,2026-08,15714,15256
P07711,Commercial,SME,East,2026-08,8465,8218
P07712,Commercial,SME,East,2026-08,11618,11280
P07713,Commercial,SME,East,2026-08,13310,12922
P07714,Commercial,SME,East,2026-08,13750,13350
P07715,Commercial,SME,East,2026-08,9928,9639
P07716,Commercial,SME,East,2026-08,10290,9990
P07717,Commercial,SME,East,2026-08,29157,28308
P07718,Commercial,SME,East,2026-08,26046,25287
P07719,Commercial,SME,East,2026-08,14413,13993
P07720,Commercial,SME,East,2026-08,30380,29495
P07721,Commercial,SME,East,2026-08,11619,11281
P07722,Commercial,SME,East,2026-08,16064,15596
P07723,Commercial,SME,East,2026-08,26829,26048
P07724,Commercial,SME,East,2026-08,17019,16523
P07725,Commercial,SME,East,2026-08,11505,11170
P07726,Commercial,SME,East,2026-08,15050,14612
P07727,Commercial,SME,East,2026-08,18549,18009
P07728,Commercial,SME,East,2026-08,21724,21091
P07729,Commercial,SME,East,2026-08,16031,15564
P07730,Commercial,SME,East,2026-08,16712,16225
P07731,Commercial,SME,East,2026-08,12282,11924
P07732,Commercial,SME,East,2026-08,19466,18899
P07733,Commercial,SME,East,2026-08,11103,10780
P07734,Commercial,SME,East,2026-08,28259,27436
P07735,Commercial,SME,East,2026-08,25078,24348
P07736,Commercial,SME,East,2026-08,16156,15685
P07737,Commercial,SME,East,2026-08,25074,24344
P07738,Commercial,SME,East,2026-08,5480,5320
P07739,Commercial,SME,East,2026-08,14414,13994
P07740,Commercial,SME,East,2026-08,16950,16456
P07741,Commercial,SME,East,2026-08,17730,17214
P07742,Commercial,SME,East,2026-08,25114,24383
P07743,Commercial,SME,East,2026-08,30782,29885
P07744,Commercial,SME,East,2026-08,15353,14906
P07745,Commercial,SME,East,2026-08,14576,14151
P07746,Commercial,SME,East,2026-08,21456,20831
P07747,Commercial,SME,East,2026-08,12740,12369
P07748,Commercial,SME,East,2026-08,9036,8773
P07749,Commercial,SME,East,2026-08,30748,29852
P07750,Commercial,SME,East,2026-08,26724,25946
P07751,Commercial,SME,East,2026-08,30667,29774
P07752,Commercial,SME,East,2026-08,11061,10739
P07753,Commercial,SME,East,2026-08,5766,5598
P07754,Commercial,SME,East,2026-08,16869,16378
P07755,Commercial,SME,East,2026-08,30008,29134
P07756,Commercial,SME,East,2026-08,8956,8695
P07757,Commercial,SME,East,2026-08,8397,8152
P07758,Commercial,SME,East,2026-08,7119,6912
P07759,Commercial,SME,East,2026-08,25546,24802
P07760,Commercial,SME,East,2026-08,26099,25339
P07761,Commercial,SME,East,2026-08,23702,23012
P07762,Commercial,SME,East,2026-08,6705,6510
P07763,Commercial,SME,East,2026-08,24441,23729
P07764,Commercial,SME,East,2026-08,17170,16670
P07765,Commercial,SME,East,2026-08,9474,9198
P07766,Commercial,SME,East,2026-08,13107,12725
P07767,Commercial,SME,East,2026-08,18561,18020
P07768,Commercial,SME,West,2026-08,12798,12425
P07769,Commercial,SME,West,2026-08,28264,27441
P07770,Commercial,SME,West,2026-08,16304,15829
P07771,Commercial,SME,West,2026-08,13825,13422
P07772,Commercial,SME,West,2026-08,21099,20484
P07773,Commercial,SME,West,2026-08,20552,19953
P07774,Commercial,SME,West,2026-08,4891,4749
P07775,Commercial,SME,West,2026-08,19777,19201
P07776,Commercial,SME,West,2026-08,10722,10410
P07777,Commercial,SME,West,2026-08,13899,13494
P07778,Commercial,SME,West,2026-08,21900,21262
P07779,Commercial,SME,West,2026-08,18301,17768
P07780,Commercial,SME,West,2026-08,13740,13340
P07781,Commercial,SME,West,2026-08,8878,8619
P07782,Commercial,SME,West,2026-08,17046,16550
P07783,Commercial,SME,West,2026-08,12550,12184
P07784,Commercial,SME,West,2026-08,26891,26108
P07785,Commercial,SME,West,2026-08,17744,17227
P07786,Commercial,SME,West,2026-08,25757,25007
P07787,Commercial,SME,West,2026-08,14260,13845
P07788,Commercial,SME,West,2026-08,24826,24103
P07789,Commercial,SME,West,2026-08,6199,6018
P07790,Commercial,SME,West,2026-08,12036,11685
P07791,Commercial,SME,West,2026-08,6722,6526
P07792,Commercial,SME,West,2026-08,5597,5434
P07793,Commercial,SME,West,2026-08,27035,26248
P07794,Commercial,SME,West,2026-08,22154,21509
P07795,Commercial,SME,West,2026-08,19937,19356
P07796,Commercial,SME,West,2026-08,17700,17184
P07797,Commercial,SME,West,2026-08,18595,18053
P07798,Commercial,SME,West,2026-08,20265,19675
P07799,Commercial,SME,West,2026-08,24805,24083
P07800,Commercial,SME,West,2026-08,19255,18694
P07801,Commercial,SME,West,2026-08,22921,22253
P07802,Commercial,SME,West,2026-08,11621,11283
P07803,Commercial,SME,West,2026-08,28434,27606
P07804,Commercial,SME,West,2026-08,5603,5440
P07805,Commercial,SME,West,2026-08,14174,13761
P07806,Commercial,SME,West,2026-08,26146,25384
P07807,Commercial,SME,West,2026-08,9195,8927
P07808,Commercial,SME,West,2026-08,8248,8008
P07809,Commercial,SME,West,2026-08,13663,13265
P07810,Commercial,SME,West,2026-08,15179,14737
P07811,Commercial,SME,West,2026-08,27386,26588
P07812,Commercial,SME,West,2026-08,25035,24306
P07813,Commercial,SME,West,2026-08,16046,15579
P07814,Commercial,SME,West,2026-08,28343,27517
P07815,Commercial,SME,West,2026-08,20352,19759
P07816,Commercial,SME,West,2026-08,25943,25187
P07817,Commercial,SME,West,2026-08,10778,10464
P07818,Commercial,SME,West,2026-08,16648,16163
P07819,Commercial,SME,West,2026-08,5551,5389
P07820,Commercial,SME,West,2026-08,5047,4900
P07821,Commercial,SME,West,2026-08,21878,21241
P07822,Commercial,SME,West,2026-08,7691,7467
P07823,Commercial,SME,West,2026-08,18069,17543
P07824,Commercial,SME,West,2026-08,21651,21020
P07825,Commercial,SME,West,2026-08,5611,5448
P07826,Commercial,SME,West,2026-08,15676,15219
P07827,Commercial,SME,West,2026-08,21363,20741
P07828,Commercial,SME,West,2026-08,26331,25564
P07829,Commercial,SME,West,2026-08,12063,11712
P07830,Commercial,SME,West,2026-08,28372,27546
P07831,Commercial,SME,West,2026-08,25239,24504
P07832,Commercial,SME,West,2026-08,20554,19955
P07833,Commercial,SME,West,2026-08,14303,13886
P07834,Commercial,SME,West,2026-08,22015,21374
P07835,Commercial,SME,West,2026-08,24554,23839
P07836,Commercial,SME,West,2026-08,12161,11807
P07837,Commercial,SME,West,2026-08,28822,27983
P07838,Commercial,SME,West,2026-08,26787,26007
P07839,Commercial,SME,West,2026-08,16563,16081
P07840,Commercial,SME,West,2026-08,22298,21649
P07841,Commercial,SME,West,2026-08,17495,16985
P07842,Commercial,SME,West,2026-08,23219,22543
P07843,Commercial,SME,West,2026-08,24815,24092
P07844,Commercial,SME,West,2026-08,5394,5237
P07845,Commercial,SME,West,2026-08,6744,6548
P07846,Commercial,SME,West,2026-08,12963,12585
P07847,Commercial,SME,West,2026-08,27005,26218
P07848,Commercial,SME,West,2026-08,14456,14035
P07849,Commercial,SME,West,2026-08,26277,25512
P07850,Commercial,SME,West,2026-08,16006,15540
P07851,Commercial,SME,West,2026-08,11812,11468
P07852,Commercial,SME,West,2026-08,26595,25820
P07853,Commercial,SME,West,2026-08,18380,17845
P07854,Commercial,SME,West,2026-08,13542,13148
P07855,Commercial,SME,West,2026-08,5906,5734
P07856,Commercial,SME,West,2026-08,7513,7294
P07857,Commercial,SME,West,2026-08,8199,7960
P07858,Commercial,SME,West,2026-08,13649,13251
P07859,Commercial,SME,West,2026-08,19507,18939
P07860,Commercial,SME,West,2026-08,12265,11908
P07861,Commercial,SME,West,2026-08,6416,6229
P07862,Commercial,SME,West,2026-08,11231,10904
P07863,Commercial,SME,West,2026-08,14707,14279
P07864,Commercial,SME,West,2026-08,28809,27970
P07865,Commercial,SME,West,2026-08,14328,13911
P07866,Commercial,SME,West,2026-08,6988,6784
P07867,Commercial,SME,West,2026-08,18874,18324
P07868,Commercial,SME,West,2026-08,27054,26266
P07869,Commercial,SME,West,2026-08,23841,23147
P07870,Commercial,SME,West,2026-08,25038,24309
P07871,Commercial,SME,West,2026-08,27261,26467
P07872,Commercial,SME,West,2026-08,20214,19625
P07873,Commercial,SME,West,2026-08,28873,28032
P07874,Commercial,SME,West,2026-08,5637,5473
P07875,Commercial,SME,West,2026-08,25004,24276
P07876,Commercial,SME,West,2026-08,25541,24797
P07877,Commercial,SME,West,2026-08,26983,26197
P07878,Commercial,SME,West,2026-08,16386,15909
P07879,Commercial,SME,West,2026-08,23867,23172
P07880,Commercial,SME,West,2026-08,9546,9268
P07881,Commercial,SME,West,2026-08,19406,18841
P07882,Commercial,SME,West,2026-08,13498,13105
P07883,Commercial,SME,West,2026-08,19238,18678
P07884,Commercial,SME,West,2026-08,21156,20540
P07885,Commercial,SME,West,2026-08,13219,12834
P07886,Commercial,SME,West,2026-08,10058,9765
P07887,Commercial,SME,West,2026-08,12605,12238
P07888,Commercial,SME,West,2026-08,20876,20268
P07889,Commercial,SME,West,2026-08,21188,20571
P07890,Commercial,SME,West,2026-08,22744,22082
P07891,Commercial,SME,West,2026-08,7890,7660
P07892,Commercial,SME,West,2026-08,24611,23894
P07893,Commercial,SME,West,2026-08,21460,20835
P07894,Commercial,SME,West,2026-08,5569,5407
P07895,Commercial,SME,West,2026-08,12942,12565
P07896,Commercial,SME,West,2026-08,16109,15640
P07897,Commercial,SME,West,2026-08,13547,13152
P07898,Commercial,SME,West,2026-08,7669,7446
P07899,Commercial,SME,West,2026-08,9843,9556
P07900,Commercial,SME,West,2026-08,5426,5268
P07901,Commercial,SME,West,2026-08,7081,6875
P07902,Commercial,SME,West,2026-08,11267,10939
P07903,Commercial,SME,West,2026-08,24646,23928
P07904,Commercial,SME,West,2026-08,17557,17046
P07905,Commercial,SME,West,2026-08,15090,14650
P07906,Commercial,SME,West,2026-08,20833,20226
P07907,Commercial,SME,West,2026-08,17917,17395
P07908,Commercial,SME,West,2026-08,8010,7777
P07909,Commercial,SME,West,2026-08,10211,9914
P07910,Commercial,SME,West,2026-08,10209,9912
P07911,Commercial,SME,West,2026-08,19329,18766
P07912,Commercial,SME,West,2026-08,15987,15521
P07913,Commercial,SME,West,2026-08,14198,13784
P07914,Commercial,SME,West,2026-08,18282,17750
P07915,Commercial,SME,West,2026-08,28274,27450
P07916,Commercial,SME,West,2026-08,12425,12063
P07917,Commercial,SME,West,2026-08,17402,16895
P07918,Commercial,SME,West,2026-08,16440,15961
P07919,Commercial,SME,West,2026-08,22149,21504
P07920,Commercial,SME,West,2026-08,22479,21824
P07921,Commercial,SME,West,2026-08,22449,21795
P07922,Commercial,SME,West,2026-08,9702,9419
P07923,Commercial,SME,West,2026-08,15684,15227
P07924,Commercial,SME,West,2026-08,24433,23721
P07925,Commercial,SME,West,2026-08,14051,13642
P07926,Commercial,SME,West,2026-08,28615,27782
P07927,Commercial,SME,West,2026-08,13646,13249
P07928,Commercial,SME,West,2026-08,16858,16367
P07929,Commercial,SME,West,2026-08,16299,15824
P07930,Commercial,SME,West,2026-08,15311,14865
P07931,Commercial,SME,West,2026-08,25266,24530
P07932,Commercial,SME,West,2026-08,8584,8334
P07933,Commercial,SME,West,2026-08,18549,18009
P07934,Commercial,SME,West,2026-08,19780,19204
P07935,Commercial,SME,West,2026-08,25401,24661
P07936,Commercial,SME,West,2026-08,19552,18983
P07937,Commercial,SME,West,2026-08,28029,27213
P07938,Commercial,SME,West,2026-08,25907,25152
P07939,Commercial,SME,West,2026-08,13259,12873
P07940,Commercial,SME,West,2026-08,25611,24865
P07941,Commercial,SME,West,2026-08,27992,27177
P07942,Commercial,SME,West,2026-08,11047,10725
P07943,Commercial,SME,West,2026-08,19577,19007
P07944,Commercial,SME,West,2026-08,11642,11303
P07945,Commercial,SME,West,2026-08,20528,19930
P07946,Commercial,SME,West,2026-08,7096,6889
P07947,Commercial,SME,West,2026-08,22572,21915
P07948,Commercial,SME,West,2026-08,14976,14540
P07949,Commercial,SME,West,2026-08,19024,18470
P07950,Commercial,SME,West,2026-08,5458,5299
P07951,Commercial,SME,West,2026-08,21636,21006
P07952,Commercial,SME,West,2026-08,16817,16327
P07953,Commercial,SME,West,2026-08,19941,19360
P07954,Commercial,SME,West,2026-08,12460,12097
P07955,Commercial,SME,West,2026-08,8356,8113
P07956,Commercial,SME,West,2026-08,15354,14907
P07957,Commercial,SME,West,2026-08,27642,26837
P07958,Commercial,SME,West,2026-08,10337,10036
P07959,Commercial,SME,West,2026-08,21162,20546
P07960,Commercial,SME,West,2026-08,6037,5861
P07961,Commercial,SME,West,2026-08,22184,21538
P07962,Commercial,SME,West,2026-08,10594,10285
P07963,Commercial,SME,West,2026-08,15743,15284
P07964,Commercial,SME,West,2026-08,13719,13319
P07965,Commercial,Property,North,2026-08,9083,8818
P07966,Commercial,Property,North,2026-08,15839,15378
P07967,Commercial,Property,North,2026-08,15971,15506
P07968,Commercial,Property,North,2026-08,20965,20354
P07969,Commercial,Property,North,2026-08,34035,33044
P07970,Commercial,Property,North,2026-08,19452,18885
P07971,Commercial,Property,North,2026-08,32354,31412
P07972,Commercial,Property,North,2026-08,19206,18647
P07973,Commercial,Property,North,2026-08,8929,8669
P07974,Commercial,Property,North,2026-08,12488,12124
P07975,Commercial,Property,North,2026-08,17638,17124
P07976,Commercial,Property,North,2026-08,15252,14808
P07977,Commercial,Property,North,2026-08,30943,30042
P07978,Commercial,Property,North,2026-08,25509,24766
P07979,Commercial,Property,North,2026-08,22596,21938
P07980,Commercial,Property,North,2026-08,20067,19483
P07981,Commercial,Property,North,2026-08,17340,16835
P07982,Commercial,Property,North,2026-08,23580,22893
P07983,Commercial,Property,North,2026-08,9423,9149
P07984,Commercial,Property,North,2026-08,10525,10218
P07985,Commercial,Property,North,2026-08,14606,14181
P07986,Commercial,Property,North,2026-08,10776,10462
P07987,Commercial,Property,North,2026-08,25464,24722
P07988,Commercial,Property,North,2026-08,6525,6335
P07989,Commercial,Property,North,2026-08,10457,10152
P07990,Commercial,Property,North,2026-08,32010,31078
P07991,Commercial,Property,North,2026-08,34767,33754
P07992,Commercial,Property,North,2026-08,19962,19381
P07993,Commercial,Property,North,2026-08,20188,19600
P07994,Commercial,Property,North,2026-08,28260,27437
P07995,Commercial,Property,North,2026-08,6857,6657
P07996,Commercial,Property,North,2026-08,18203,17673
P07997,Commercial,Property,North,2026-08,8705,8451
P07998,Commercial,Property,North,2026-08,17446,16938
P07999,Commercial,Property,North,2026-08,34369,33368
P08000,Commercial,Property,North,2026-08,27685,26879
P08001,Commercial,Property,North,2026-08,34404,33402
P08002,Commercial,Property,North,2026-08,27466,26666
P08003,Commercial,Property,North,2026-08,23461,22778
P08004,Commercial,Property,North,2026-08,27703,26896
P08005,Commercial,Property,North,2026-08,24941,24215
P08006,Commercial,Property,North,2026-08,19280,18718
P08007,Commercial,Property,North,2026-08,14299,13883
P08008,Commercial,Property,North,2026-08,20908,20299
P08009,Commercial,Property,North,2026-08,13311,12923
P08010,Commercial,Property,North,2026-08,19936,19355
P08011,Commercial,Property,North,2026-08,10049,9756
P08012,Commercial,Property,North,2026-08,22221,21574
P08013,Commercial,Property,North,2026-08,12928,12551
P08014,Commercial,Property,North,2026-08,14330,13913
P08015,Commercial,Property,North,2026-08,20294,19703
P08016,Commercial,Property,North,2026-08,10525,10218
P08017,Commercial,Property,North,2026-08,33746,32763
P08018,Commercial,Property,North,2026-08,18782,18235
P08019,Commercial,Property,North,2026-08,16034,15567
P08020,Commercial,Property,North,2026-08,6654,6460
P08021,Commercial,Property,North,2026-08,30288,29406
P08022,Commercial,Property,North,2026-08,23975,23277
P08023,Commercial,Property,North,2026-08,17895,17374
P08024,Commercial,Property,North,2026-08,12935,12558
P08025,Commercial,Property,North,2026-08,27439,26640
P08026,Commercial,Property,North,2026-08,33256,32287
P08027,Commercial,Property,North,2026-08,16862,16371
P08028,Commercial,Property,North,2026-08,9722,9439
P08029,Commercial,Property,North,2026-08,8976,8715
P08030,Commercial,Property,North,2026-08,5992,5817
P08031,Commercial,Property,North,2026-08,27405,26607
P08032,Commercial,Property,North,2026-08,34298,33299
P08033,Commercial,Property,North,2026-08,34630,33621
P08034,Commercial,Property,North,2026-08,28573,27741
P08035,Commercial,Property,North,2026-08,10515,10209
P08036,Commercial,Property,North,2026-08,34191,33195
P08037,Commercial,Property,North,2026-08,15323,14877
P08038,Commercial,Property,North,2026-08,15492,15041
P08039,Commercial,Property,North,2026-08,25761,25011
P08040,Commercial,Property,North,2026-08,7231,7020
P08041,Commercial,Property,North,2026-08,29780,28913
P08042,Commercial,Property,North,2026-08,34759,33747
P08043,Commercial,Property,North,2026-08,28309,27484
P08044,Commercial,Property,North,2026-08,28500,27670
P08045,Commercial,Property,North,2026-08,17138,16639
P08046,Commercial,Property,North,2026-08,7720,7495
P08047,Commercial,Property,North,2026-08,28819,27980
P08048,Commercial,Property,North,2026-08,23143,22469
P08049,Commercial,Property,North,2026-08,32206,31268
P08050,Commercial,Property,North,2026-08,9173,8906
P08051,Commercial,Property,North,2026-08,14665,14238
P08052,Commercial,Property,North,2026-08,16277,15803
P08053,Commercial,Property,North,2026-08,25643,24896
P08054,Commercial,Property,North,2026-08,28676,27841
P08055,Commercial,Property,North,2026-08,33707,32725
P08056,Commercial,Property,North,2026-08,14383,13964
P08057,Commercial,Property,North,2026-08,20138,19551
P08058,Commercial,Property,North,2026-08,6648,6454
P08059,Commercial,Property,North,2026-08,13151,12768
P08060,Commercial,Property,North,2026-08,16664,16179
P08061,Commercial,Property,North,2026-08,23045,22374
P08062,Commercial,Property,North,2026-08,19476,18909
P08063,Commercial,Property,North,2026-08,16387,15910
P08064,Commercial,Property,North,2026-08,23925,23228
P08065,Commercial,Property,North,2026-08,29863,28993
P08066,Commercial,Property,North,2026-08,12822,12449
P08067,Commercial,Property,North,2026-08,15761,15302
P08068,Commercial,Property,North,2026-08,26271,25506
P08069,Commercial,Property,North,2026-08,28392,27565
P08070,Commercial,Property,North,2026-08,29769,28902
P08071,Commercial,Property,North,2026-08,11884,11538
P08072,Commercial,Property,North,2026-08,21462,20837
P08073,Commercial,Property,North,2026-08,31935,31005
P08074,Commercial,Property,North,2026-08,17186,16685
P08075,Commercial,Property,North,2026-08,18287,17754
P08076,Commercial,Property,North,2026-08,34398,33396
P08077,Commercial,Property,North,2026-08,9089,8824
P08078,Commercial,Property,North,2026-08,26292,25526
P08079,Commercial,Property,North,2026-08,30489,29601
P08080,Commercial,Property,North,2026-08,10185,9888
P08081,Commercial,Property,North,2026-08,26548,25775
P08082,Commercial,Property,North,2026-08,19443,18877
P08083,Commercial,Property,North,2026-08,30567,29677
P08084,Commercial,Property,North,2026-08,32151,31215
P08085,Commercial,Property,North,2026-08,31136,30229
P08086,Commercial,Property,North,2026-08,7676,7452
P08087,Commercial,Property,North,2026-08,27779,26970
P08088,Commercial,Property,North,2026-08,32560,31612
P08089,Commercial,Property,North,2026-08,23846,23151
P08090,Commercial,Property,North,2026-08,23251,22574
P08091,Commercial,Property,North,2026-08,7113,6906
P08092,Commercial,Property,North,2026-08,30659,29766
P08093,Commercial,Property,North,2026-08,7153,6945
P08094,Commercial,Property,North,2026-08,14908,14474
P08095,Commercial,Property,North,2026-08,32686,31734
P08096,Commercial,Property,North,2026-08,33379,32407
P08097,Commercial,Property,North,2026-08,34603,33595
P08098,Commercial,Property,North,2026-08,19637,19065
P08099,Commercial,Property,North,2026-08,10957,10638
P08100,Commercial,Property,North,2026-08,19973,19391
P08101,Commercial,Property,North,2026-08,8777,8521
P08102,Commercial,Property,North,2026-08,31138,30231
P08103,Commercial,Property,North,2026-08,22080,21437
P08104,Commercial,Property,North,2026-08,17550,17039
P08105,Commercial,Property,North,2026-08,8115,7879
P08106,Commercial,Property,North,2026-08,17572,17060
P08107,Commercial,Property,North,2026-08,30954,30052
P08108,Commercial,Property,North,2026-08,26228,25464
P08109,Commercial,Property,North,2026-08,8200,7961
P08110,Commercial,Property,North,2026-08,10448,10144
P08111,Commercial,Property,North,2026-08,17196,16695
P08112,Commercial,Property,North,2026-08,8750,8495
P08113,Commercial,Property,North,2026-08,32923,31964
P08114,Commercial,Property,North,2026-08,24744,24023
P08115,Commercial,Property,North,2026-08,8559,8310
P08116,Commercial,Property,North,2026-08,28686,27850
P08117,Commercial,Property,North,2026-08,16502,16021
P08118,Commercial,Property,North,2026-08,12915,12539
P08119,Commercial,Property,North,2026-08,22354,21703
P08120,Commercial,Property,North,2026-08,6194,6014
P08121,Commercial,Property,North,2026-08,19318,18755
P08122,Commercial,Property,North,2026-08,30304,29421
P08123,Commercial,Property,North,2026-08,32750,31796
P08124,Commercial,Property,North,2026-08,15752,15293
P08125,Commercial,Property,North,2026-08,24457,23745
P08126,Commercial,Property,North,2026-08,12392,12031
P08127,Commercial,Property,North,2026-08,22071,21428
P08128,Commercial,Property,North,2026-08,13181,12797
P08129,Commercial,Property,North,2026-08,22394,21742
P08130,Commercial,Property,North,2026-08,10791,10477
P08131,Commercial,Property,North,2026-08,33132,32167
P08132,Commercial,Property,North,2026-08,31555,30636
P08133,Commercial,Property,North,2026-08,15588,15134
P08134,Commercial,Property,South,2026-08,28318,27493
P08135,Commercial,Property,South,2026-08,8568,8318
P08136,Commercial,Property,South,2026-08,27265,26471
P08137,Commercial,Property,South,2026-08,13988,13581
P08138,Commercial,Property,South,2026-08,9731,9448
P08139,Commercial,Property,South,2026-08,25463,24721
P08140,Commercial,Property,South,2026-08,19421,18855
P08141,Commercial,Property,South,2026-08,21170,20553
P08142,Commercial,Property,South,2026-08,20891,20283
P08143,Commercial,Property,South,2026-08,7522,7303
P08144,Commercial,Property,South,2026-08,7288,7076
P08145,Commercial,Property,South,2026-08,23230,22553
P08146,Commercial,Property,South,2026-08,23887,23191
P08147,Commercial,Property,South,2026-08,7167,6958
P08148,Commercial,Property,South,2026-08,16771,16283
P08149,Commercial,Property,South,2026-08,23567,22881
P08150,Commercial,Property,South,2026-08,24838,24115
P08151,Commercial,Property,South,2026-08,29813,28945
P08152,Commercial,Property,South,2026-08,17997,17473
P08153,Commercial,Property,South,2026-08,21695,21063
P08154,Commercial,Property,South,2026-08,22573,21916
P08155,Commercial,Property,South,2026-08,14846,14414
P08156,Commercial,Property,South,2026-08,7359,7145
P08157,Commercial,Property,South,2026-08,5921,5749
P08158,Commercial,Property,South,2026-08,30041,29166
P08159,Commercial,Property,South,2026-08,11604,11266
P08160,Commercial,Property,South,2026-08,24072,23371
P08161,Commercial,Property,South,2026-08,22530,21874
P08162,Commercial,Property,South,2026-08,17385,16879
P08163,Commercial,Property,South,2026-08,29965,29092
P08164,Commercial,Property,South,2026-08,26049,25290
P08165,Commercial,Property,South,2026-08,6458,6270
P08166,Commercial,Property,South,2026-08,28318,27493
P08167,Commercial,Property,South,2026-08,20499,19902
P08168,Commercial,Property,South,2026-08,15860,15398
P08169,Commercial,Property,South,2026-08,26874,26091
P08170,Commercial,Property,South,2026-08,25690,24942
P08171,Commercial,Property,South,2026-08,14804,14373
P08172,Commercial,Property,South,2026-08,34301,33302
P08173,Commercial,Property,South,2026-08,24608,23891
P08174,Commercial,Property,South,2026-08,23362,22682
P08175,Commercial,Property,South,2026-08,7825,7597
P08176,Commercial,Property,South,2026-08,13898,13493
P08177,Commercial,Property,South,2026-08,18758,18212
P08178,Commercial,Property,South,2026-08,24083,23382
P08179,Commercial,Property,South,2026-08,20666,20064
P08180,Commercial,Property,South,2026-08,27922,27109
P08181,Commercial,Property,South,2026-08,13412,13021
P08182,Commercial,Property,South,2026-08,26157,25395
P08183,Commercial,Property,South,2026-08,29476,28617
P08184,Commercial,Property,South,2026-08,27981,27166
P08185,Commercial,Property,South,2026-08,28149,27329
P08186,Commercial,Property,South,2026-08,31560,30641
P08187,Commercial,Property,South,2026-08,8240,8000
P08188,Commercial,Property,South,2026-08,26014,25256
P08189,Commercial,Property,South,2026-08,33885,32898
P08190,Commercial,Property,South,2026-08,22431,21778
P08191,Commercial,Property,South,2026-08,12099,11747
P08192,Commercial,Property,South,2026-08,34756,33744
P08193,Commercial,Property,South,2026-08,10863,10547
P08194,Commercial,Property,South,2026-08,15528,15076
P08195,Commercial,Property,South,2026-08,10787,10473
P08196,Commercial,Property,South,2026-08,19267,18706
P08197,Commercial,Property,South,2026-08,17944,17421
P08198,Commercial,Property,South,2026-08,20042,19458
P08199,Commercial,Property,South,2026-08,32705,31752
P08200,Commercial,Property,South,2026-08,19668,19095
P08201,Commercial,Property,South,2026-08,20719,20116
P08202,Commercial,Property,South,2026-08,31508,30590
P08203,Commercial,Property,South,2026-08,29508,28649
P08204,Commercial,Property,South,2026-08,12749,12378
P08205,Commercial,Property,South,2026-08,6174,5994
P08206,Commercial,Property,South,2026-08,24050,23350
P08207,Commercial,Property,South,2026-08,30294,29412
P08208,Commercial,Property,South,2026-08,21828,21192
P08209,Commercial,Property,South,2026-08,11921,11574
P08210,Commercial,Property,South,2026-08,27294,26499
P08211,Commercial,Property,South,2026-08,25211,24477
P08212,Commercial,Property,South,2026-08,22181,21535
P08213,Commercial,Property,South,2026-08,30830,29932
P08214,Commercial,Property,South,2026-08,28537,27706
P08215,Commercial,Property,South,2026-08,25165,24432
P08216,Commercial,Property,South,2026-08,25073,24343
P08217,Commercial,Property,South,2026-08,24999,24271
P08218,Commercial,Property,South,2026-08,21025,20413
P08219,Commercial,Property,South,2026-08,19250,18689
P08220,Commercial,Property,South,2026-08,26373,25605
P08221,Commercial,Property,South,2026-08,23499,22815
P08222,Commercial,Property,South,2026-08,20006,19423
P08223,Commercial,Property,South,2026-08,9471,9195
P08224,Commercial,Property,South,2026-08,26151,25389
P08225,Commercial,Property,South,2026-08,24528,23814
P08226,Commercial,Property,South,2026-08,15722,15264
P08227,Commercial,Property,South,2026-08,16130,15660
P08228,Commercial,Property,South,2026-08,12952,12575
P08229,Commercial,Property,South,2026-08,33688,32707
P08230,Commercial,Property,South,2026-08,30739,29844
P08231,Commercial,Property,South,2026-08,22066,21423
P08232,Commercial,Property,South,2026-08,17444,16936
P08233,Commercial,Property,South,2026-08,27162,26371
P08234,Commercial,Property,South,2026-08,21100,20485
P08235,Commercial,Property,South,2026-08,34093,33100
P08236,Commercial,Property,South,2026-08,7397,7182
P08237,Commercial,Property,South,2026-08,6793,6595
P08238,Commercial,Property,South,2026-08,22285,21636
P08239,Commercial,Property,South,2026-08,11693,11352
P08240,Commercial,Property,South,2026-08,23320,22641
P08241,Commercial,Property,South,2026-08,28456,27627
P08242,Commercial,Property,South,2026-08,9804,9518
P08243,Commercial,Property,South,2026-08,18574,18033
P08244,Commercial,Property,South,2026-08,25766,25016
P08245,Commercial,Property,South,2026-08,29976,29103
P08246,Commercial,Property,South,2026-08,20190,19602
P08247,Commercial,Property,South,2026-08,11776,11433
P08248,Commercial,Property,South,2026-08,22784,22120
P08249,Commercial,Property,South,2026-08,18977,18424
P08250,Commercial,Property,South,2026-08,28180,27359
P08251,Commercial,Property,South,2026-08,21907,21269
P08252,Commercial,Property,South,2026-08,13901,13496
P08253,Commercial,Property,South,2026-08,27672,26866
P08254,Commercial,Property,South,2026-08,20810,20204
P08255,Commercial,Property,South,2026-08,10947,10628
P08256,Commercial,Property,South,2026-08,22124,21480
P08257,Commercial,Property,South,2026-08,33295,32325
P08258,Commercial,Property,South,2026-08,26255,25490
P08259,Commercial,Property,South,2026-08,14462,14041
P08260,Commercial,Property,South,2026-08,26410,25641
P08261,Commercial,Property,South,2026-08,13993,13585
P08262,Commercial,Property,South,2026-08,21533,20906
P08263,Commercial,Property,South,2026-08,21067,20453
P08264,Commercial,Property,South,2026-08,12972,12594
P08265,Commercial,Property,South,2026-08,15886,15423
P08266,Commercial,Property,South,2026-08,33117,32152
P08267,Commercial,Property,South,2026-08,13065,12684
P08268,Commercial,Property,South,2026-08,29023,28178
P08269,Commercial,Property,South,2026-08,25148,24416
P08270,Commercial,Property,South,2026-08,21242,20623
P08271,Commercial,Property,South,2026-08,9786,9501
P08272,Commercial,Property,South,2026-08,11730,11388
P08273,Commercial,Property,South,2026-08,10988,10668
P08274,Commercial,Property,South,2026-08,22812,22148
P08275,Commercial,Property,South,2026-08,34021,33030
P08276,Commercial,Property,South,2026-08,31234,30324
P08277,Commercial,Property,South,2026-08,6531,6341
P08278,Commercial,Property,South,2026-08,13735,13335
P08279,Commercial,Property,South,2026-08,10359,10057
P08280,Commercial,Property,South,2026-08,34088,33095
P08281,Commercial,Property,South,2026-08,12630,12262
P08282,Commercial,Property,South,2026-08,11636,11297
P08283,Commercial,Property,South,2026-08,23800,23107
P08284,Commercial,Property,South,2026-08,21925,21286
P08285,Commercial,Property,South,2026-08,12348,11988
P08286,Commercial,Property,South,2026-08,25235,24500
P08287,Commercial,Property,South,2026-08,8612,8361
P08288,Commercial,Property,South,2026-08,6360,6175
P08289,Commercial,Property,South,2026-08,8188,7950
P08290,Commercial,Property,South,2026-08,16378,15901
P08291,Commercial,Property,South,2026-08,34068,33076
P08292,Commercial,Property,South,2026-08,21666,21035
P08293,Commercial,Property,South,2026-08,27681,26875
P08294,Commercial,Property,East,2026-08,14422,14002
P08295,Commercial,Property,East,2026-08,25425,24684
P08296,Commercial,Property,East,2026-08,32250,31311
P08297,Commercial,Property,East,2026-08,15424,14975
P08298,Commercial,Property,East,2026-08,33160,32194
P08299,Commercial,Property,East,2026-08,23186,22511
P08300,Commercial,Property,East,2026-08,26233,25469
P08301,Commercial,Property,East,2026-08,12504,12140
P08302,Commercial,Property,East,2026-08,23315,22636
P08303,Commercial,Property,East,2026-08,19663,19090
P08304,Commercial,Property,East,2026-08,31980,31049
P08305,Commercial,Property,East,2026-08,30550,29660
P08306,Commercial,Property,East,2026-08,16501,16020
P08307,Commercial,Property,East,2026-08,31717,30793
P08308,Commercial,Property,East,2026-08,30000,29126
P08309,Commercial,Property,East,2026-08,21858,21221
P08310,Commercial,Property,East,2026-08,7802,7575
P08311,Commercial,Property,East,2026-08,9978,9687
P08312,Commercial,Property,East,2026-08,7657,7434
P08313,Commercial,Property,East,2026-08,8517,8269
P08314,Commercial,Property,East,2026-08,32548,31600
P08315,Commercial,Property,East,2026-08,11398,11066
P08316,Commercial,Property,East,2026-08,24637,23919
P08317,Commercial,Property,East,2026-08,23134,22460
P08318,Commercial,Property,East,2026-08,22985,22316
P08319,Commercial,Property,East,2026-08,11248,10920
P08320,Commercial,Property,East,2026-08,21553,20925
P08321,Commercial,Property,East,2026-08,22830,22165
P08322,Commercial,Property,East,2026-08,21306,20685
P08323,Commercial,Property,East,2026-08,10679,10368
P08324,Commercial,Property,East,2026-08,25528,24784
P08325,Commercial,Property,East,2026-08,7556,7336
P08326,Commercial,Property,East,2026-08,21880,21243
P08327,Commercial,Property,East,2026-08,17595,17083
P08328,Commercial,Property,East,2026-08,12453,12090
P08329,Commercial,Property,East,2026-08,27859,27048
P08330,Commercial,Property,East,2026-08,10395,10092
P08331,Commercial,Property,East,2026-08,31333,30420
P08332,Commercial,Property,East,2026-08,29994,29120
P08333,Commercial,Property,East,2026-08,15503,15051
P08334,Commercial,Property,East,2026-08,13970,13563
P08335,Commercial,Property,East,2026-08,9333,9061
P08336,Commercial,Property,East,2026-08,30872,29973
P08337,Commercial,Property,East,2026-08,22886,22219
P08338,Commercial,Property,East,2026-08,6410,6223
P08339,Commercial,Property,East,2026-08,19663,19090
P08340,Commercial,Property,East,2026-08,7904,7674
P08341,Commercial,Property,East,2026-08,21398,20775
P08342,Commercial,Property,East,2026-08,19606,19035
P08343,Commercial,Property,East,2026-08,7822,7594
P08344,Commercial,Property,East,2026-08,28093,27275
P08345,Commercial,Property,East,2026-08,12785,12413
P08346,Commercial,Property,East,2026-08,20505,19908
P08347,Commercial,Property,East,2026-08,23204,22528
P08348,Commercial,Property,East,2026-08,32143,31207
P08349,Commercial,Property,East,2026-08,19187,18628
P08350,Commercial,Property,East,2026-08,30899,29999
P08351,Commercial,Property,East,2026-08,15345,14898
P08352,Commercial,Property,East,2026-08,29243,28391
P08353,Commercial,Property,East,2026-08,12053,11702
P08354,Commercial,Property,East,2026-08,25096,24365
P08355,Commercial,Property,East,2026-08,7981,7749
P08356,Commercial,Property,East,2026-08,32800,31845
P08357,Commercial,Property,East,2026-08,31911,30982
P08358,Commercial,Property,East,2026-08,17760,17243
P08359,Commercial,Property,East,2026-08,20020,19437
P08360,Commercial,Property,East,2026-08,22063,21420
P08361,Commercial,Property,East,2026-08,13137,12754
P08362,Commercial,Property,East,2026-08,24183,23479
P08363,Commercial,Property,East,2026-08,24850,24126
P08364,Commercial,Property,East,2026-08,20052,19468
P08365,Commercial,Property,East,2026-08,9617,9337
P08366,Commercial,Property,East,2026-08,30950,30049
P08367,Commercial,Property,East,2026-08,8713,8459
P08368,Commercial,Property,East,2026-08,22931,22263
P08369,Commercial,Property,East,2026-08,8382,8138
P08370,Commercial,Property,East,2026-08,9572,9293
P08371,Commercial,Property,East,2026-08,6099,5921
P08372,Commercial,Property,East,2026-08,15580,15126
P08373,Commercial,Property,East,2026-08,23218,22542
P08374,Commercial,Property,East,2026-08,19954,19373
P08375,Commercial,Property,East,2026-08,24185,23481
P08376,Commercial,Property,East,2026-08,24199,23494
P08377,Commercial,Property,East,2026-08,9407,9133
P08378,Commercial,Property,East,2026-08,7116,6909
P08379,Commercial,Property,East,2026-08,22825,22160
P08380,Commercial,Property,East,2026-08,23595,22908
P08381,Commercial,Property,East,2026-08,20927,20317
P08382,Commercial,Property,East,2026-08,12327,11968
P08383,Commercial,Property,East,2026-08,27952,27138
P08384,Commercial,Property,East,2026-08,7624,7402
P08385,Commercial,Property,East,2026-08,23017,22347
P08386,Commercial,Property,East,2026-08,8861,8603
P08387,Commercial,Property,East,2026-08,23629,22941
P08388,Commercial,Property,East,2026-08,17084,16586
P08389,Commercial,Property,East,2026-08,25390,24650
P08390,Commercial,Property,East,2026-08,6974,6771
P08391,Commercial,Property,East,2026-08,20881,20273
P08392,Commercial,Property,East,2026-08,9538,9260
P08393,Commercial,Property,East,2026-08,24402,23691
P08394,Commercial,Property,East,2026-08,8849,8591
P08395,Commercial,Property,East,2026-08,7566,7346
P08396,Commercial,Property,East,2026-08,25253,24517
P08397,Commercial,Property,East,2026-08,7288,7076
P08398,Commercial,Property,East,2026-08,11740,11398
P08399,Commercial,Property,East,2026-08,28338,27513
P08400,Commercial,Property,East,2026-08,27922,27109
P08401,Commercial,Property,East,2026-08,29152,28303
P08402,Commercial,Property,East,2026-08,14549,14125
P08403,Commercial,Property,East,2026-08,20134,19548
P08404,Commercial,Property,East,2026-08,26918,26134
P08405,Commercial,Property,East,2026-08,9319,9048
P08406,Commercial,Property,East,2026-08,25564,24819
P08407,Commercial,Property,East,2026-08,8227,7987
P08408,Commercial,Property,East,2026-08,30787,29890
P08409,Commercial,Property,East,2026-08,23155,22481
P08410,Commercial,Property,East,2026-08,19173,18615
P08411,Commercial,Property,East,2026-08,18937,18385
P08412,Commercial,Property,East,2026-08,10546,10239
P08413,Commercial,Property,East,2026-08,15097,14657
P08414,Commercial,Property,East,2026-08,25640,24893
P08415,Commercial,Property,East,2026-08,20491,19894
P08416,Commercial,Property,East,2026-08,20168,19581
P08417,Commercial,Property,East,2026-08,10930,10612
P08418,Commercial,Property,East,2026-08,24623,23906
P08419,Commercial,Property,East,2026-08,16373,15896
P08420,Commercial,Property,East,2026-08,10585,10277
P08421,Commercial,Property,East,2026-08,31631,30710
P08422,Commercial,Property,East,2026-08,19546,18977
P08423,Commercial,Property,East,2026-08,20133,19547
P08424,Commercial,Property,East,2026-08,32671,31719
P08425,Commercial,Property,East,2026-08,15664,15208
P08426,Commercial,Property,East,2026-08,31610,30689
P08427,Commercial,Property,East,2026-08,24749,24028
P08428,Commercial,Property,East,2026-08,23039,22368
P08429,Commercial,Property,East,2026-08,12014,11664
P08430,Commercial,Property,East,2026-08,6962,6759
P08431,Commercial,Property,East,2026-08,17638,17124
P08432,Commercial,Property,East,2026-08,5812,5643
P08433,Commercial,Property,East,2026-08,7494,7276
P08434,Commercial,Property,East,2026-08,21995,21354
P08435,Commercial,Property,West,2026-08,19391,18826
P08436,Commercial,Property,West,2026-08,7718,7493
P08437,Commercial,Property,West,2026-08,19559,18989
P08438,Commercial,Property,West,2026-08,24115,23413
P08439,Commercial,Property,West,2026-08,19783,19207
P08440,Commercial,Property,West,2026-08,20655,20053
P08441,Commercial,Property,West,2026-08,18892,18342
P08442,Commercial,Property,West,2026-08,8908,8649
P08443,Commercial,Property,West,2026-08,11765,11422
P08444,Commercial,Property,West,2026-08,24106,23404
P08445,Commercial,Property,West,2026-08,18064,17538
P08446,Commercial,Property,West,2026-08,20745,20141
P08447,Commercial,Property,West,2026-08,24513,23799
P08448,Commercial,Property,West,2026-08,9050,8786
P08449,Commercial,Property,West,2026-08,10943,10624
P08450,Commercial,Property,West,2026-08,17720,17204
P08451,Commercial,Property,West,2026-08,4706,4569
P08452,Commercial,Property,West,2026-08,16176,15705
P08453,Commercial,Property,West,2026-08,21157,20541
P08454,Commercial,Property,West,2026-08,16999,16504
P08455,Commercial,Property,West,2026-08,10391,10088
P08456,Commercial,Property,West,2026-08,19383,18818
P08457,Commercial,Property,West,2026-08,7258,7047
P08458,Commercial,Property,West,2026-08,22963,22294
P08459,Commercial,Property,West,2026-08,6312,6128
P08460,Commercial,Property,West,2026-08,22307,21657
P08461,Commercial,Property,West,2026-08,14636,14210
P08462,Commercial,Property,West,2026-08,13186,12802
P08463,Commercial,Property,West,2026-08,14696,14268
P08464,Commercial,Property,West,2026-08,8394,8150
P08465,Commercial,Property,West,2026-08,13795,13393
P08466,Commercial,Property,West,2026-08,22018,21377
P08467,Commercial,Property,West,2026-08,20994,20383
P08468,Commercial,Property,West,2026-08,7615,7393
P08469,Commercial,Property,West,2026-08,18320,17786
P08470,Commercial,Property,West,2026-08,22167,21521
P08471,Commercial,Property,West,2026-08,21390,20767
P08472,Commercial,Property,West,2026-08,13122,12740
P08473,Commercial,Property,West,2026-08,5204,5052
P08474,Commercial,Property,West,2026-08,23726,23035
P08475,Commercial,Property,West,2026-08,12499,12135
P08476,Commercial,Property,West,2026-08,11767,11424
P08477,Commercial,Property,West,2026-08,20126,19540
P08478,Commercial,Property,West,2026-08,9731,9448
P08479,Commercial,Property,West,2026-08,21704,21072
P08480,Commercial,Property,West,2026-08,5790,5621
P08481,Commercial,Property,West,2026-08,19732,19157
P08482,Commercial,Property,West,2026-08,24452,23740
P08483,Commercial,Property,West,2026-08,25082,24351
P08484,Commercial,Property,West,2026-08,23572,22885
P08485,Commercial,Property,West,2026-08,22459,21805
P08486,Commercial,Property,West,2026-08,10045,9752
P08487,Commercial,Property,West,2026-08,24471,23758
P08488,Commercial,Property,West,2026-08,23657,22968
P08489,Commercial,Property,West,2026-08,15404,14955
P08490,Commercial,Property,West,2026-08,12629,12261
P08491,Commercial,Property,West,2026-08,6487,6298
P08492,Commercial,Property,West,2026-08,16583,16100
P08493,Commercial,Property,West,2026-08,18889,18339
P08494,Commercial,Property,West,2026-08,12669,12300
P08495,Commercial,Property,West,2026-08,12711,12341
P08496,Commercial,Property,West,2026-08,16220,15748
P08497,Commercial,Property,West,2026-08,4778,4639
P08498,Commercial,Property,West,2026-08,24286,23579
P08499,Commercial,Property,West,2026-08,10275,9976
P08500,Commercial,Property,West,2026-08,7150,6942
P08501,Commercial,Property,West,2026-08,4311,4185
P08502,Commercial,Property,West,2026-08,22169,21523
P08503,Commercial,Property,West,2026-08,22301,21651
P08504,Commercial,Property,West,2026-08,6194,6014
P08505,Commercial,Property,West,2026-08,7388,7173
P08506,Commercial,Property,West,2026-08,13590,13194
P08507,Commercial,Property,West,2026-08,8090,7854
P08508,Commercial,Property,West,2026-08,19629,19057
P08509,Commercial,Property,West,2026-08,5413,5255
P08510,Commercial,Property,West,2026-08,15725,15267
P08511,Commercial,Property,West,2026-08,12224,11868
P08512,Commercial,Property,West,2026-08,13947,13541
P08513,Commercial,Property,West,2026-08,13105,12723
P08514,Commercial,Property,West,2026-08,7408,7192
P08515,Commercial,Property,West,2026-08,8816,8559
P08516,Commercial,Property,West,2026-08,5555,5393
P08517,Commercial,Property,West,2026-08,6613,6420
P08518,Commercial,Property,West,2026-08,24707,23987
P08519,Commercial,Property,West,2026-08,10063,9770
P08520,Commercial,Property,West,2026-08,10635,10325
P08521,Commercial,Property,West,2026-08,6861,6661
P08522,Commercial,Property,West,2026-08,20035,19451
P08523,Commercial,Property,West,2026-08,23579,22892
P08524,Commercial,Property,West,2026-08,20760,20155
P08525,Commercial,Property,West,2026-08,17044,16548
P08526,Commercial,Property,West,2026-08,21252,20633
P08527,Commercial,Property,West,2026-08,12674,12305
P08528,Commercial,Property,West,2026-08,22223,21576
P08529,Commercial,Property,West,2026-08,20944,20334
P08530,Commercial,Property,West,2026-08,4231,4108
P08531,Commercial,Property,West,2026-08,14426,14006
P08532,Commercial,Property,West,2026-08,9745,9461
P08533,Commercial,Property,West,2026-08,6004,5829
P08534,Commercial,Property,West,2026-08,21944,21305
P08535,Commercial,Property,West,2026-08,4362,4235
P08536,Commercial,Property,West,2026-08,19510,18942
P08537,Commercial,Property,West,2026-08,24922,24196
P08538,Commercial,Property,West,2026-08,14306,13889
P08539,Commercial,Property,West,2026-08,11982,11633
P08540,Commercial,Property,West,2026-08,16902,16410
P08541,Commercial,Property,West,2026-08,21074,20460
P08542,Commercial,Property,West,2026-08,9234,8965
P08543,Commercial,Property,West,2026-08,9453,9178
P08544,Commercial,Property,West,2026-08,16930,16437
P08545,Commercial,Property,West,2026-08,23909,23213
P08546,Commercial,Property,West,2026-08,10454,10150
P08547,Commercial,Property,West,2026-08,12097,11745
P08548,Commercial,Property,West,2026-08,25030,24301
P08549,Commercial,Property,West,2026-08,7891,7661
P08550,Commercial,Property,West,2026-08,5809,5640
P08551,Commercial,Property,West,2026-08,16565,16083
P08552,Commercial,Property,West,2026-08,4704,4567
P08553,Commercial,Property,West,2026-08,7979,7747
P08554,Commercial,Property,West,2026-08,17245,16743
P08555,Commercial,Property,West,2026-08,18028,17503
P08556,Commercial,Property,West,2026-08,14901,14467
P08557,Commercial,Property,West,2026-08,12244,11887
P08558,Commercial,Property,West,2026-08,16280,15806
P08559,Commercial,Property,West,2026-08,17690,17175
P08560,Commercial,Property,West,2026-08,21048,20435
P08561,Commercial,Property,West,2026-08,20822,20216
P08562,Commercial,Property,West,2026-08,18139,17611
P08563,Commercial,Property,West,2026-08,22951,22283
P08564,Commercial,Property,West,2026-08,21772,21138
P08565,Commercial,Property,West,2026-08,6990,6786
P08566,Commercial,Property,West,2026-08,24262,23555
P08567,Commercial,Property,West,2026-08,22899,22232
P08568,Commercial,Property,West,2026-08,10926,10608
P08569,Commercial,Property,West,2026-08,4619,4484
P08570,Commercial,Property,West,2026-08,16863,16372
P08571,Commercial,Property,West,2026-08,13391,13001
P08572,Commercial,Property,West,2026-08,19917,19337
P08573,Commercial,Property,West,2026-08,15199,14756
P08574,Commercial,Property,West,2026-08,5799,5630
P08575,Commercial,Property,West,2026-08,9328,9056
P08576,Commercial,Marine Cargo,West,2026-08,185760,180350
P08577,Commercial,Marine Cargo,West,2026-08,40787,39599
P08578,Commercial,Marine Cargo,West,2026-08,160733,156051
P08579,Motor,Motor,North,2026-08,13387,12997
P08580,Motor,Motor,North,2026-08,17760,17243
P08581,Motor,Motor,North,2026-08,19892,19313
P08582,Motor,Motor,North,2026-08,12248,11891
P08583,Motor,Motor,North,2026-08,23183,22508
P08584,Motor,Motor,North,2026-08,24312,23604
P08585,Motor,Motor,North,2026-08,7757,7531
P08586,Motor,Motor,North,2026-08,15618,15163
P08587,Motor,Motor,North,2026-08,25698,24950
P08588,Motor,Motor,North,2026-08,25079,24349
P08589,Motor,Motor,North,2026-08,20262,19672
P08590,Motor,Motor,North,2026-08,26605,25830
P08591,Motor,Motor,North,2026-08,8372,8128
P08592,Motor,Motor,North,2026-08,8659,8407
P08593,Motor,Motor,North,2026-08,23335,22655
P08594,Motor,Motor,North,2026-08,24310,23602
P08595,Motor,Motor,North,2026-08,27607,26803
P08596,Motor,Motor,North,2026-08,10369,10067
P08597,Motor,Motor,North,2026-08,19505,18937
P08598,Motor,Motor,North,2026-08,23425,22743
P08599,Motor,Motor,North,2026-08,11530,11194
P08600,Motor,Motor,North,2026-08,19509,18941
P08601,Motor,Motor,North,2026-08,22816,22151
P08602,Motor,Motor,North,2026-08,11278,10950
P08603,Motor,Motor,North,2026-08,15662,15206
P08604,Motor,Motor,North,2026-08,11330,11000
P08605,Motor,Motor,North,2026-08,30013,29139
P08606,Motor,Motor,North,2026-08,11886,11540
P08607,Motor,Motor,North,2026-08,8730,8476
P08608,Motor,Motor,North,2026-08,6399,6213
P08609,Motor,Motor,North,2026-08,6666,6472
P08610,Motor,Motor,North,2026-08,10656,10346
P08611,Motor,Motor,North,2026-08,21994,21353
P08612,Motor,Motor,North,2026-08,5922,5750
P08613,Motor,Motor,North,2026-08,13246,12860
P08614,Motor,Motor,North,2026-08,7026,6821
P08615,Motor,Motor,North,2026-08,16426,15948
P08616,Motor,Motor,North,2026-08,6764,6567
P08617,Motor,Motor,North,2026-08,21975,21335
P08618,Motor,Motor,North,2026-08,24176,23472
P08619,Motor,Motor,North,2026-08,25344,24606
P08620,Motor,Motor,North,2026-08,11547,11211
P08621,Motor,Motor,North,2026-08,29076,28229
P08622,Motor,Motor,North,2026-08,24227,23521
P08623,Motor,Motor,North,2026-08,6984,6781
P08624,Motor,Motor,North,2026-08,17437,16929
P08625,Motor,Motor,North,2026-08,26335,25568
P08626,Motor,Motor,North,2026-08,13903,13498
P08627,Motor,Motor,North,2026-08,15826,15365
P08628,Motor,Motor,North,2026-08,22576,21918
P08629,Motor,Motor,North,2026-08,6952,6750
P08630,Motor,Motor,North,2026-08,31755,30830
P08631,Motor,Motor,North,2026-08,10191,9894
P08632,Motor,Motor,North,2026-08,6169,5989
P08633,Motor,Motor,North,2026-08,5588,5425
P08634,Motor,Motor,North,2026-08,16315,15840
P08635,Motor,Motor,North,2026-08,29505,28646
P08636,Motor,Motor,North,2026-08,27750,26942
P08637,Motor,Motor,North,2026-08,30261,29380
P08638,Motor,Motor,North,2026-08,19968,19386
P08639,Motor,Motor,North,2026-08,17654,17140
P08640,Motor,Motor,North,2026-08,15942,15478
P08641,Motor,Motor,North,2026-08,6705,6510
P08642,Motor,Motor,North,2026-08,30192,29313
P08643,Motor,Motor,North,2026-08,18945,18393
P08644,Motor,Motor,North,2026-08,17826,17307
P08645,Motor,Motor,North,2026-08,19461,18894
P08646,Motor,Motor,North,2026-08,27053,26265
P08647,Motor,Motor,North,2026-08,11550,11214
P08648,Motor,Motor,North,2026-08,24760,24039
P08649,Motor,Motor,North,2026-08,24784,24062
P08650,Motor,Motor,North,2026-08,28561,27729
P08651,Motor,Motor,North,2026-08,5678,5513
P08652,Motor,Motor,North,2026-08,10080,9786
P08653,Motor,Motor,North,2026-08,18261,17729
P08654,Motor,Motor,North,2026-08,28588,27755
P08655,Motor,Motor,North,2026-08,31705,30782
P08656,Motor,Motor,North,2026-08,21630,21000
P08657,Motor,Motor,North,2026-08,11215,10888
P08658,Motor,Motor,North,2026-08,10466,10161
P08659,Motor,Motor,North,2026-08,22843,22178
P08660,Motor,Motor,North,2026-08,11159,10834
P08661,Motor,Motor,North,2026-08,20493,19896
P08662,Motor,Motor,North,2026-08,28159,27339
P08663,Motor,Motor,North,2026-08,16050,15583
P08664,Motor,Motor,North,2026-08,15741,15283
P08665,Motor,Motor,North,2026-08,6426,6239
P08666,Motor,Motor,North,2026-08,12357,11997
P08667,Motor,Motor,North,2026-08,24442,23730
P08668,Motor,Motor,North,2026-08,15249,14805
P08669,Motor,Motor,North,2026-08,9750,9466
P08670,Motor,Motor,North,2026-08,8320,8078
P08671,Motor,Motor,North,2026-08,8029,7795
P08672,Motor,Motor,North,2026-08,23379,22698
P08673,Motor,Motor,North,2026-08,22113,21469
P08674,Motor,Motor,North,2026-08,19552,18983
P08675,Motor,Motor,North,2026-08,19057,18502
P08676,Motor,Motor,North,2026-08,9610,9330
P08677,Motor,Motor,North,2026-08,19065,18510
P08678,Motor,Motor,North,2026-08,7073,6867
P08679,Motor,Motor,North,2026-08,30637,29745
P08680,Motor,Motor,North,2026-08,7022,6817
P08681,Motor,Motor,North,2026-08,16967,16473
P08682,Motor,Motor,North,2026-08,5458,5299
P08683,Motor,Motor,North,2026-08,26836,26054
P08684,Motor,Motor,North,2026-08,9964,9674
P08685,Motor,Motor,North,2026-08,30612,29720
P08686,Motor,Motor,North,2026-08,6639,6446
P08687,Motor,Motor,North,2026-08,27778,26969
P08688,Motor,Motor,North,2026-08,23311,22632
P08689,Motor,Motor,North,2026-08,12238,11882
P08690,Motor,Motor,North,2026-08,10951,10632
P08691,Motor,Motor,North,2026-08,15176,14734
P08692,Motor,Motor,North,2026-08,27985,27170
P08693,Motor,Motor,North,2026-08,28898,28056
P08694,Motor,Motor,North,2026-08,10212,9915
P08695,Motor,Motor,North,2026-08,15061,14622
P08696,Motor,Motor,North,2026-08,11905,11558
P08697,Motor,Motor,North,2026-08,8780,8524
P08698,Motor,Motor,North,2026-08,23034,22363
P08699,Motor,Motor,North,2026-08,14855,14422
P08700,Motor,Motor,North,2026-08,11575,11238
P08701,Motor,Motor,North,2026-08,29008,28163
P08702,Motor,Motor,North,2026-08,25806,25054
P08703,Motor,Motor,North,2026-08,26498,25726
P08704,Motor,Motor,North,2026-08,6509,6319
P08705,Motor,Motor,North,2026-08,30345,29461
P08706,Motor,Motor,North,2026-08,21082,20468
P08707,Motor,Motor,North,2026-08,19152,18594
P08708,Motor,Motor,North,2026-08,5731,5564
P08709,Motor,Motor,North,2026-08,29870,29000
P08710,Motor,Motor,North,2026-08,20243,19653
P08711,Motor,Motor,North,2026-08,27897,27084
P08712,Motor,Motor,North,2026-08,23280,22602
P08713,Motor,Motor,North,2026-08,27122,26332
P08714,Motor,Motor,North,2026-08,24299,23591
P08715,Motor,Motor,North,2026-08,30503,29615
P08716,Motor,Motor,North,2026-08,11578,11241
P08717,Motor,Motor,North,2026-08,10942,10623
P08718,Motor,Motor,North,2026-08,24832,24109
P08719,Motor,Motor,North,2026-08,19087,18531
P08720,Motor,Motor,North,2026-08,21747,21114
P08721,Motor,Motor,North,2026-08,24723,24003
P08722,Motor,Motor,North,2026-08,20339,19747
P08723,Motor,Motor,North,2026-08,26877,26094
P08724,Motor,Motor,North,2026-08,14119,13708
P08725,Motor,Motor,North,2026-08,28817,27978
P08726,Motor,Motor,North,2026-08,8373,8129
P08727,Motor,Motor,North,2026-08,22695,22034
P08728,Motor,Motor,North,2026-08,29665,28801
P08729,Motor,Motor,North,2026-08,12319,11960
P08730,Motor,Motor,North,2026-08,14337,13919
P08731,Motor,Motor,North,2026-08,13755,13354
P08732,Motor,Motor,North,2026-08,20798,20192
P08733,Motor,Motor,North,2026-08,16678,16192
P08734,Motor,Motor,North,2026-08,8380,8136
P08735,Motor,Motor,North,2026-08,29696,28831
P08736,Motor,Motor,North,2026-08,11012,10691
P08737,Motor,Motor,North,2026-08,19976,19394
P08738,Motor,Motor,North,2026-08,21628,20998
P08739,Motor,Motor,North,2026-08,6552,6361
P08740,Motor,Motor,North,2026-08,8047,7813
P08741,Motor,Motor,North,2026-08,31885,30956
P08742,Motor,Motor,North,2026-08,23525,22840
P08743,Motor,Motor,North,2026-08,6356,6171
P08744,Motor,Motor,North,2026-08,27054,26266
P08745,Motor,Motor,North,2026-08,19281,18719
P08746,Motor,Motor,North,2026-08,7489,7271
P08747,Motor,Motor,North,2026-08,23967,23269
P08748,Motor,Motor,North,2026-08,19031,18477
P08749,Motor,Motor,North,2026-08,11019,10698
P08750,Motor,Motor,North,2026-08,29326,28472
P08751,Motor,Motor,North,2026-08,13371,12982
P08752,Motor,Motor,North,2026-08,13186,12802
P08753,Motor,Motor,North,2026-08,12866,12491
P08754,Motor,Motor,North,2026-08,26327,25560
P08755,Motor,Motor,North,2026-08,24657,23939
P08756,Motor,Motor,North,2026-08,30019,29145
P08757,Motor,Motor,North,2026-08,11683,11343
P08758,Motor,Motor,North,2026-08,26841,26059
P08759,Motor,Motor,North,2026-08,21037,20424
P08760,Motor,Motor,North,2026-08,13842,13439
P08761,Motor,Motor,North,2026-08,6408,6221
P08762,Motor,Motor,North,2026-08,27728,26920
P08763,Motor,Motor,North,2026-08,12003,11653
P08764,Motor,Motor,North,2026-08,22633,21974
P08765,Motor,Motor,North,2026-08,20379,19785
P08766,Motor,Motor,North,2026-08,5563,5401
P08767,Motor,Motor,North,2026-08,32501,31554
P08768,Motor,Motor,North,2026-08,27602,26798
P08769,Motor,Motor,North,2026-08,18680,18136
P08770,Motor,Motor,North,2026-08,23956,23258
P08771,Motor,Motor,North,2026-08,18411,17875
P08772,Motor,Motor,North,2026-08,25705,24956
P08773,Motor,Motor,North,2026-08,9098,8833
P08774,Motor,Motor,North,2026-08,17588,17076
P08775,Motor,Motor,North,2026-08,14573,14149
P08776,Motor,Motor,North,2026-08,17951,17428
P08777,Motor,Motor,North,2026-08,17701,17185
P08778,Motor,Motor,North,2026-08,9336,9064
P08779,Motor,Motor,North,2026-08,32014,31082
P08780,Motor,Motor,North,2026-08,5864,5693
P08781,Motor,Motor,North,2026-08,5716,5550
P08782,Motor,Motor,North,2026-08,15604,15150
P08783,Motor,Motor,North,2026-08,22324,21674
P08784,Motor,Motor,North,2026-08,10331,10030
P08785,Motor,Motor,North,2026-08,19952,19371
P08786,Motor,Motor,North,2026-08,25110,24379
P08787,Motor,Motor,North,2026-08,8002,7769
P08788,Motor,Motor,North,2026-08,32231,31292
P08789,Motor,Motor,North,2026-08,14604,14179
P08790,Motor,Motor,North,2026-08,22924,22256
P08791,Motor,Motor,North,2026-08,8455,8209
P08792,Motor,Motor,North,2026-08,24749,24028
P08793,Motor,Motor,North,2026-08,28313,27488
P08794,Motor,Motor,North,2026-08,8308,8066
P08795,Motor,Motor,North,2026-08,8867,8609
P08796,Motor,Motor,North,2026-08,13090,12709
P08797,Motor,Motor,North,2026-08,5767,5599
P08798,Motor,Motor,North,2026-08,32275,31335
P08799,Motor,Motor,North,2026-08,21726,21093
P08800,Motor,Motor,North,2026-08,21976,21336
P08801,Motor,Motor,North,2026-08,31538,30619
P08802,Motor,Motor,North,2026-08,28084,27266
P08803,Motor,Motor,North,2026-08,27600,26796
P08804,Motor,Motor,North,2026-08,14681,14253
P08805,Motor,Motor,North,2026-08,14555,14131
P08806,Motor,Motor,North,2026-08,13382,12992
P08807,Motor,Motor,North,2026-08,14876,14443
P08808,Motor,Motor,North,2026-08,15497,15046
P08809,Motor,Motor,North,2026-08,9252,8983
P08810,Motor,Motor,North,2026-08,15129,14688
P08811,Motor,Motor,North,2026-08,17600,17087
P08812,Motor,Motor,North,2026-08,13861,13457
P08813,Motor,Motor,North,2026-08,9942,9652
P08814,Motor,Motor,North,2026-08,15603,15149
P08815,Motor,Motor,North,2026-08,18529,17989
P08816,Motor,Motor,North,2026-08,25055,24325
P08817,Motor,Motor,North,2026-08,24797,24075
P08818,Motor,Motor,North,2026-08,10958,10639
P08819,Motor,Motor,North,2026-08,6440,6252
P08820,Motor,Motor,North,2026-08,13709,13310
P08821,Motor,Motor,North,2026-08,9718,9435
P08822,Motor,Motor,North,2026-08,16213,15741
P08823,Motor,Motor,North,2026-08,32093,31158
P08824,Motor,Motor,North,2026-08,10370,10068
P08825,Motor,Motor,North,2026-08,14119,13708
P08826,Motor,Motor,North,2026-08,25174,24441
P08827,Motor,Motor,North,2026-08,19298,18736
P08828,Motor,Motor,North,2026-08,6637,6444
P08829,Motor,Motor,North,2026-08,9843,9556
P08830,Motor,Motor,North,2026-08,30893,29993
P08831,Motor,Motor,North,2026-08,8250,8010
P08832,Motor,Motor,North,2026-08,22725,22063
P08833,Motor,Motor,North,2026-08,27004,26217
P08834,Motor,Motor,North,2026-08,12666,12297
P08835,Motor,Motor,North,2026-08,25173,24440
P08836,Motor,Motor,North,2026-08,10065,9772
P08837,Motor,Motor,North,2026-08,13191,12807
P08838,Motor,Motor,North,2026-08,13928,13522
P08839,Motor,Motor,North,2026-08,32557,31609
P08840,Motor,Motor,North,2026-08,11282,10953
P08841,Motor,Motor,North,2026-08,8959,8698
P08842,Motor,Motor,North,2026-08,30632,29740
P08843,Motor,Motor,North,2026-08,9849,9562
P08844,Motor,Motor,North,2026-08,29369,28514
P08845,Motor,Motor,North,2026-08,23143,22469
P08846,Motor,Motor,North,2026-08,21140,20524
P08847,Motor,Motor,North,2026-08,25888,25134
P08848,Motor,Motor,North,2026-08,25199,24465
P08849,Motor,Motor,North,2026-08,8450,8204
P08850,Motor,Motor,North,2026-08,32640,31689
P08851,Motor,Motor,North,2026-08,31073,30168
P08852,Motor,Motor,North,2026-08,29841,28972
P08853,Motor,Motor,North,2026-08,22377,21725
P08854,Motor,Motor,North,2026-08,19669,19096
P08855,Motor,Motor,North,2026-08,20036,19452
P08856,Motor,Motor,North,2026-08,5849,5679
P08857,Motor,Motor,North,2026-08,19034,18480
P08858,Motor,Motor,North,2026-08,22417,21764
P08859,Motor,Motor,North,2026-08,23368,22687
P08860,Motor,Motor,North,2026-08,14481,14059
P08861,Motor,Motor,North,2026-08,18267,17735
P08862,Motor,Motor,North,2026-08,22758,22095
P08863,Motor,Motor,North,2026-08,17098,16600
P08864,Motor,Motor,North,2026-08,31624,30703
P08865,Motor,Motor,North,2026-08,24639,23921
P08866,Motor,Motor,North,2026-08,5478,5318
P08867,Motor,Motor,North,2026-08,6076,5899
P08868,Motor,Motor,North,2026-08,24227,23521
P08869,Motor,Motor,North,2026-08,16672,16186
P08870,Motor,Motor,North,2026-08,28286,27462
P08871,Motor,Motor,North,2026-08,10151,9855
P08872,Motor,Motor,North,2026-08,5818,5649
P08873,Motor,Motor,North,2026-08,16003,15537
P08874,Motor,Motor,North,2026-08,25472,24730
P08875,Motor,Motor,North,2026-08,31886,30957
P08876,Motor,Motor,North,2026-08,29489,28630
P08877,Motor,Motor,North,2026-08,18615,18073
P08878,Motor,Motor,North,2026-08,27561,26758
P08879,Motor,Motor,North,2026-08,7356,7142
P08880,Motor,Motor,North,2026-08,21015,20403
P08881,Motor,Motor,North,2026-08,30595,29704
P08882,Motor,Motor,North,2026-08,16229,15756
P08883,Motor,Motor,North,2026-08,31568,30649
P08884,Motor,Motor,North,2026-08,11447,11114
P08885,Motor,Motor,North,2026-08,8317,8075
P08886,Motor,Motor,North,2026-08,19722,19148
P08887,Motor,Motor,North,2026-08,30131,29253
P08888,Motor,Motor,North,2026-08,13913,13508
P08889,Motor,Motor,North,2026-08,27217,26424
P08890,Motor,Motor,North,2026-08,10047,9754
P08891,Motor,Motor,North,2026-08,25731,24982
P08892,Motor,Motor,North,2026-08,20600,20000
P08893,Motor,Motor,North,2026-08,10205,9908
P08894,Motor,Motor,North,2026-08,24984,24256
P08895,Motor,Motor,North,2026-08,24865,24141
P08896,Motor,Motor,North,2026-08,19469,18902
P08897,Motor,Motor,North,2026-08,11578,11241
P08898,Motor,Motor,North,2026-08,9042,8779
P08899,Motor,Motor,North,2026-08,31491,30574
P08900,Motor,Motor,North,2026-08,23288,22610
P08901,Motor,Motor,North,2026-08,27464,26664
P08902,Motor,Motor,North,2026-08,24409,23698
P08903,Motor,Motor,North,2026-08,28014,27198
P08904,Motor,Motor,North,2026-08,9864,9577
P08905,Motor,Motor,North,2026-08,18965,18413
P08906,Motor,Motor,North,2026-08,23596,22909
P08907,Motor,Motor,North,2026-08,8255,8015
P08908,Motor,Motor,North,2026-08,9523,9246
P08909,Motor,Motor,North,2026-08,22695,22034
P08910,Motor,Motor,North,2026-08,29082,28235
P08911,Motor,Motor,North,2026-08,23414,22732
P08912,Motor,Motor,North,2026-08,6427,6240
P08913,Motor,Motor,North,2026-08,31850,30922
P08914,Motor,Motor,North,2026-08,9239,8970
P08915,Motor,Motor,North,2026-08,11771,11428
P08916,Motor,Motor,North,2026-08,31973,31042
P08917,Motor,Motor,North,2026-08,26424,25654
P08918,Motor,Motor,North,2026-08,30929,30028
P08919,Motor,Motor,North,2026-08,27393,26595
P08920,Motor,Motor,North,2026-08,23178,22503
P08921,Motor,Motor,North,2026-08,13186,12802
P08922,Motor,Motor,North,2026-08,14338,13920
P08923,Motor,Motor,North,2026-08,31219,30310
P08924,Motor,Motor,North,2026-08,28862,28021
P08925,Motor,Motor,North,2026-08,15225,14782
P08926,Motor,Motor,North,2026-08,15600,15146
P08927,Motor,Motor,North,2026-08,13543,13149
P08928,Motor,Motor,North,2026-08,14317,13900
P08929,Motor,Motor,North,2026-08,28863,28022
P08930,Motor,Motor,North,2026-08,5729,5562
P08931,Motor,Motor,North,2026-08,17308,16804
P08932,Motor,Motor,North,2026-08,31099,30193
P08933,Motor,Motor,North,2026-08,20209,19620
P08934,Motor,Motor,North,2026-08,17701,17185
P08935,Motor,Motor,North,2026-08,13943,13537
P08936,Motor,Motor,North,2026-08,7454,7237
P08937,Motor,Motor,North,2026-08,11551,11215
P08938,Motor,Motor,North,2026-08,7904,7674
P08939,Motor,Motor,North,2026-08,8890,8631
P08940,Motor,Motor,North,2026-08,9892,9604
P08941,Motor,Motor,North,2026-08,13661,13263
P08942,Motor,Motor,North,2026-08,5742,5575
P08943,Motor,Motor,North,2026-08,31298,30386
P08944,Motor,Motor,North,2026-08,8812,8555
P08945,Motor,Motor,North,2026-08,15869,15407
P08946,Motor,Motor,North,2026-08,29377,28521
P08947,Motor,Motor,North,2026-08,8342,8099
P08948,Motor,Motor,North,2026-08,18603,18061
P08949,Motor,Motor,North,2026-08,28431,27603
P08950,Motor,Motor,North,2026-08,20599,19999
P08951,Motor,Motor,North,2026-08,11166,10841
P08952,Motor,Motor,North,2026-08,25457,24716
P08953,Motor,Motor,North,2026-08,23984,23285
P08954,Motor,Motor,North,2026-08,15299,14853
P08955,Motor,Motor,North,2026-08,6702,6507
P08956,Motor,Motor,North,2026-08,5657,5492
P08957,Motor,Motor,North,2026-08,27904,27091
P08958,Motor,Motor,North,2026-08,14192,13779
P08959,Motor,Motor,North,2026-08,9192,8924
P08960,Motor,Motor,North,2026-08,19554,18984
P08961,Motor,Motor,North,2026-08,30500,29612
P08962,Motor,Motor,North,2026-08,5673,5508
P08963,Motor,Motor,North,2026-08,6970,6767
P08964,Motor,Motor,North,2026-08,16791,16302
P08965,Motor,Motor,North,2026-08,23837,23143
P08966,Motor,Motor,North,2026-08,18398,17862
P08967,Motor,Motor,North,2026-08,29867,28997
P08968,Motor,Motor,North,2026-08,6642,6449
P08969,Motor,Motor,North,2026-08,14698,14270
P08970,Motor,Motor,North,2026-08,15003,14566
P08971,Motor,Motor,North,2026-08,14698,14270
P08972,Motor,Motor,North,2026-08,18713,18168
P08973,Motor,Motor,North,2026-08,26956,26171
P08974,Motor,Motor,North,2026-08,14092,13682
P08975,Motor,Motor,North,2026-08,25702,24953
P08976,Motor,Motor,North,2026-08,9428,9153
P08977,Motor,Motor,North,2026-08,20701,20098
P08978,Motor,Motor,North,2026-08,15650,15194
P08979,Motor,Motor,North,2026-08,20116,19530
P08980,Motor,Motor,North,2026-08,8375,8131
P08981,Motor,Motor,North,2026-08,31388,30474
P08982,Motor,Motor,North,2026-08,30103,29226
P08983,Motor,Motor,North,2026-08,27931,27117
P08984,Motor,Motor,North,2026-08,29737,28871
P08985,Motor,Motor,North,2026-08,9434,9159
P08986,Motor,Motor,North,2026-08,19150,18592
P08987,Motor,Motor,North,2026-08,14093,13683
P08988,Motor,Motor,North,2026-08,29590,28728
P08989,Motor,Motor,North,2026-08,10598,10289
P08990,Motor,Motor,North,2026-08,11428,11095
P08991,Motor,Motor,North,2026-08,24130,23427
P08992,Motor,Motor,North,2026-08,7862,7633
P08993,Motor,Motor,North,2026-08,25372,24633
P08994,Motor,Motor,North,2026-08,12739,12368
P08995,Motor,Motor,North,2026-08,23428,22746
P08996,Motor,Motor,North,2026-08,29199,28349
P08997,Motor,Motor,North,2026-08,22032,21390
P08998,Motor,Motor,North,2026-08,11230,10903
P08999,Motor,Motor,North,2026-08,6780,6583
P09000,Motor,Motor,North,2026-08,6657,6463
P09001,Motor,Motor,North,2026-08,7859,7630
P09002,Motor,Motor,North,2026-08,21220,20602
P09003,Motor,Motor,North,2026-08,14919,14484
P09004,Motor,Motor,North,2026-08,12058,11707
P09005,Motor,Motor,North,2026-08,11410,11078
P09006,Motor,Motor,North,2026-08,31255,30345
P09007,Motor,Motor,North,2026-08,8676,8423
P09008,Motor,Motor,North,2026-08,13737,13337
P09009,Motor,Motor,North,2026-08,18272,17740
P09010,Motor,Motor,North,2026-08,5455,5296
P09011,Motor,Motor,North,2026-08,30503,29615
P09012,Motor,Motor,North,2026-08,8139,7902
P09013,Motor,Motor,North,2026-08,24014,23315
P09014,Motor,Motor,North,2026-08,22555,21898
P09015,Motor,Motor,North,2026-08,27459,26659
P09016,Motor,Motor,North,2026-08,23168,22493
P09017,Motor,Motor,North,2026-08,26379,25611
P09018,Motor,Motor,North,2026-08,16905,16413
P09019,Motor,Motor,North,2026-08,18741,18195
P09020,Motor,Motor,North,2026-08,24537,23822
P09021,Motor,Motor,North,2026-08,20911,20302
P09022,Motor,Motor,North,2026-08,19363,18799
P09023,Motor,Motor,North,2026-08,11036,10715
P09024,Motor,Motor,North,2026-08,12466,12103
P09025,Motor,Motor,North,2026-08,15198,14755
P09026,Motor,Motor,North,2026-08,5695,5529
P09027,Motor,Motor,North,2026-08,16800,16311
P09028,Motor,Motor,North,2026-08,5518,5357
P09029,Motor,Motor,North,2026-08,20817,20211
P09030,Motor,Motor,South,2026-08,22954,22285
P09031,Motor,Motor,South,2026-08,19352,18788
P09032,Motor,Motor,South,2026-08,22687,22026
P09033,Motor,Motor,South,2026-08,5079,4931
P09034,Motor,Motor,South,2026-08,6588,6396
P09035,Motor,Motor,South,2026-08,22812,22148
P09036,Motor,Motor,South,2026-08,25465,24723
P09037,Motor,Motor,South,2026-08,23301,22622
P09038,Motor,Motor,South,2026-08,21912,21274
P09039,Motor,Motor,South,2026-08,23039,22368
P09040,Motor,Motor,South,2026-08,23857,23162
P09041,Motor,Motor,South,2026-08,23471,22787
P09042,Motor,Motor,South,2026-08,23817,23123
P09043,Motor,Motor,South,2026-08,6958,6755
P09044,Motor,Motor,South,2026-08,6685,6490
P09045,Motor,Motor,South,2026-08,14247,13832
P09046,Motor,Motor,South,2026-08,18474,17936
P09047,Motor,Motor,South,2026-08,24442,23730
P09048,Motor,Motor,South,2026-08,13576,13181
P09049,Motor,Motor,South,2026-08,12063,11712
P09050,Motor,Motor,South,2026-08,24920,24194
P09051,Motor,Motor,South,2026-08,11409,11077
P09052,Motor,Motor,South,2026-08,25920,25165
P09053,Motor,Motor,South,2026-08,9576,9297
P09054,Motor,Motor,South,2026-08,14206,13792
P09055,Motor,Motor,South,2026-08,15262,14817
P09056,Motor,Motor,South,2026-08,12682,12313
P09057,Motor,Motor,South,2026-08,5163,5013
P09058,Motor,Motor,South,2026-08,11058,10736
P09059,Motor,Motor,South,2026-08,13652,13254
P09060,Motor,Motor,South,2026-08,13041,12661
P09061,Motor,Motor,South,2026-08,25024,24295
P09062,Motor,Motor,South,2026-08,6281,6098
P09063,Motor,Motor,South,2026-08,14954,14518
P09064,Motor,Motor,South,2026-08,6031,5855
P09065,Motor,Motor,South,2026-08,28708,27872
P09066,Motor,Motor,South,2026-08,25142,24410
P09067,Motor,Motor,South,2026-08,30016,29142
P09068,Motor,Motor,South,2026-08,28188,27367
P09069,Motor,Motor,South,2026-08,13096,12715
P09070,Motor,Motor,South,2026-08,22638,21979
P09071,Motor,Motor,South,2026-08,12862,12487
P09072,Motor,Motor,South,2026-08,27631,26826
P09073,Motor,Motor,South,2026-08,15508,15056
P09074,Motor,Motor,South,2026-08,14622,14196
P09075,Motor,Motor,South,2026-08,28287,27463
P09076,Motor,Motor,South,2026-08,26324,25557
P09077,Motor,Motor,South,2026-08,29616,28753
P09078,Motor,Motor,South,2026-08,6766,6569
P09079,Motor,Motor,South,2026-08,11257,10929
P09080,Motor,Motor,South,2026-08,12717,12347
P09081,Motor,Motor,South,2026-08,15853,15391
P09082,Motor,Motor,South,2026-08,17091,16593
P09083,Motor,Motor,South,2026-08,12478,12115
P09084,Motor,Motor,South,2026-08,25148,24416
P09085,Motor,Motor,South,2026-08,10746,10433
P09086,Motor,Motor,South,2026-08,22763,22100
P09087,Motor,Motor,South,2026-08,26705,25927
P09088,Motor,Motor,South,2026-08,20406,19812
P09089,Motor,Motor,South,2026-08,14071,13661
P09090,Motor,Motor,South,2026-08,9849,9562
P09091,Motor,Motor,South,2026-08,8489,8242
P09092,Motor,Motor,South,2026-08,23973,23275
P09093,Motor,Motor,South,2026-08,16990,16495
P09094,Motor,Motor,South,2026-08,6254,6072
P09095,Motor,Motor,South,2026-08,30058,29183
P09096,Motor,Motor,South,2026-08,22123,21479
P09097,Motor,Motor,South,2026-08,26512,25740
P09098,Motor,Motor,South,2026-08,16204,15732
P09099,Motor,Motor,South,2026-08,29337,28483
P09100,Motor,Motor,South,2026-08,10144,9849
P09101,Motor,Motor,South,2026-08,9779,9494
P09102,Motor,Motor,South,2026-08,27684,26878
P09103,Motor,Motor,South,2026-08,27719,26912
P09104,Motor,Motor,South,2026-08,17749,17232
P09105,Motor,Motor,South,2026-08,8272,8031
P09106,Motor,Motor,South,2026-08,12828,12454
P09107,Motor,Motor,South,2026-08,24227,23521
P09108,Motor,Motor,South,2026-08,26559,25785
P09109,Motor,Motor,South,2026-08,13905,13500
P09110,Motor,Motor,South,2026-08,6633,6440
P09111,Motor,Motor,South,2026-08,21981,21341
P09112,Motor,Motor,South,2026-08,23855,23160
P09113,Motor,Motor,South,2026-08,15844,15383
P09114,Motor,Motor,South,2026-08,19883,19304
P09115,Motor,Motor,South,2026-08,30148,29270
P09116,Motor,Motor,South,2026-08,11299,10970
P09117,Motor,Motor,South,2026-08,19627,19055
P09118,Motor,Motor,South,2026-08,20591,19991
P09119,Motor,Motor,South,2026-08,19020,18466
P09120,Motor,Motor,South,2026-08,27146,26355
P09121,Motor,Motor,South,2026-08,20439,19844
P09122,Motor,Motor,South,2026-08,17974,17450
P09123,Motor,Motor,South,2026-08,8202,7963
P09124,Motor,Motor,South,2026-08,22933,22265
P09125,Motor,Motor,South,2026-08,8433,8187
P09126,Motor,Motor,South,2026-08,5753,5585
P09127,Motor,Motor,South,2026-08,17482,16973
P09128,Motor,Motor,South,2026-08,19613,19042
P09129,Motor,Motor,South,2026-08,30445,29558
P09130,Motor,Motor,South,2026-08,23165,22490
P09131,Motor,Motor,South,2026-08,26624,25849
P09132,Motor,Motor,South,2026-08,13873,13469
P09133,Motor,Motor,South,2026-08,18000,17476
P09134,Motor,Motor,South,2026-08,29815,28947
P09135,Motor,Motor,South,2026-08,15676,15219
P09136,Motor,Motor,South,2026-08,25576,24831
P09137,Motor,Motor,South,2026-08,18433,17896
P09138,Motor,Motor,South,2026-08,10765,10451
P09139,Motor,Motor,South,2026-08,19815,19238
P09140,Motor,Motor,South,2026-08,10615,10306
P09141,Motor,Motor,South,2026-08,5155,5005
P09142,Motor,Motor,South,2026-08,11067,10745
P09143,Motor,Motor,South,2026-08,9982,9691
P09144,Motor,Motor,South,2026-08,14496,14074
P09145,Motor,Motor,South,2026-08,27640,26835
P09146,Motor,Motor,South,2026-08,14926,14491
P09147,Motor,Motor,South,2026-08,26538,25765
P09148,Motor,Motor,South,2026-08,19186,18627
P09149,Motor,Motor,South,2026-08,5272,5118
P09150,Motor,Motor,South,2026-08,9870,9583
P09151,Motor,Motor,South,2026-08,28724,27887
P09152,Motor,Motor,South,2026-08,20419,19824
P09153,Motor,Motor,South,2026-08,28680,27845
P09154,Motor,Motor,South,2026-08,12952,12575
P09155,Motor,Motor,South,2026-08,23272,22594
P09156,Motor,Motor,South,2026-08,24680,23961
P09157,Motor,Motor,South,2026-08,29851,28982
P09158,Motor,Motor,South,2026-08,5539,5378
P09159,Motor,Motor,South,2026-08,29256,28404
P09160,Motor,Motor,South,2026-08,15020,14583
P09161,Motor,Motor,South,2026-08,26356,25588
P09162,Motor,Motor,South,2026-08,18909,18358
P09163,Motor,Motor,South,2026-08,19414,18849
P09164,Motor,Motor,South,2026-08,14203,13789
P09165,Motor,Motor,South,2026-08,26114,25353
P09166,Motor,Motor,South,2026-08,11781,11438
P09167,Motor,Motor,South,2026-08,17577,17065
P09168,Motor,Motor,South,2026-08,19301,18739
P09169,Motor,Motor,South,2026-08,23931,23234
P09170,Motor,Motor,South,2026-08,17054,16557
P09171,Motor,Motor,South,2026-08,22351,21700
P09172,Motor,Motor,South,2026-08,17400,16893
P09173,Motor,Motor,South,2026-08,21818,21183
P09174,Motor,Motor,South,2026-08,22195,21549
P09175,Motor,Motor,South,2026-08,23092,22419
P09176,Motor,Motor,South,2026-08,25982,25225
P09177,Motor,Motor,South,2026-08,18808,18260
P09178,Motor,Motor,South,2026-08,9986,9695
P09179,Motor,Motor,South,2026-08,22335,21684
P09180,Motor,Motor,South,2026-08,7036,6831
P09181,Motor,Motor,South,2026-08,10638,10328
P09182,Motor,Motor,South,2026-08,25192,24458
P09183,Motor,Motor,South,2026-08,16125,15655
P09184,Motor,Motor,South,2026-08,17724,17208
P09185,Motor,Motor,South,2026-08,30149,29271
P09186,Motor,Motor,South,2026-08,11049,10727
P09187,Motor,Motor,South,2026-08,5574,5412
P09188,Motor,Motor,South,2026-08,7906,7676
P09189,Motor,Motor,South,2026-08,11286,10957
P09190,Motor,Motor,South,2026-08,23510,22825
P09191,Motor,Motor,South,2026-08,24777,24055
P09192,Motor,Motor,South,2026-08,19436,18870
P09193,Motor,Motor,South,2026-08,11554,11217
P09194,Motor,Motor,South,2026-08,18326,17792
P09195,Motor,Motor,South,2026-08,5458,5299
P09196,Motor,Motor,South,2026-08,22389,21737
P09197,Motor,Motor,South,2026-08,20675,20073
P09198,Motor,Motor,South,2026-08,5632,5468
P09199,Motor,Motor,South,2026-08,25822,25070
P09200,Motor,Motor,South,2026-08,24462,23750
P09201,Motor,Motor,South,2026-08,12904,12528
P09202,Motor,Motor,South,2026-08,21211,20593
P09203,Motor,Motor,South,2026-08,20351,19758
P09204,Motor,Motor,South,2026-08,8714,8460
P09205,Motor,Motor,South,2026-08,9985,9694
P09206,Motor,Motor,South,2026-08,22425,21772
P09207,Motor,Motor,South,2026-08,28781,27943
P09208,Motor,Motor,South,2026-08,19710,19136
P09209,Motor,Motor,South,2026-08,19495,18927
P09210,Motor,Motor,South,2026-08,21498,20872
P09211,Motor,Motor,South,2026-08,16265,15791
P09212,Motor,Motor,South,2026-08,6454,6266
P09213,Motor,Motor,South,2026-08,15145,14704
P09214,Motor,Motor,South,2026-08,27936,27122
P09215,Motor,Motor,South,2026-08,25516,24773
P09216,Motor,Motor,South,2026-08,28626,27792
P09217,Motor,Motor,South,2026-08,8959,8698
P09218,Motor,Motor,South,2026-08,17925,17403
P09219,Motor,Motor,South,2026-08,19924,19344
P09220,Motor,Motor,South,2026-08,10408,10105
P09221,Motor,Motor,South,2026-08,10181,9884
P09222,Motor,Motor,South,2026-08,24934,24208
P09223,Motor,Motor,South,2026-08,22137,21492
P09224,Motor,Motor,South,2026-08,21511,20884
P09225,Motor,Motor,South,2026-08,11857,11512
P09226,Motor,Motor,South,2026-08,17946,17423
P09227,Motor,Motor,South,2026-08,5664,5499
P09228,Motor,Motor,South,2026-08,8378,8134
P09229,Motor,Motor,South,2026-08,18237,17706
P09230,Motor,Motor,South,2026-08,12941,12564
P09231,Motor,Motor,South,2026-08,29597,28735
P09232,Motor,Motor,South,2026-08,17050,16553
P09233,Motor,Motor,South,2026-08,7200,6990
P09234,Motor,Motor,South,2026-08,5531,5370
P09235,Motor,Motor,South,2026-08,23493,22809
P09236,Motor,Motor,South,2026-08,9433,9158
P09237,Motor,Motor,South,2026-08,9847,9560
P09238,Motor,Motor,South,2026-08,15839,15378
P09239,Motor,Motor,South,2026-08,11783,11440
P09240,Motor,Motor,South,2026-08,20734,20130
P09241,Motor,Motor,South,2026-08,17410,16903
P09242,Motor,Motor,South,2026-08,7908,7678
P09243,Motor,Motor,South,2026-08,25003,24275
P09244,Motor,Motor,South,2026-08,15891,15428
P09245,Motor,Motor,South,2026-08,20588,19988
P09246,Motor,Motor,South,2026-08,5178,5027
P09247,Motor,Motor,South,2026-08,20983,20372
P09248,Motor,Motor,South,2026-08,12260,11903
P09249,Motor,Motor,South,2026-08,17631,17117
P09250,Motor,Motor,South,2026-08,12637,12269
P09251,Motor,Motor,South,2026-08,30374,29489
P09252,Motor,Motor,South,2026-08,10940,10621
P09253,Motor,Motor,South,2026-08,28256,27433
P09254,Motor,Motor,South,2026-08,28386,27559
P09255,Motor,Motor,South,2026-08,15767,15308
P09256,Motor,Motor,South,2026-08,12797,12424
P09257,Motor,Motor,South,2026-08,14753,14323
P09258,Motor,Motor,South,2026-08,30199,29319
P09259,Motor,Motor,South,2026-08,20790,20184
P09260,Motor,Motor,South,2026-08,18911,18360
P09261,Motor,Motor,South,2026-08,5990,5816
P09262,Motor,Motor,South,2026-08,26605,25830
P09263,Motor,Motor,South,2026-08,7206,6996
P09264,Motor,Motor,South,2026-08,6271,6088
P09265,Motor,Motor,South,2026-08,12057,11706
P09266,Motor,Motor,South,2026-08,17159,16659
P09267,Motor,Motor,South,2026-08,27810,27000
P09268,Motor,Motor,South,2026-08,25139,24407
P09269,Motor,Motor,South,2026-08,10096,9802
P09270,Motor,Motor,South,2026-08,14525,14102
P09271,Motor,Motor,South,2026-08,24889,24164
P09272,Motor,Motor,South,2026-08,18462,17924
P09273,Motor,Motor,South,2026-08,9509,9232
P09274,Motor,Motor,South,2026-08,15134,14693
P09275,Motor,Motor,South,2026-08,20971,20360
P09276,Motor,Motor,South,2026-08,29789,28921
P09277,Motor,Motor,South,2026-08,21882,21245
P09278,Motor,Motor,South,2026-08,5489,5329
P09279,Motor,Motor,South,2026-08,22978,22309
P09280,Motor,Motor,South,2026-08,11447,11114
P09281,Motor,Motor,South,2026-08,26968,26183
P09282,Motor,Motor,South,2026-08,14826,14394
P09283,Motor,Motor,South,2026-08,10147,9851
P09284,Motor,Motor,South,2026-08,16960,16466
P09285,Motor,Motor,South,2026-08,11558,11221
P09286,Motor,Motor,South,2026-08,11065,10743
P09287,Motor,Motor,South,2026-08,19634,19062
P09288,Motor,Motor,South,2026-08,24561,23846
P09289,Motor,Motor,South,2026-08,26278,25513
P09290,Motor,Motor,South,2026-08,15175,14733
P09291,Motor,Motor,South,2026-08,6774,6577
P09292,Motor,Motor,South,2026-08,17367,16861
P09293,Motor,Motor,South,2026-08,16092,15623
P09294,Motor,Motor,South,2026-08,10080,9786
P09295,Motor,Motor,South,2026-08,27832,27021
P09296,Motor,Motor,South,2026-08,29812,28944
P09297,Motor,Motor,South,2026-08,6392,6206
P09298,Motor,Motor,South,2026-08,25282,24546
P09299,Motor,Motor,South,2026-08,21473,20848
P09300,Motor,Motor,South,2026-08,11716,11375
P09301,Motor,Motor,South,2026-08,21206,20588
P09302,Motor,Motor,South,2026-08,8344,8101
P09303,Motor,Motor,South,2026-08,6840,6641
P09304,Motor,Motor,South,2026-08,30304,29421
P09305,Motor,Motor,South,2026-08,21236,20617
P09306,Motor,Motor,South,2026-08,11507,11172
P09307,Motor,Motor,South,2026-08,16505,16024
P09308,Motor,Motor,South,2026-08,29202,28351
P09309,Motor,Motor,South,2026-08,16217,15745
P09310,Motor,Motor,South,2026-08,27941,27127
P09311,Motor,Motor,South,2026-08,27137,26347
P09312,Motor,Motor,South,2026-08,13816,13414
P09313,Motor,Motor,South,2026-08,22751,22088
P09314,Motor,Motor,South,2026-08,21848,21212
P09315,Motor,Motor,South,2026-08,24659,23941
P09316,Motor,Motor,South,2026-08,14370,13951
P09317,Motor,Motor,South,2026-08,6405,6218
P09318,Motor,Motor,South,2026-08,9421,9147
P09319,Motor,Motor,South,2026-08,20733,20129
P09320,Motor,Motor,South,2026-08,24758,24037
P09321,Motor,Motor,South,2026-08,24275,23568
P09322,Motor,Motor,South,2026-08,19899,19319
P09323,Motor,Motor,South,2026-08,7231,7020
P09324,Motor,Motor,South,2026-08,5517,5356
P09325,Motor,Motor,South,2026-08,24937,24211
P09326,Motor,Motor,South,2026-08,19027,18473
P09327,Motor,Motor,South,2026-08,24952,24225
P09328,Motor,Motor,South,2026-08,9211,8943
P09329,Motor,Motor,South,2026-08,15423,14974
P09330,Motor,Motor,South,2026-08,28417,27589
P09331,Motor,Motor,South,2026-08,9435,9160
P09332,Motor,Motor,South,2026-08,6640,6447
P09333,Motor,Motor,South,2026-08,21670,21039
P09334,Motor,Motor,South,2026-08,20174,19586
P09335,Motor,Motor,South,2026-08,29251,28399
P09336,Motor,Motor,South,2026-08,28094,27276
P09337,Motor,Motor,South,2026-08,24106,23404
P09338,Motor,Motor,South,2026-08,5564,5402
P09339,Motor,Motor,South,2026-08,17275,16772
P09340,Motor,Motor,South,2026-08,27831,27020
P09341,Motor,Motor,South,2026-08,16089,15620
P09342,Motor,Motor,South,2026-08,29507,28648
P09343,Motor,Motor,South,2026-08,21645,21015
P09344,Motor,Motor,South,2026-08,7857,7628
P09345,Motor,Motor,South,2026-08,18009,17484
P09346,Motor,Motor,South,2026-08,22740,22078
P09347,Motor,Motor,South,2026-08,6738,6542
P09348,Motor,Motor,South,2026-08,13829,13426
P09349,Motor,Motor,South,2026-08,23285,22607
P09350,Motor,Motor,South,2026-08,9066,8802
P09351,Motor,Motor,South,2026-08,13923,13517
P09352,Motor,Motor,South,2026-08,22595,21937
P09353,Motor,Motor,South,2026-08,24769,24048
P09354,Motor,Motor,South,2026-08,18243,17712
P09355,Motor,Motor,South,2026-08,29374,28518
P09356,Motor,Motor,South,2026-08,28573,27741
P09357,Motor,Motor,South,2026-08,17099,16601
P09358,Motor,Motor,South,2026-08,9147,8881
P09359,Motor,Motor,South,2026-08,24704,23984
P09360,Motor,Motor,South,2026-08,11252,10924
P09361,Motor,Motor,South,2026-08,26478,25707
P09362,Motor,Motor,South,2026-08,19986,19404
P09363,Motor,Motor,South,2026-08,15084,14645
P09364,Motor,Motor,South,2026-08,19205,18646
P09365,Motor,Motor,South,2026-08,18607,18065
P09366,Motor,Motor,South,2026-08,28558,27726
P09367,Motor,Motor,South,2026-08,10520,10214
P09368,Motor,Motor,South,2026-08,28644,27810
P09369,Motor,Motor,South,2026-08,5874,5703
P09370,Motor,Motor,South,2026-08,24609,23892
P09371,Motor,Motor,South,2026-08,28429,27601
P09372,Motor,Motor,South,2026-08,15083,14644
P09373,Motor,Motor,South,2026-08,6933,6731
P09374,Motor,Motor,South,2026-08,25509,24766
P09375,Motor,Motor,South,2026-08,26479,25708
P09376,Motor,Motor,South,2026-08,13616,13219
P09377,Motor,Motor,South,2026-08,18245,17714
P09378,Motor,Motor,South,2026-08,25632,24885
P09379,Motor,Motor,South,2026-08,9954,9664
P09380,Motor,Motor,South,2026-08,21048,20435
P09381,Motor,Motor,South,2026-08,16012,15546
P09382,Motor,Motor,South,2026-08,9507,9230
P09383,Motor,Motor,South,2026-08,26189,25426
P09384,Motor,Motor,South,2026-08,13322,12934
P09385,Motor,Motor,South,2026-08,28804,27965
P09386,Motor,Motor,South,2026-08,19524,18955
P09387,Motor,Motor,South,2026-08,18141,17613
P09388,Motor,Motor,South,2026-08,15826,15365
P09389,Motor,Motor,South,2026-08,15251,14807
P09390,Motor,Motor,South,2026-08,25847,25094
P09391,Motor,Motor,South,2026-08,22280,21631
P09392,Motor,Motor,South,2026-08,24723,24003
P09393,Motor,Motor,South,2026-08,15769,15310
P09394,Motor,Motor,South,2026-08,11716,11375
P09395,Motor,Motor,South,2026-08,7284,7072
P09396,Motor,Motor,South,2026-08,24798,24076
P09397,Motor,Motor,South,2026-08,15622,15167
P09398,Motor,Motor,South,2026-08,18007,17483
P09399,Motor,Motor,South,2026-08,16995,16500
P09400,Motor,Motor,South,2026-08,16025,15558
P09401,Motor,Motor,South,2026-08,22443,21789
P09402,Motor,Motor,South,2026-08,20534,19936
P09403,Motor,Motor,South,2026-08,29759,28892
P09404,Motor,Motor,South,2026-08,8605,8354
P09405,Motor,Motor,South,2026-08,19640,19068
P09406,Motor,Motor,South,2026-08,6684,6489
P09407,Motor,Motor,South,2026-08,25591,24846
P09408,Motor,Motor,South,2026-08,20727,20123
P09409,Motor,Motor,South,2026-08,15955,15490
P09410,Motor,Motor,South,2026-08,25447,24706
P09411,Motor,Motor,South,2026-08,16631,16147
P09412,Motor,Motor,South,2026-08,10861,10545
P09413,Motor,Motor,South,2026-08,17075,16578
P09414,Motor,Motor,South,2026-08,6876,6676
P09415,Motor,Motor,South,2026-08,27875,27063
P09416,Motor,Motor,South,2026-08,23637,22949
P09417,Motor,Motor,South,2026-08,24383,23673
P09418,Motor,Motor,South,2026-08,27282,26487
P09419,Motor,Motor,South,2026-08,25176,24443
P09420,Motor,Motor,South,2026-08,16043,15576
P09421,Motor,Motor,South,2026-08,8091,7855
P09422,Motor,Motor,South,2026-08,14558,14134
P09423,Motor,Motor,South,2026-08,28795,27956
P09424,Motor,Motor,South,2026-08,29176,28326
P09425,Motor,Motor,South,2026-08,24575,23859
P09426,Motor,Motor,South,2026-08,10269,9970
P09427,Motor,Motor,South,2026-08,10016,9724
P09428,Motor,Motor,South,2026-08,27417,26618
P09429,Motor,Motor,South,2026-08,8682,8429
P09430,Motor,Motor,South,2026-08,19910,19330
P09431,Motor,Motor,South,2026-08,14683,14255
P09432,Motor,Motor,South,2026-08,12746,12375
P09433,Motor,Motor,South,2026-08,22277,21628
P09434,Motor,Motor,South,2026-08,29443,28585
P09435,Motor,Motor,South,2026-08,24823,24100
P09436,Motor,Motor,South,2026-08,17422,16915
P09437,Motor,Motor,South,2026-08,16268,15794
P09438,Motor,Motor,South,2026-08,28124,27305
P09439,Motor,Motor,South,2026-08,19756,19181
P09440,Motor,Motor,South,2026-08,17688,17173
P09441,Motor,Motor,South,2026-08,22416,21763
P09442,Motor,Motor,South,2026-08,11099,10776
P09443,Motor,Motor,South,2026-08,6696,6501
P09444,Motor,Motor,South,2026-08,26790,26010
P09445,Motor,Motor,South,2026-08,20497,19900
P09446,Motor,Motor,South,2026-08,9265,8995
P09447,Motor,Motor,South,2026-08,12645,12277
P09448,Motor,Motor,South,2026-08,30213,29333
P09449,Motor,Motor,South,2026-08,21186,20569
P09450,Motor,Motor,South,2026-08,21229,20611
P09451,Motor,Motor,South,2026-08,6910,6709
P09452,Motor,Motor,South,2026-08,29682,28817
P09453,Motor,Motor,South,2026-08,27746,26938
P09454,Motor,Motor,South,2026-08,18987,18434
P09455,Motor,Motor,South,2026-08,12934,12557
P09456,Motor,Motor,South,2026-08,22802,22138
P09457,Motor,Motor,South,2026-08,26238,25474
P09458,Motor,Motor,South,2026-08,25038,24309
P09459,Motor,Motor,South,2026-08,29885,29015
P09460,Motor,Motor,South,2026-08,21248,20629
P09461,Motor,Motor,South,2026-08,13234,12849
P09462,Motor,Motor,South,2026-08,17721,17205
P09463,Motor,Motor,South,2026-08,25805,25053
P09464,Motor,Motor,South,2026-08,11815,11471
P09465,Motor,Motor,South,2026-08,10954,10635
P09466,Motor,Motor,South,2026-08,23482,22798
P09467,Motor,Motor,South,2026-08,16363,15886
P09468,Motor,Motor,South,2026-08,25812,25060
P09469,Motor,Motor,South,2026-08,8726,8472
P09470,Motor,Motor,South,2026-08,13602,13206
P09471,Motor,Motor,South,2026-08,11885,11539
P09472,Motor,Motor,East,2026-08,18334,17800
P09473,Motor,Motor,East,2026-08,19589,19018
P09474,Motor,Motor,East,2026-08,13395,13005
P09475,Motor,Motor,East,2026-08,13845,13442
P09476,Motor,Motor,East,2026-08,6779,6582
P09477,Motor,Motor,East,2026-08,18415,17879
P09478,Motor,Motor,East,2026-08,24346,23637
P09479,Motor,Motor,East,2026-08,19969,19387
P09480,Motor,Motor,East,2026-08,8640,8388
P09481,Motor,Motor,East,2026-08,16808,16318
P09482,Motor,Motor,East,2026-08,10106,9812
P09483,Motor,Motor,East,2026-08,4700,4563
P09484,Motor,Motor,East,2026-08,7756,7530
P09485,Motor,Motor,East,2026-08,6179,5999
P09486,Motor,Motor,East,2026-08,8084,7849
P09487,Motor,Motor,East,2026-08,20330,19738
P09488,Motor,Motor,East,2026-08,10063,9770
P09489,Motor,Motor,East,2026-08,19542,18973
P09490,Motor,Motor,East,2026-08,23459,22776
P09491,Motor,Motor,East,2026-08,15810,15350
P09492,Motor,Motor,East,2026-08,13996,13588
P09493,Motor,Motor,East,2026-08,19401,18836
P09494,Motor,Motor,East,2026-08,6067,5890
P09495,Motor,Motor,East,2026-08,12828,12454
P09496,Motor,Motor,East,2026-08,14270,13854
P09497,Motor,Motor,East,2026-08,21053,20440
P09498,Motor,Motor,East,2026-08,20710,20107
P09499,Motor,Motor,East,2026-08,21405,20782
P09500,Motor,Motor,East,2026-08,18334,17800
P09501,Motor,Motor,East,2026-08,14917,14483
P09502,Motor,Motor,East,2026-08,20988,20377
P09503,Motor,Motor,East,2026-08,21916,21278
P09504,Motor,Motor,East,2026-08,13895,13490
P09505,Motor,Motor,East,2026-08,24210,23505
P09506,Motor,Motor,East,2026-08,21947,21308
P09507,Motor,Motor,East,2026-08,14508,14085
P09508,Motor,Motor,East,2026-08,5499,5339
P09509,Motor,Motor,East,2026-08,8667,8415
P09510,Motor,Motor,East,2026-08,19938,19357
P09511,Motor,Motor,East,2026-08,6354,6169
P09512,Motor,Motor,East,2026-08,13677,13279
P09513,Motor,Motor,East,2026-08,16435,15956
P09514,Motor,Motor,East,2026-08,22019,21378
P09515,Motor,Motor,East,2026-08,21382,20759
P09516,Motor,Motor,East,2026-08,19691,19117
P09517,Motor,Motor,East,2026-08,12408,12047
P09518,Motor,Motor,East,2026-08,6989,6785
P09519,Motor,Motor,East,2026-08,17758,17241
P09520,Motor,Motor,East,2026-08,7786,7559
P09521,Motor,Motor,East,2026-08,15546,15093
P09522,Motor,Motor,East,2026-08,24109,23407
P09523,Motor,Motor,East,2026-08,15321,14875
P09524,Motor,Motor,East,2026-08,17266,16763
P09525,Motor,Motor,East,2026-08,17920,17398
P09526,Motor,Motor,East,2026-08,21040,20427
P09527,Motor,Motor,East,2026-08,12966,12588
P09528,Motor,Motor,East,2026-08,14243,13828
P09529,Motor,Motor,East,2026-08,7678,7454
P09530,Motor,Motor,East,2026-08,16636,16151
P09531,Motor,Motor,East,2026-08,10123,9828
P09532,Motor,Motor,East,2026-08,14449,14028
P09533,Motor,Motor,East,2026-08,19737,19162
P09534,Motor,Motor,East,2026-08,4442,4313
P09535,Motor,Motor,East,2026-08,15598,15144
P09536,Motor,Motor,East,2026-08,7625,7403
P09537,Motor,Motor,East,2026-08,9789,9504
P09538,Motor,Motor,East,2026-08,4793,4653
P09539,Motor,Motor,East,2026-08,7544,7324
P09540,Motor,Motor,East,2026-08,24231,23525
P09541,Motor,Motor,East,2026-08,24473,23760
P09542,Motor,Motor,East,2026-08,18783,18236
P09543,Motor,Motor,East,2026-08,16578,16095
P09544,Motor,Motor,East,2026-08,19950,19369
P09545,Motor,Motor,East,2026-08,22391,21739
P09546,Motor,Motor,East,2026-08,14688,14260
P09547,Motor,Motor,East,2026-08,4804,4664
P09548,Motor,Motor,East,2026-08,18570,18029
P09549,Motor,Motor,East,2026-08,24189,23484
P09550,Motor,Motor,East,2026-08,9353,9081
P09551,Motor,Motor,East,2026-08,13548,13153
P09552,Motor,Motor,East,2026-08,11461,11127
P09553,Motor,Motor,East,2026-08,12057,11706
P09554,Motor,Motor,East,2026-08,18815,18267
P09555,Motor,Motor,East,2026-08,11811,11467
P09556,Motor,Motor,East,2026-08,23301,22622
P09557,Motor,Motor,East,2026-08,20209,19620
P09558,Motor,Motor,East,2026-08,4648,4513
P09559,Motor,Motor,East,2026-08,20798,20192
P09560,Motor,Motor,East,2026-08,19866,19287
P09561,Motor,Motor,East,2026-08,14630,14204
P09562,Motor,Motor,East,2026-08,14228,13814
P09563,Motor,Motor,East,2026-08,21145,20529
P09564,Motor,Motor,East,2026-08,12758,12386
P09565,Motor,Motor,East,2026-08,7340,7126
P09566,Motor,Motor,East,2026-08,10473,10168
P09567,Motor,Motor,East,2026-08,9500,9223
P09568,Motor,Motor,East,2026-08,17991,17467
P09569,Motor,Motor,East,2026-08,7736,7511
P09570,Motor,Motor,East,2026-08,17249,16747
P09571,Motor,Motor,East,2026-08,13599,13203
P09572,Motor,Motor,East,2026-08,21229,20611
P09573,Motor,Motor,East,2026-08,13987,13580
P09574,Motor,Motor,East,2026-08,23070,22398
P09575,Motor,Motor,East,2026-08,22472,21817
P09576,Motor,Motor,East,2026-08,7867,7638
P09577,Motor,Motor,East,2026-08,18095,17568
P09578,Motor,Motor,East,2026-08,8467,8220
P09579,Motor,Motor,East,2026-08,20896,20287
P09580,Motor,Motor,East,2026-08,17065,16568
P09581,Motor,Motor,East,2026-08,10090,9796
P09582,Motor,Motor,East,2026-08,9171,8904
P09583,Motor,Motor,East,2026-08,12855,12481
P09584,Motor,Motor,East,2026-08,20434,19839
P09585,Motor,Motor,East,2026-08,20341,19749
P09586,Motor,Motor,East,2026-08,4766,4627
P09587,Motor,Motor,East,2026-08,10257,9958
P09588,Motor,Motor,East,2026-08,12718,12348
P09589,Motor,Motor,East,2026-08,16041,15574
P09590,Motor,Motor,East,2026-08,7137,6929
P09591,Motor,Motor,East,2026-08,10930,10612
P09592,Motor,Motor,East,2026-08,22168,21522
P09593,Motor,Motor,East,2026-08,13814,13412
P09594,Motor,Motor,East,2026-08,19279,18717
P09595,Motor,Motor,East,2026-08,13983,13576
P09596,Motor,Motor,East,2026-08,13578,13183
P09597,Motor,Motor,East,2026-08,16783,16294
P09598,Motor,Motor,East,2026-08,9380,9107
P09599,Motor,Motor,East,2026-08,9185,8917
P09600,Motor,Motor,East,2026-08,24286,23579
P09601,Motor,Motor,East,2026-08,21828,21192
P09602,Motor,Motor,East,2026-08,19149,18591
P09603,Motor,Motor,East,2026-08,6885,6684
P09604,Motor,Motor,East,2026-08,4701,4564
P09605,Motor,Motor,East,2026-08,7665,7442
P09606,Motor,Motor,East,2026-08,23232,22555
P09607,Motor,Motor,East,2026-08,20752,20148
P09608,Motor,Motor,East,2026-08,14765,14335
P09609,Motor,Motor,East,2026-08,23866,23171
P09610,Motor,Motor,East,2026-08,7077,6871
P09611,Motor,Motor,East,2026-08,15502,15050
P09612,Motor,Motor,East,2026-08,7825,7597
P09613,Motor,Motor,East,2026-08,10341,10040
P09614,Motor,Motor,East,2026-08,23281,22603
P09615,Motor,Motor,East,2026-08,21813,21178
P09616,Motor,Motor,East,2026-08,6162,5983
P09617,Motor,Motor,East,2026-08,9179,8912
P09618,Motor,Motor,East,2026-08,16224,15751
P09619,Motor,Motor,East,2026-08,5336,5181
P09620,Motor,Motor,East,2026-08,15316,14870
P09621,Motor,Motor,East,2026-08,16019,15552
P09622,Motor,Motor,East,2026-08,10025,9733
P09623,Motor,Motor,East,2026-08,10069,9776
P09624,Motor,Motor,East,2026-08,8761,8506
P09625,Motor,Motor,East,2026-08,23190,22515
P09626,Motor,Motor,East,2026-08,12024,11674
P09627,Motor,Motor,East,2026-08,16035,15568
P09628,Motor,Motor,East,2026-08,10242,9944
P09629,Motor,Motor,East,2026-08,18432,17895
P09630,Motor,Motor,East,2026-08,6155,5976
P09631,Motor,Motor,East,2026-08,5547,5385
P09632,Motor,Motor,East,2026-08,19282,18720
P09633,Motor,Motor,East,2026-08,18922,18371
P09634,Motor,Motor,East,2026-08,9496,9219
P09635,Motor,Motor,East,2026-08,11334,11004
P09636,Motor,Motor,East,2026-08,23630,22942
P09637,Motor,Motor,East,2026-08,6214,6033
P09638,Motor,Motor,East,2026-08,7824,7596
P09639,Motor,Motor,East,2026-08,12865,12490
P09640,Motor,Motor,East,2026-08,9844,9557
P09641,Motor,Motor,East,2026-08,17336,16831
P09642,Motor,Motor,East,2026-08,18186,17656
P09643,Motor,Motor,East,2026-08,14832,14400
P09644,Motor,Motor,East,2026-08,16564,16082
P09645,Motor,Motor,East,2026-08,12934,12557
P09646,Motor,Motor,East,2026-08,19610,19039
P09647,Motor,Motor,East,2026-08,4944,4800
P09648,Motor,Motor,East,2026-08,10473,10168
P09649,Motor,Motor,East,2026-08,18060,17534
P09650,Motor,Motor,East,2026-08,10815,10500
P09651,Motor,Motor,East,2026-08,5688,5522
P09652,Motor,Motor,East,2026-08,11129,10805
P09653,Motor,Motor,East,2026-08,18612,18070
P09654,Motor,Motor,East,2026-08,6574,6383
P09655,Motor,Motor,East,2026-08,18881,18331
P09656,Motor,Motor,East,2026-08,19918,19338
P09657,Motor,Motor,East,2026-08,17057,16560
P09658,Motor,Motor,East,2026-08,9071,8807
P09659,Motor,Motor,East,2026-08,20528,19930
P09660,Motor,Motor,East,2026-08,8462,8216
P09661,Motor,Motor,East,2026-08,22581,21923
P09662,Motor,Motor,East,2026-08,18513,17974
P09663,Motor,Motor,East,2026-08,5202,5050
P09664,Motor,Motor,East,2026-08,20405,19811
P09665,Motor,Motor,East,2026-08,14425,14005
P09666,Motor,Motor,East,2026-08,13327,12939
P09667,Motor,Motor,East,2026-08,12670,12301
P09668,Motor,Motor,East,2026-08,16471,15991
P09669,Motor,Motor,East,2026-08,18880,18330
P09670,Motor,Motor,East,2026-08,22379,21727
P09671,Motor,Motor,East,2026-08,9657,9376
P09672,Motor,Motor,East,2026-08,16964,16470
P09673,Motor,Motor,East,2026-08,18099,17572
P09674,Motor,Motor,East,2026-08,17863,17343
P09675,Motor,Motor,East,2026-08,14151,13739
P09676,Motor,Motor,East,2026-08,12069,11717
P09677,Motor,Motor,East,2026-08,19651,19079
P09678,Motor,Motor,East,2026-08,10210,9913
P09679,Motor,Motor,East,2026-08,8333,8090
P09680,Motor,Motor,East,2026-08,15230,14786
P09681,Motor,Motor,East,2026-08,9548,9270
P09682,Motor,Motor,East,2026-08,4763,4624
P09683,Motor,Motor,East,2026-08,5137,4987
P09684,Motor,Motor,East,2026-08,18275,17743
P09685,Motor,Motor,East,2026-08,23955,23257
P09686,Motor,Motor,East,2026-08,13368,12979
P09687,Motor,Motor,East,2026-08,7086,6880
P09688,Motor,Motor,East,2026-08,20788,20183
P09689,Motor,Motor,East,2026-08,9422,9148
P09690,Motor,Motor,East,2026-08,24414,23703
P09691,Motor,Motor,East,2026-08,15586,15132
P09692,Motor,Motor,East,2026-08,8834,8577
P09693,Motor,Motor,East,2026-08,14212,13798
P09694,Motor,Motor,East,2026-08,10932,10614
P09695,Motor,Motor,East,2026-08,20001,19418
P09696,Motor,Motor,East,2026-08,6245,6063
P09697,Motor,Motor,East,2026-08,21584,20955
P09698,Motor,Motor,East,2026-08,19752,19177
P09699,Motor,Motor,East,2026-08,21672,21041
P09700,Motor,Motor,East,2026-08,22359,21708
P09701,Motor,Motor,East,2026-08,8776,8520
P09702,Motor,Motor,East,2026-08,14723,14294
P09703,Motor,Motor,East,2026-08,21438,20814
P09704,Motor,Motor,East,2026-08,11790,11447
P09705,Motor,Motor,East,2026-08,5318,5163
P09706,Motor,Motor,East,2026-08,10039,9747
P09707,Motor,Motor,East,2026-08,9024,8761
P09708,Motor,Motor,East,2026-08,21850,21214
P09709,Motor,Motor,East,2026-08,13556,13161
P09710,Motor,Motor,East,2026-08,18041,17516
P09711,Motor,Motor,East,2026-08,23730,23039
P09712,Motor,Motor,East,2026-08,10193,9896
P09713,Motor,Motor,East,2026-08,19628,19056
P09714,Motor,Motor,East,2026-08,4548,4416
P09715,Motor,Motor,East,2026-08,6210,6029
P09716,Motor,Motor,East,2026-08,7389,7174
P09717,Motor,Motor,East,2026-08,10464,10159
P09718,Motor,Motor,East,2026-08,12313,11954
P09719,Motor,Motor,East,2026-08,13825,13422
P09720,Motor,Motor,East,2026-08,9094,8829
P09721,Motor,Motor,East,2026-08,5436,5278
P09722,Motor,Motor,East,2026-08,17919,17397
P09723,Motor,Motor,East,2026-08,4567,4434
P09724,Motor,Motor,East,2026-08,20613,20013
P09725,Motor,Motor,East,2026-08,23057,22385
P09726,Motor,Motor,East,2026-08,18589,18048
P09727,Motor,Motor,East,2026-08,16253,15780
P09728,Motor,Motor,East,2026-08,17500,16990
P09729,Motor,Motor,East,2026-08,17402,16895
P09730,Motor,Motor,East,2026-08,23109,22436
P09731,Motor,Motor,East,2026-08,23774,23082
P09732,Motor,Motor,East,2026-08,12797,12424
P09733,Motor,Motor,East,2026-08,16684,16198
P09734,Motor,Motor,East,2026-08,20476,19880
P09735,Motor,Motor,East,2026-08,4106,3986
P09736,Motor,Motor,East,2026-08,14845,14413
P09737,Motor,Motor,East,2026-08,17415,16908
P09738,Motor,Motor,East,2026-08,18728,18183
P09739,Motor,Motor,East,2026-08,11614,11276
P09740,Motor,Motor,East,2026-08,10121,9826
P09741,Motor,Motor,East,2026-08,7803,7576
P09742,Motor,Motor,East,2026-08,15474,15023
P09743,Motor,Motor,East,2026-08,22856,22190
P09744,Motor,Motor,East,2026-08,22379,21727
P09745,Motor,Motor,East,2026-08,11434,11101
P09746,Motor,Motor,East,2026-08,9349,9077
P09747,Motor,Motor,East,2026-08,20191,19603
P09748,Motor,Motor,East,2026-08,18887,18337
P09749,Motor,Motor,East,2026-08,14402,13983
P09750,Motor,Motor,East,2026-08,12027,11677
P09751,Motor,Motor,East,2026-08,6612,6419
P09752,Motor,Motor,East,2026-08,20116,19530
P09753,Motor,Motor,East,2026-08,16692,16206
P09754,Motor,Motor,East,2026-08,11780,11437
P09755,Motor,Motor,East,2026-08,22845,22180
P09756,Motor,Motor,East,2026-08,17554,17043
P09757,Motor,Motor,East,2026-08,23059,22387
P09758,Motor,Motor,East,2026-08,13771,13370
P09759,Motor,Motor,East,2026-08,13367,12978
P09760,Motor,Motor,East,2026-08,23221,22545
P09761,Motor,Motor,East,2026-08,23683,22993
P09762,Motor,Motor,East,2026-08,23702,23012
P09763,Motor,Motor,East,2026-08,20805,20199
P09764,Motor,Motor,East,2026-08,13526,13132
P09765,Motor,Motor,East,2026-08,8378,8134
P09766,Motor,Motor,East,2026-08,11914,11567
P09767,Motor,Motor,East,2026-08,23243,22566
P09768,Motor,Motor,East,2026-08,11507,11172
P09769,Motor,Motor,East,2026-08,19536,18967
P09770,Motor,Motor,East,2026-08,22931,22263
P09771,Motor,Motor,East,2026-08,23899,23203
P09772,Motor,Motor,East,2026-08,23435,22752
P09773,Motor,Motor,East,2026-08,15418,14969
P09774,Motor,Motor,East,2026-08,14127,13716
P09775,Motor,Motor,East,2026-08,24251,23545
P09776,Motor,Motor,East,2026-08,8539,8290
P09777,Motor,Motor,East,2026-08,7913,7683
P09778,Motor,Motor,East,2026-08,23752,23060
P09779,Motor,Motor,East,2026-08,18157,17628
P09780,Motor,Motor,East,2026-08,15035,14597
P09781,Motor,Motor,East,2026-08,6780,6583
P09782,Motor,Motor,East,2026-08,14564,14140
P09783,Motor,Motor,East,2026-08,23365,22684
P09784,Motor,Motor,East,2026-08,16395,15917
P09785,Motor,Motor,East,2026-08,12347,11987
P09786,Motor,Motor,East,2026-08,15337,14890
P09787,Motor,Motor,East,2026-08,22179,21533
P09788,Motor,Motor,East,2026-08,22724,22062
P09789,Motor,Motor,East,2026-08,12254,11897
P09790,Motor,Motor,East,2026-08,16501,16020
P09791,Motor,Motor,East,2026-08,9785,9500
P09792,Motor,Motor,East,2026-08,13295,12908
P09793,Motor,Motor,East,2026-08,8574,8324
P09794,Motor,Motor,East,2026-08,14936,14501
P09795,Motor,Motor,East,2026-08,15891,15428
P09796,Motor,Motor,East,2026-08,10982,10662
P09797,Motor,Motor,East,2026-08,9641,9360
P09798,Motor,Motor,East,2026-08,7168,6959
P09799,Motor,Motor,East,2026-08,6933,6731
P09800,Motor,Motor,East,2026-08,18611,18069
P09801,Motor,Motor,East,2026-08,8610,8359
P09802,Motor,Motor,East,2026-08,6493,6304
P09803,Motor,Motor,East,2026-08,24480,23767
P09804,Motor,Motor,East,2026-08,9392,9118
P09805,Motor,Motor,East,2026-08,22381,21729
P09806,Motor,Motor,East,2026-08,16523,16042
P09807,Motor,Motor,East,2026-08,18685,18141
P09808,Motor,Motor,East,2026-08,15538,15085
P09809,Motor,Motor,East,2026-08,7775,7549
P09810,Motor,Motor,East,2026-08,21381,20758
P09811,Motor,Motor,East,2026-08,20990,20379
P09812,Motor,Motor,East,2026-08,11224,10897
P09813,Motor,Motor,East,2026-08,19681,19108
P09814,Motor,Motor,East,2026-08,15173,14731
P09815,Motor,Motor,East,2026-08,22647,21987
P09816,Motor,Motor,East,2026-08,20477,19881
P09817,Motor,Motor,East,2026-08,4921,4778
P09818,Motor,Motor,East,2026-08,22038,21396
P09819,Motor,Motor,East,2026-08,23862,23167
P09820,Motor,Motor,East,2026-08,19238,18678
P09821,Motor,Motor,East,2026-08,6532,6342
P09822,Motor,Motor,East,2026-08,20570,19971
P09823,Motor,Motor,East,2026-08,17305,16801
P09824,Motor,Motor,East,2026-08,11002,10682
P09825,Motor,Motor,East,2026-08,22136,21491
P09826,Motor,Motor,East,2026-08,15632,15177
P09827,Motor,Motor,East,2026-08,21500,20874
P09828,Motor,Motor,East,2026-08,17768,17250
P09829,Motor,Motor,East,2026-08,9976,9685
P09830,Motor,Motor,East,2026-08,23993,23294
P09831,Motor,Motor,East,2026-08,15744,15285
P09832,Motor,Motor,East,2026-08,14635,14209
P09833,Motor,Motor,East,2026-08,12323,11964
P09834,Motor,Motor,East,2026-08,6868,6668
P09835,Motor,Motor,East,2026-08,18096,17569
P09836,Motor,Motor,East,2026-08,12880,12505
P09837,Motor,Motor,East,2026-08,23168,22493
P09838,Motor,Motor,East,2026-08,23791,23098
P09839,Motor,Motor,East,2026-08,19758,19183
P09840,Motor,Motor,East,2026-08,9035,8772
P09841,Motor,Motor,East,2026-08,18704,18159
P09842,Motor,Motor,East,2026-08,4501,4370
P09843,Motor,Motor,East,2026-08,20958,20348
P09844,Motor,Motor,East,2026-08,14164,13751
P09845,Motor,Motor,East,2026-08,23212,22536
P09846,Motor,Motor,East,2026-08,11798,11454
P09847,Motor,Motor,East,2026-08,9457,9182
P09848,Motor,Motor,East,2026-08,24403,23692
P09849,Motor,Motor,East,2026-08,14921,14486
P09850,Motor,Motor,East,2026-08,21709,21077
P09851,Motor,Motor,East,2026-08,22687,22026
P09852,Motor,Motor,East,2026-08,14670,14243
P09853,Motor,Motor,East,2026-08,13389,12999
P09854,Motor,Motor,East,2026-08,15374,14926
P09855,Motor,Motor,East,2026-08,21394,20771
P09856,Motor,Motor,East,2026-08,23782,23089
P09857,Motor,Motor,East,2026-08,10788,10474
P09858,Motor,Motor,East,2026-08,19166,18608
P09859,Motor,Motor,East,2026-08,9911,9622
P09860,Motor,Motor,East,2026-08,16559,16077
P09861,Motor,Motor,East,2026-08,20518,19920
P09862,Motor,Motor,East,2026-08,22185,21539
P09863,Motor,Motor,East,2026-08,13247,12861
P09864,Motor,Motor,East,2026-08,11634,11295
P09865,Motor,Motor,East,2026-08,9260,8990
P09866,Motor,Motor,East,2026-08,6808,6610
P09867,Motor,Motor,East,2026-08,11535,11199
P09868,Motor,Motor,East,2026-08,21890,21252
P09869,Motor,Motor,East,2026-08,12636,12268
P09870,Motor,Motor,East,2026-08,10563,10255
P09871,Motor,Motor,East,2026-08,19177,18618
P09872,Motor,Motor,East,2026-08,8486,8239
P09873,Motor,Motor,East,2026-08,9317,9046
P09874,Motor,Motor,East,2026-08,23195,22519
P09875,Motor,Motor,East,2026-08,5749,5582
P09876,Motor,Motor,East,2026-08,12551,12185
P09877,Motor,Motor,East,2026-08,15861,15399
P09878,Motor,Motor,East,2026-08,8786,8530
P09879,Motor,Motor,East,2026-08,9822,9536
P09880,Motor,Motor,East,2026-08,8614,8363
P09881,Motor,Motor,East,2026-08,11132,10808
P09882,Motor,Motor,East,2026-08,22431,21778
P09883,Motor,Motor,East,2026-08,12897,12521
P09884,Motor,Motor,East,2026-08,12615,12248
P09885,Motor,Motor,East,2026-08,11978,11629
P09886,Motor,Motor,West,2026-08,25374,24635
P09887,Motor,Motor,West,2026-08,6916,6715
P09888,Motor,Motor,West,2026-08,23363,22683
P09889,Motor,Motor,West,2026-08,11491,11156
P09890,Motor,Motor,West,2026-08,25208,24474
P09891,Motor,Motor,West,2026-08,11230,10903
P09892,Motor,Motor,West,2026-08,6166,5986
P09893,Motor,Motor,West,2026-08,15695,15238
P09894,Motor,Motor,West,2026-08,9327,9055
P09895,Motor,Motor,West,2026-08,20772,20167
P09896,Motor,Motor,West,2026-08,18686,18142
P09897,Motor,Motor,West,2026-08,19323,18760
P09898,Motor,Motor,West,2026-08,8577,8327
P09899,Motor,Motor,West,2026-08,19806,19229
P09900,Motor,Motor,West,2026-08,11146,10821
P09901,Motor,Motor,West,2026-08,26128,25367
P09902,Motor,Motor,West,2026-08,20310,19718
P09903,Motor,Motor,West,2026-08,17229,16727
P09904,Motor,Motor,West,2026-08,23260,22583
P09905,Motor,Motor,West,2026-08,17205,16704
P09906,Motor,Motor,West,2026-08,16408,15930
P09907,Motor,Motor,West,2026-08,9533,9255
P09908,Motor,Motor,West,2026-08,19140,18583
P09909,Motor,Motor,West,2026-08,12526,12161
P09910,Motor,Motor,West,2026-08,5298,5144
P09911,Motor,Motor,West,2026-08,22147,21502
P09912,Motor,Motor,West,2026-08,5490,5330
P09913,Motor,Motor,West,2026-08,19014,18460
P09914,Motor,Motor,West,2026-08,7775,7549
P09915,Motor,Motor,West,2026-08,13789,13387
P09916,Motor,Motor,West,2026-08,23085,22413
P09917,Motor,Motor,West,2026-08,6418,6231
P09918,Motor,Motor,West,2026-08,18902,18351
P09919,Motor,Motor,West,2026-08,17713,17197
P09920,Motor,Motor,West,2026-08,23269,22591
P09921,Motor,Motor,West,2026-08,8125,7888
P09922,Motor,Motor,West,2026-08,21793,21158
P09923,Motor,Motor,West,2026-08,14171,13758
P09924,Motor,Motor,West,2026-08,13702,13303
P09925,Motor,Motor,West,2026-08,12246,11889
P09926,Motor,Motor,West,2026-08,12764,12392
P09927,Motor,Motor,West,2026-08,15693,15236
P09928,Motor,Motor,West,2026-08,6688,6493
P09929,Motor,Motor,West,2026-08,13625,13228
P09930,Motor,Motor,West,2026-08,18571,18030
P09931,Motor,Motor,West,2026-08,15218,14775
P09932,Motor,Motor,West,2026-08,7974,7742
P09933,Motor,Motor,West,2026-08,12272,11915
P09934,Motor,Motor,West,2026-08,14014,13606
P09935,Motor,Motor,West,2026-08,18939,18387
P09936,Motor,Motor,West,2026-08,23994,23295
P09937,Motor,Motor,West,2026-08,16356,15880
P09938,Motor,Motor,West,2026-08,19102,18546
P09939,Motor,Motor,West,2026-08,6042,5866
P09940,Motor,Motor,West,2026-08,25164,24431
P09941,Motor,Motor,West,2026-08,11230,10903
P09942,Motor,Motor,West,2026-08,12082,11730
P09943,Motor,Motor,West,2026-08,9216,8948
P09944,Motor,Motor,West,2026-08,6205,6024
P09945,Motor,Motor,West,2026-08,21581,20952
P09946,Motor,Motor,West,2026-08,9602,9322
P09947,Motor,Motor,West,2026-08,10521,10215
P09948,Motor,Motor,West,2026-08,8322,8080
P09949,Motor,Motor,West,2026-08,25609,24863
P09950,Motor,Motor,West,2026-08,21384,20761
P09951,Motor,Motor,West,2026-08,24628,23911
P09952,Motor,Motor,West,2026-08,23142,22468
P09953,Motor,Motor,West,2026-08,24114,23412
P09954,Motor,Motor,West,2026-08,14801,14370
P09955,Motor,Motor,West,2026-08,8076,7841
P09956,Motor,Motor,West,2026-08,11484,11150
P09957,Motor,Motor,West,2026-08,10734,10421
P09958,Motor,Motor,West,2026-08,19991,19409
P09959,Motor,Motor,West,2026-08,4919,4776
P09960,Motor,Motor,West,2026-08,7455,7238
P09961,Motor,Motor,West,2026-08,19245,18684
P09962,Motor,Motor,West,2026-08,7050,6845
P09963,Motor,Motor,West,2026-08,5412,5254
P09964,Motor,Motor,West,2026-08,6740,6544
P09965,Motor,Motor,West,2026-08,19414,18849
P09966,Motor,Motor,West,2026-08,7396,7181
P09967,Motor,Motor,West,2026-08,7549,7329
P09968,Motor,Motor,West,2026-08,9379,9106
P09969,Motor,Motor,West,2026-08,20727,20123
P09970,Motor,Motor,West,2026-08,8726,8472
P09971,Motor,Motor,West,2026-08,5130,4981
P09972,Motor,Motor,West,2026-08,24105,23403
P09973,Motor,Motor,West,2026-08,23460,22777
P09974,Motor,Motor,West,2026-08,8388,8144
P09975,Motor,Motor,West,2026-08,10143,9848
P09976,Motor,Motor,West,2026-08,8470,8223
P09977,Motor,Motor,West,2026-08,20043,19459
P09978,Motor,Motor,West,2026-08,9809,9523
P09979,Motor,Motor,West,2026-08,24662,23944
P09980,Motor,Motor,West,2026-08,22399,21747
P09981,Motor,Motor,West,2026-08,17185,16684
P09982,Motor,Motor,West,2026-08,4555,4422
P09983,Motor,Motor,West,2026-08,23621,22933
P09984,Motor,Motor,West,2026-08,20222,19633
P09985,Motor,Motor,West,2026-08,21533,20906
P09986,Motor,Motor,West,2026-08,5925,5752
P09987,Motor,Motor,West,2026-08,19804,19227
P09988,Motor,Motor,West,2026-08,21897,21259
P09989,Motor,Motor,West,2026-08,25211,24477
P09990,Motor,Motor,West,2026-08,17011,16516
P09991,Motor,Motor,West,2026-08,15434,14984
P09992,Motor,Motor,West,2026-08,13632,13235
P09993,Motor,Motor,West,2026-08,19645,19073
P09994,Motor,Motor,West,2026-08,24431,23719
P09995,Motor,Motor,West,2026-08,17433,16925
P09996,Motor,Motor,West,2026-08,9313,9042
P09997,Motor,Motor,West,2026-08,4742,4604
P09998,Motor,Motor,West,2026-08,17854,17334
P09999,Motor,Motor,West,2026-08,23205,22529
P10000,Motor,Motor,West,2026-08,5798,5629
P10001,Motor,Motor,West,2026-08,13025,12646
P10002,Motor,Motor,West,2026-08,24850,24126
P10003,Motor,Motor,West,2026-08,15294,14849
P10004,Motor,Motor,West,2026-08,9169,8902
P10005,Motor,Motor,West,2026-08,12069,11717
P10006,Motor,Motor,West,2026-08,13256,12870
P10007,Motor,Motor,West,2026-08,6916,6715
P10008,Motor,Motor,West,2026-08,18762,18216
P10009,Motor,Motor,West,2026-08,17267,16764
P10010,Motor,Motor,West,2026-08,18478,17940
P10011,Motor,Motor,West,2026-08,17673,17158
P10012,Motor,Motor,West,2026-08,4723,4585
P10013,Motor,Motor,West,2026-08,8162,7924
P10014,Motor,Motor,West,2026-08,7968,7736
P10015,Motor,Motor,West,2026-08,6494,6305
P10016,Motor,Motor,West,2026-08,20391,19797
P10017,Motor,Motor,West,2026-08,6978,6775
P10018,Motor,Motor,West,2026-08,18924,18373
P10019,Motor,Motor,West,2026-08,8248,8008
P10020,Motor,Motor,West,2026-08,6938,6736
P10021,Motor,Motor,West,2026-08,7902,7672
P10022,Motor,Motor,West,2026-08,15441,14991
P10023,Motor,Motor,West,2026-08,18429,17892
P10024,Motor,Motor,West,2026-08,22057,21415
P10025,Motor,Motor,West,2026-08,7162,6953
P10026,Motor,Motor,West,2026-08,17790,17272
P10027,Motor,Motor,West,2026-08,21227,20609
P10028,Motor,Motor,West,2026-08,11169,10844
P10029,Motor,Motor,West,2026-08,6097,5919
P10030,Motor,Motor,West,2026-08,7759,7533
P10031,Motor,Motor,West,2026-08,6355,6170
P10032,Motor,Motor,West,2026-08,23698,23008
P10033,Motor,Motor,West,2026-08,12570,12204
P10034,Motor,Motor,West,2026-08,15767,15308
P10035,Motor,Motor,West,2026-08,21115,20500
P10036,Motor,Motor,West,2026-08,12457,12094
P10037,Motor,Motor,West,2026-08,18508,17969
P10038,Motor,Motor,West,2026-08,6031,5855
P10039,Motor,Motor,West,2026-08,14841,14409
P10040,Motor,Motor,West,2026-08,6463,6275
P10041,Motor,Motor,West,2026-08,9772,9487
P10042,Motor,Motor,West,2026-08,10753,10440
P10043,Motor,Motor,West,2026-08,20001,19418
P10044,Motor,Motor,West,2026-08,19053,18498
P10045,Motor,Motor,West,2026-08,20643,20042
P10046,Motor,Motor,West,2026-08,5705,5539
P10047,Motor,Motor,West,2026-08,26024,25266
P10048,Motor,Motor,West,2026-08,5546,5384
P10049,Motor,Motor,West,2026-08,22358,21707
P10050,Motor,Motor,West,2026-08,20495,19898
P10051,Motor,Motor,West,2026-08,17258,16755
P10052,Motor,Motor,West,2026-08,13926,13520
P10053,Motor,Motor,West,2026-08,20863,20255
P10054,Motor,Motor,West,2026-08,20486,19889
P10055,Motor,Motor,West,2026-08,7349,7135
P10056,Motor,Motor,West,2026-08,21636,21006
P10057,Motor,Motor,West,2026-08,6072,5895
P10058,Motor,Motor,West,2026-08,15270,14825
P10059,Motor,Motor,West,2026-08,18421,17884
P10060,Motor,Motor,West,2026-08,22270,21621
P10061,Motor,Motor,West,2026-08,14454,14033
P10062,Motor,Motor,West,2026-08,9522,9245
P10063,Motor,Motor,West,2026-08,15054,14616
P10064,Motor,Motor,West,2026-08,9813,9527
P10065,Motor,Motor,West,2026-08,15884,15421
P10066,Motor,Motor,West,2026-08,14441,14020
P10067,Motor,Motor,West,2026-08,21372,20750
P10068,Motor,Motor,West,2026-08,9592,9313
P10069,Motor,Motor,West,2026-08,8719,8465
P10070,Motor,Motor,West,2026-08,14695,14267
P10071,Motor,Motor,West,2026-08,5460,5301
P10072,Motor,Motor,West,2026-08,9359,9086
P10073,Motor,Motor,West,2026-08,12070,11718
P10074,Motor,Motor,West,2026-08,14989,14552
P10075,Motor,Motor,West,2026-08,10232,9934
P10076,Motor,Motor,West,2026-08,16580,16097
P10077,Motor,Motor,West,2026-08,23507,22822
P10078,Motor,Motor,West,2026-08,16211,15739
P10079,Motor,Motor,West,2026-08,10612,10303
P10080,Motor,Motor,West,2026-08,5710,5544
P10081,Motor,Motor,West,2026-08,7339,7125
P10082,Motor,Motor,West,2026-08,16592,16109
P10083,Motor,Motor,West,2026-08,19262,18701
P10084,Motor,Motor,West,2026-08,5443,5284
P10085,Motor,Motor,West,2026-08,8404,8159
P10086,Motor,Motor,West,2026-08,11315,10985
P10087,Motor,Motor,West,2026-08,11330,11000
P10088,Motor,Motor,West,2026-08,25249,24514
P10089,Motor,Motor,West,2026-08,8801,8545
P10090,Motor,Motor,West,2026-08,5723,5556
P10091,Motor,Motor,West,2026-08,12054,11703
P10092,Motor,Motor,West,2026-08,7290,7078
P10093,Motor,Motor,West,2026-08,7118,6911
P10094,Motor,Motor,West,2026-08,13241,12855
P10095,Motor,Motor,West,2026-08,11037,10716
P10096,Motor,Motor,West,2026-08,6359,6174
P10097,Motor,Motor,West,2026-08,17532,17021
P10098,Motor,Motor,West,2026-08,15296,14850
P10099,Motor,Motor,West,2026-08,6040,5864
P10100,Motor,Motor,West,2026-08,23165,22490
P10101,Motor,Motor,West,2026-08,10566,10258
P10102,Motor,Motor,West,2026-08,25314,24577
P10103,Motor,Motor,West,2026-08,24664,23946
P10104,Motor,Motor,West,2026-08,13822,13419
P10105,Motor,Motor,West,2026-08,9341,9069
P10106,Motor,Motor,West,2026-08,22557,21900
P10107,Motor,Motor,West,2026-08,12234,11878
P10108,Motor,Motor,West,2026-08,7925,7694
P10109,Motor,Motor,West,2026-08,16383,15906
P10110,Motor,Motor,West,2026-08,15027,14589
P10111,Motor,Motor,West,2026-08,22888,22221
P10112,Motor,Motor,West,2026-08,20256,19666
P10113,Motor,Motor,West,2026-08,23456,22773
P10114,Motor,Motor,West,2026-08,20373,19780
P10115,Motor,Motor,West,2026-08,18357,17822
P10116,Motor,Motor,West,2026-08,15262,14817
P10117,Motor,Motor,West,2026-08,25885,25131
P10118,Motor,Motor,West,2026-08,25266,24530
P10119,Motor,Motor,West,2026-08,22862,22196
P10120,Motor,Motor,West,2026-08,21259,20640
P10121,Motor,Motor,West,2026-08,16949,16455
P10122,Motor,Motor,West,2026-08,10021,9729
P10123,Motor,Motor,West,2026-08,23442,22759
P10124,Motor,Motor,West,2026-08,4595,4461
P10125,Motor,Motor,West,2026-08,9317,9046
P10126,Motor,Motor,West,2026-08,13159,12776
P10127,Motor,Motor,West,2026-08,17136,16637
P10128,Motor,Motor,West,2026-08,16585,16102
P10129,Motor,Motor,West,2026-08,8192,7953
P10130,Motor,Motor,West,2026-08,6644,6450
P10131,Motor,Motor,West,2026-08,9205,8937
P10132,Motor,Motor,West,2026-08,11960,11612
P10133,Motor,Motor,West,2026-08,4666,4530
P10134,Motor,Motor,West,2026-08,19453,18886
P10135,Motor,Motor,West,2026-08,9759,9475
P10136,Motor,Motor,West,2026-08,12019,11669
P10137,Motor,Motor,West,2026-08,11660,11320
P10138,Motor,Motor,West,2026-08,15516,15064
P10139,Motor,Motor,West,2026-08,23101,22428
P10140,Motor,Motor,West,2026-08,7616,7394
P10141,Motor,Motor,West,2026-08,11786,11443
P10142,Motor,Motor,West,2026-08,19443,18877
P10143,Motor,Motor,West,2026-08,5323,5168
P10144,Motor,Motor,West,2026-08,22451,21797
P10145,Motor,Motor,West,2026-08,25325,24587
P10146,Motor,Motor,West,2026-08,17604,17091
P10147,Motor,Motor,West,2026-08,25208,24474
P10148,Motor,Motor,West,2026-08,13363,12974
P10149,Motor,Motor,West,2026-08,13405,13015
P10150,Motor,Motor,West,2026-08,6675,6481
P10151,Motor,Motor,West,2026-08,5132,4983
P10152,Motor,Motor,West,2026-08,9689,9407
P10153,Motor,Motor,West,2026-08,14782,14351
P10154,Motor,Motor,West,2026-08,15425,14976
P10155,Motor,Motor,West,2026-08,9102,8837
P10156,Motor,Motor,West,2026-08,17717,17201
P10157,Motor,Motor,West,2026-08,8309,8067
P10158,Motor,Motor,West,2026-08,11470,11136
P10159,Motor,Motor,West,2026-08,8625,8374
P10160,Motor,Motor,West,2026-08,19544,18975
P10161,Motor,Motor,West,2026-08,15619,15164
P10162,Motor,Motor,West,2026-08,20404,19810
P10163,Motor,Motor,West,2026-08,5607,5444
P10164,Motor,Motor,West,2026-08,13631,13234
P10165,Motor,Motor,West,2026-08,25436,24695
P10166,Motor,Motor,West,2026-08,5528,5367
P10167,Motor,Motor,West,2026-08,13479,13086
P10168,Motor,Motor,West,2026-08,5240,5087
P10169,Motor,Motor,West,2026-08,7556,7336
P10170,Motor,Motor,West,2026-08,14442,14021
P10171,Motor,Motor,West,2026-08,7793,7566
P10172,Motor,Motor,West,2026-08,15666,15210
P10173,Motor,Motor,West,2026-08,24472,23759
P10174,Motor,Motor,West,2026-08,8728,8474
P10175,Motor,Motor,West,2026-08,6696,6501
P10176,Motor,Motor,West,2026-08,22348,21697
P10177,Motor,Motor,West,2026-08,14392,13973
P10178,Motor,Motor,West,2026-08,23597,22910
P10179,Motor,Motor,West,2026-08,11032,10711
P10180,Motor,Motor,West,2026-08,18037,17512
P10181,Motor,Motor,West,2026-08,24485,23772
P10182,Motor,Motor,West,2026-08,8102,7866
P10183,Motor,Motor,West,2026-08,21813,21178
P10184,Motor,Motor,West,2026-08,18125,17597
P10185,Motor,Motor,West,2026-08,22079,21436
P10186,Motor,Motor,West,2026-08,8080,7845
P10187,Motor,Motor,West,2026-08,13822,13419
P10188,Motor,Motor,West,2026-08,7168,6959
P10189,Motor,Motor,West,2026-08,25286,24550
P10190,Motor,Motor,West,2026-08,5726,5559
P10191,Motor,Motor,West,2026-08,5787,5618
P10192,Motor,Motor,West,2026-08,23936,23239
P10193,Motor,Motor,West,2026-08,10915,10597
P10194,Motor,Motor,West,2026-08,17373,16867
P10195,Motor,Motor,West,2026-08,10625,10316
P10196,Motor,Motor,West,2026-08,18501,17962
P10197,Motor,Motor,West,2026-08,8555,8306
P10198,Motor,Motor,West,2026-08,14361,13943
P10199,Motor,Motor,West,2026-08,15988,15522
P10200,Motor,Motor,West,2026-08,11632,11293
P10201,Motor,Motor,West,2026-08,9846,9559
P10202,Motor,Motor,West,2026-08,7416,7200
P10203,Motor,Motor,West,2026-08,19751,19176
P10204,Motor,Motor,West,2026-08,8028,7794
P10205,Motor,Motor,West,2026-08,10726,10414
P10206,Motor,Motor,West,2026-08,11703,11362
P10207,Motor,Motor,West,2026-08,14263,13848
P10208,Motor,Motor,West,2026-08,19673,19100
P10209,Motor,Motor,West,2026-08,13688,13289
P10210,Motor,Motor,West,2026-08,23347,22667
P10211,Motor,Motor,West,2026-08,19177,18618
P10212,Motor,Motor,West,2026-08,22636,21977
P10213,Motor,Motor,West,2026-08,19974,19392
P10214,Motor,Motor,West,2026-08,7599,7378
P10215,Motor,Motor,West,2026-08,25676,24928
P10216,Motor,Motor,West,2026-08,21504,20878
P10217,Motor,Motor,West,2026-08,16843,16352
P10218,Motor,Motor,West,2026-08,7961,7729
P10219,Motor,Motor,West,2026-08,8124,7887
P10220,Motor,Motor,West,2026-08,17750,17233
P10221,Motor,Motor,West,2026-08,13431,13040
P10222,Motor,Motor,West,2026-08,19091,18535
P10223,Motor,Motor,West,2026-08,12477,12114
P10224,Motor,Motor,West,2026-08,15538,15085
P10225,Motor,Motor,West,2026-08,8456,8210
P10226,Motor,Motor,West,2026-08,7743,7517
P10227,Motor,Motor,West,2026-08,6008,5833
P10228,Motor,Motor,West,2026-08,22225,21578
P10229,Motor,Motor,West,2026-08,16466,15986
P10230,Motor,Motor,West,2026-08,25004,24276
P10231,Motor,Motor,West,2026-08,20696,20093
P10232,Motor,Motor,West,2026-08,21116,20501
P10233,Motor,Motor,West,2026-08,15455,15005
P10234,Motor,Motor,West,2026-08,22134,21489
P10235,Motor,Motor,West,2026-08,24894,24169
P10236,Motor,Motor,West,2026-08,20091,19506
P10237,Motor,Motor,West,2026-08,6661,6467
P10238,Motor,Motor,West,2026-08,18549,18009
P10239,Motor,Motor,West,2026-08,6984,6781
P10240,Motor,Motor,West,2026-08,6043,5867
P10241,Motor,Motor,West,2026-08,19463,18896
P10242,Motor,Motor,West,2026-08,22555,21898
P10243,Motor,Motor,West,2026-08,7822,7594
P10244,Motor,Motor,West,2026-08,5976,5802
P10245,Motor,Motor,West,2026-08,23683,22993
P10246,Motor,Motor,West,2026-08,7241,7030
P10247,Motor,Motor,West,2026-08,5124,4975
P10248,Motor,Motor,West,2026-08,20077,19492
P10249,Motor,Motor,West,2026-08,22837,22172
P10250,Motor,Motor,West,2026-08,15574,15120
P10251,Motor,Motor,West,2026-08,16128,15658
P10252,Motor,Motor,West,2026-08,11702,11361
P10253,Motor,Motor,West,2026-08,9557,9279
P10254,Motor,Motor,West,2026-08,20821,20215
P10255,Motor,Motor,West,2026-08,22871,22205
P10256,Motor,Motor,West,2026-08,11362,11031
P10257,Motor,Motor,West,2026-08,10328,10027
P10258,Motor,Motor,West,2026-08,10196,9899
P10259,Motor,Motor,West,2026-08,5462,5303
P10260,Motor,Motor,West,2026-08,10486,10181
P10261,Motor,Motor,West,2026-08,4918,4775
P10262,Motor,Motor,West,2026-08,21545,20917
P10263,Motor,Motor,West,2026-08,9937,9648
P10264,Motor,Motor,West,2026-08,19403,18838
P10265,Motor,Motor,West,2026-08,16200,15728
P10266,Motor,Motor,West,2026-08,22614,21955
P10267,Motor,Motor,West,2026-08,25293,24556
P10268,Motor,Motor,West,2026-08,12365,12005
P10269,Motor,Motor,West,2026-08,6285,6102
P10270,Motor,Motor,West,2026-08,20700,20097
P10271,Health,Health,North,2026-08,6679,6484
P10272,Health,Health,North,2026-08,12765,12393
P10273,Health,Health,North,2026-08,7643,7420
P10274,Health,Health,North,2026-08,33141,32176
P10275,Health,Health,North,2026-08,6195,6015
P10276,Health,Health,North,2026-08,20907,20298
P10277,Health,Health,North,2026-08,18833,18284
P10278,Health,Health,North,2026-08,25736,24986
P10279,Health,Health,North,2026-08,14780,14350
P10280,Health,Health,North,2026-08,32404,31460
P10281,Health,Health,North,2026-08,28198,27377
P10282,Health,Health,North,2026-08,19083,18527
P10283,Health,Health,North,2026-08,16842,16351
P10284,Health,Health,North,2026-08,30659,29766
P10285,Health,Health,North,2026-08,28884,28043
P10286,Health,Health,North,2026-08,18078,17551
P10287,Health,Health,North,2026-08,16339,15863
P10288,Health,Health,North,2026-08,7210,7000
P10289,Health,Health,North,2026-08,8502,8254
P10290,Health,Health,North,2026-08,7663,7440
P10291,Health,Health,North,2026-08,6773,6576
P10292,Health,Health,North,2026-08,10649,10339
P10293,Health,Health,North,2026-08,31904,30975
P10294,Health,Health,North,2026-08,30124,29247
P10295,Health,Health,North,2026-08,31555,30636
P10296,Health,Health,North,2026-08,24862,24138
P10297,Health,Health,North,2026-08,24870,24146
P10298,Health,Health,North,2026-08,9776,9491
P10299,Health,Health,North,2026-08,27130,26340
P10300,Health,Health,North,2026-08,14487,14065
P10301,Health,Health,North,2026-08,21707,21075
P10302,Health,Health,North,2026-08,34849,33834
P10303,Health,Health,North,2026-08,32311,31370
P10304,Health,Health,North,2026-08,13074,12693
P10305,Health,Health,North,2026-08,28267,27444
P10306,Health,Health,North,2026-08,9177,8910
P10307,Health,Health,North,2026-08,6843,6644
P10308,Health,Health,North,2026-08,6887,6686
P10309,Health,Health,North,2026-08,11173,10848
P10310,Health,Health,North,2026-08,27010,26223
P10311,Health,Health,North,2026-08,17000,16505
P10312,Health,Health,North,2026-08,6517,6327
P10313,Health,Health,North,2026-08,35854,34810
P10314,Health,Health,North,2026-08,22133,21488
P10315,Health,Health,North,2026-08,17923,17401
P10316,Health,Health,North,2026-08,21695,21063
P10317,Health,Health,North,2026-08,21729,21096
P10318,Health,Health,North,2026-08,20227,19638
P10319,Health,Health,North,2026-08,24535,23820
P10320,Health,Health,North,2026-08,32764,31810
P10321,Health,Health,North,2026-08,15142,14701
P10322,Health,Health,North,2026-08,20733,20129
P10323,Health,Health,North,2026-08,6146,5967
P10324,Health,Health,North,2026-08,31985,31053
P10325,Health,Health,North,2026-08,15268,14823
P10326,Health,Health,North,2026-08,14223,13809
P10327,Health,Health,North,2026-08,36142,35089
P10328,Health,Health,North,2026-08,23672,22983
P10329,Health,Health,North,2026-08,9749,9465
P10330,Health,Health,North,2026-08,14049,13640
P10331,Health,Health,North,2026-08,16696,16210
P10332,Health,Health,North,2026-08,35795,34752
P10333,Health,Health,North,2026-08,19032,18478
P10334,Health,Health,North,2026-08,12981,12603
P10335,Health,Health,North,2026-08,23231,22554
P10336,Health,Health,North,2026-08,18252,17720
P10337,Health,Health,North,2026-08,7694,7470
P10338,Health,Health,North,2026-08,32019,31086
P10339,Health,Health,North,2026-08,6510,6320
P10340,Health,Health,North,2026-08,33152,32186
P10341,Health,Health,North,2026-08,29934,29062
P10342,Health,Health,North,2026-08,8324,8082
P10343,Health,Health,North,2026-08,27874,27062
P10344,Health,Health,North,2026-08,29302,28449
P10345,Health,Health,North,2026-08,24213,23508
P10346,Health,Health,North,2026-08,23470,22786
P10347,Health,Health,North,2026-08,7535,7316
P10348,Health,Health,North,2026-08,7831,7603
P10349,Health,Health,North,2026-08,27985,27170
P10350,Health,Health,North,2026-08,9222,8953
P10351,Health,Health,North,2026-08,13334,12946
P10352,Health,Health,North,2026-08,21090,20476
P10353,Health,Health,North,2026-08,10990,10670
P10354,Health,Health,North,2026-08,29873,29003
P10355,Health,Health,North,2026-08,30403,29517
P10356,Health,Health,North,2026-08,31451,30535
P10357,Health,Health,North,2026-08,7531,7312
P10358,Health,Health,North,2026-08,18949,18397
P10359,Health,Health,North,2026-08,31595,30675
P10360,Health,Health,North,2026-08,16998,16503
P10361,Health,Health,North,2026-08,27035,26248
P10362,Health,Health,North,2026-08,23819,23125
P10363,Health,Health,North,2026-08,16515,16034
P10364,Health,Health,North,2026-08,14378,13959
P10365,Health,Health,North,2026-08,25736,24986
P10366,Health,Health,North,2026-08,10068,9775
P10367,Health,Health,North,2026-08,31994,31062
P10368,Health,Health,North,2026-08,23432,22750
P10369,Health,Health,North,2026-08,9401,9127
P10370,Health,Health,North,2026-08,27268,26474
P10371,Health,Health,North,2026-08,19047,18492
P10372,Health,Health,North,2026-08,12195,11840
P10373,Health,Health,North,2026-08,35041,34020
P10374,Health,Health,North,2026-08,27754,26946
P10375,Health,Health,North,2026-08,23932,23235
P10376,Health,Health,North,2026-08,31655,30733
P10377,Health,Health,North,2026-08,22450,21796
P10378,Health,Health,North,2026-08,19360,18796
P10379,Health,Health,North,2026-08,11753,11411
P10380,Health,Health,North,2026-08,10666,10355
P10381,Health,Health,North,2026-08,19073,18517
P10382,Health,Health,North,2026-08,19797,19220
P10383,Health,Health,North,2026-08,28167,27347
P10384,Health,Health,North,2026-08,19378,18814
P10385,Health,Health,North,2026-08,23937,23240
P10386,Health,Health,North,2026-08,31161,30253
P10387,Health,Health,North,2026-08,36015,34966
P10388,Health,Health,North,2026-08,15769,15310
P10389,Health,Health,North,2026-08,33257,32288
P10390,Health,Health,North,2026-08,30362,29478
P10391,Health,Health,North,2026-08,8089,7853
P10392,Health,Health,North,2026-08,16121,15651
P10393,Health,Health,North,2026-08,12646,12278
P10394,Health,Health,North,2026-08,26087,25327
P10395,Health,Health,North,2026-08,22795,22131
P10396,Health,Health,North,2026-08,20971,20360
P10397,Health,Health,North,2026-08,29080,28233
P10398,Health,Health,North,2026-08,16095,15626
P10399,Health,Health,North,2026-08,17587,17075
P10400,Health,Health,North,2026-08,32161,31224
P10401,Health,Health,North,2026-08,35376,34346
P10402,Health,Health,North,2026-08,29466,28608
P10403,Health,Health,North,2026-08,12587,12220
P10404,Health,Health,North,2026-08,9436,9161
P10405,Health,Health,North,2026-08,12350,11990
P10406,Health,Health,North,2026-08,18794,18247
P10407,Health,Health,North,2026-08,13179,12795
P10408,Health,Health,North,2026-08,33229,32261
P10409,Health,Health,North,2026-08,26278,25513
P10410,Health,Health,North,2026-08,18613,18071
P10411,Health,Health,North,2026-08,14299,13883
P10412,Health,Health,North,2026-08,17524,17014
P10413,Health,Health,North,2026-08,20403,19809
P10414,Health,Health,North,2026-08,27579,26776
P10415,Health,Health,North,2026-08,8732,8478
P10416,Health,Health,North,2026-08,31654,30732
P10417,Health,Health,North,2026-08,9886,9598
P10418,Health,Health,North,2026-08,13956,13550
P10419,Health,Health,North,2026-08,36022,34973
P10420,Health,Health,North,2026-08,11776,11433
P10421,Health,Health,North,2026-08,9089,8824
P10422,Health,Health,North,2026-08,25303,24566
P10423,Health,Health,North,2026-08,17900,17379
P10424,Health,Health,North,2026-08,8808,8551
P10425,Health,Health,North,2026-08,6149,5970
P10426,Health,Health,North,2026-08,8425,8180
P10427,Health,Health,North,2026-08,21812,21177
P10428,Health,Health,North,2026-08,13004,12625
P10429,Health,Health,North,2026-08,29502,28643
P10430,Health,Health,North,2026-08,31916,30986
P10431,Health,Health,North,2026-08,10407,10104
P10432,Health,Health,North,2026-08,16207,15735
P10433,Health,Health,North,2026-08,10460,10155
P10434,Health,Health,North,2026-08,14688,14260
P10435,Health,Health,North,2026-08,13255,12869
P10436,Health,Health,North,2026-08,29783,28916
P10437,Health,Health,North,2026-08,16462,15983
P10438,Health,Health,North,2026-08,20992,20381
P10439,Health,Health,North,2026-08,26374,25606
P10440,Health,Health,North,2026-08,30852,29953
P10441,Health,Health,North,2026-08,15127,14686
P10442,Health,Health,North,2026-08,12350,11990
P10443,Health,Health,North,2026-08,35565,34529
P10444,Health,Health,North,2026-08,15698,15241
P10445,Health,Health,North,2026-08,26289,25523
P10446,Health,Health,North,2026-08,26493,25721
P10447,Health,Health,North,2026-08,21550,20922
P10448,Health,Health,North,2026-08,12931,12554
P10449,Health,Health,North,2026-08,10305,10005
P10450,Health,Health,North,2026-08,20734,20130
P10451,Health,Health,North,2026-08,21456,20831
P10452,Health,Health,North,2026-08,29376,28520
P10453,Health,Health,North,2026-08,27459,26659
P10454,Health,Health,North,2026-08,33562,32584
P10455,Health,Health,North,2026-08,35336,34307
P10456,Health,Health,North,2026-08,28003,27187
P10457,Health,Health,North,2026-08,8345,8102
P10458,Health,Health,North,2026-08,18262,17730
P10459,Health,Health,North,2026-08,24409,23698
P10460,Health,Health,North,2026-08,23848,23153
P10461,Health,Health,North,2026-08,11512,11177
P10462,Health,Health,North,2026-08,23629,22941
P10463,Health,Health,North,2026-08,16589,16106
P10464,Health,Health,North,2026-08,16265,15791
P10465,Health,Health,North,2026-08,31206,30297
P10466,Health,Health,North,2026-08,18770,18223
P10467,Health,Health,North,2026-08,21952,21313
P10468,Health,Health,North,2026-08,23024,22353
P10469,Health,Health,North,2026-08,23027,22356
P10470,Health,Health,North,2026-08,12468,12105
P10471,Health,Health,North,2026-08,24128,23425
P10472,Health,Health,North,2026-08,16135,15665
P10473,Health,Health,North,2026-08,25805,25053
P10474,Health,Health,North,2026-08,10433,10129
P10475,Health,Health,North,2026-08,36038,34988
P10476,Health,Health,North,2026-08,29336,28482
P10477,Health,Health,North,2026-08,18629,18086
P10478,Health,Health,North,2026-08,15131,14690
P10479,Health,Health,North,2026-08,17740,17223
P10480,Health,Health,North,2026-08,27802,26992
P10481,Health,Health,North,2026-08,25816,25064
P10482,Health,Health,North,2026-08,27225,26432
P10483,Health,Health,North,2026-08,32865,31908
P10484,Health,Health,North,2026-08,19807,19230
P10485,Health,Health,North,2026-08,26242,25478
P10486,Health,Health,North,2026-08,19361,18797
P10487,Health,Health,North,2026-08,25294,24557
P10488,Health,Health,North,2026-08,20366,19773
P10489,Health,Health,North,2026-08,29476,28617
P10490,Health,Health,North,2026-08,6194,6014
P10491,Health,Health,North,2026-08,12546,12181
P10492,Health,Health,North,2026-08,14982,14546
P10493,Health,Health,North,2026-08,34568,33561
P10494,Health,Health,North,2026-08,21339,20717
P10495,Health,Health,North,2026-08,17032,16536
P10496,Health,Health,North,2026-08,18238,17707
P10497,Health,Health,South,2026-08,19284,18722
P10498,Health,Health,South,2026-08,31590,30670
P10499,Health,Health,South,2026-08,34387,33385
P10500,Health,Health,South,2026-08,30891,29991
P10501,Health,Health,South,2026-08,30817,29919
P10502,Health,Health,South,2026-08,11805,11461
P10503,Health,Health,South,2026-08,13865,13461
P10504,Health,Health,South,2026-08,23550,22864
P10505,Health,Health,South,2026-08,25328,24590
P10506,Health,Health,South,2026-08,11914,11567
P10507,Health,Health,South,2026-08,27994,27179
P10508,Health,Health,South,2026-08,11833,11488
P10509,Health,Health,South,2026-08,13698,13299
P10510,Health,Health,South,2026-08,14993,14556
P10511,Health,Health,South,2026-08,30944,30043
P10512,Health,Health,South,2026-08,27574,26771
P10513,Health,Health,South,2026-08,21617,20987
P10514,Health,Health,South,2026-08,30168,29289
P10515,Health,Health,South,2026-08,29966,29093
P10516,Health,Health,South,2026-08,17449,16941
P10517,Health,Health,South,2026-08,29035,28189
P10518,Health,Health,South,2026-08,12018,11668
P10519,Health,Health,South,2026-08,20804,20198
P10520,Health,Health,South,2026-08,9415,9141
P10521,Health,Health,South,2026-08,18543,18003
P10522,Health,Health,South,2026-08,21311,20690
P10523,Health,Health,South,2026-08,8281,8040
P10524,Health,Health,South,2026-08,19603,19032
P10525,Health,Health,South,2026-08,25196,24462
P10526,Health,Health,South,2026-08,24083,23382
P10527,Health,Health,South,2026-08,7525,7306
P10528,Health,Health,South,2026-08,8737,8483
P10529,Health,Health,South,2026-08,16311,15836
P10530,Health,Health,South,2026-08,30846,29948
P10531,Health,Health,South,2026-08,31648,30726
P10532,Health,Health,South,2026-08,15076,14637
P10533,Health,Health,South,2026-08,27185,26393
P10534,Health,Health,South,2026-08,22998,22328
P10535,Health,Health,South,2026-08,35010,33990
P10536,Health,Health,South,2026-08,8717,8463
P10537,Health,Health,South,2026-08,22125,21481
P10538,Health,Health,South,2026-08,23446,22763
P10539,Health,Health,South,2026-08,15018,14581
P10540,Health,Health,South,2026-08,7306,7093
P10541,Health,Health,South,2026-08,7458,7241
P10542,Health,Health,South,2026-08,19336,18773
P10543,Health,Health,South,2026-08,26403,25634
P10544,Health,Health,South,2026-08,26631,25855
P10545,Health,Health,South,2026-08,11270,10942
P10546,Health,Health,South,2026-08,31299,30387
P10547,Health,Health,South,2026-08,17074,16577
P10548,Health,Health,South,2026-08,34446,33443
P10549,Health,Health,South,2026-08,9412,9138
P10550,Health,Health,South,2026-08,30662,29769
P10551,Health,Health,South,2026-08,32789,31834
P10552,Health,Health,South,2026-08,30254,29373
P10553,Health,Health,South,2026-08,29845,28976
P10554,Health,Health,South,2026-08,16606,16122
P10555,Health,Health,South,2026-08,27020,26233
P10556,Health,Health,South,2026-08,23057,22385
P10557,Health,Health,South,2026-08,18474,17936
P10558,Health,Health,South,2026-08,35297,34269
P10559,Health,Health,South,2026-08,14510,14087
P10560,Health,Health,South,2026-08,18139,17611
P10561,Health,Health,South,2026-08,32627,31677
P10562,Health,Health,South,2026-08,14466,14045
P10563,Health,Health,South,2026-08,10434,10130
P10564,Health,Health,South,2026-08,15087,14648
P10565,Health,Health,South,2026-08,28381,27554
P10566,Health,Health,South,2026-08,31354,30441
P10567,Health,Health,South,2026-08,9303,9032
P10568,Health,Health,South,2026-08,24309,23601
P10569,Health,Health,South,2026-08,22699,22038
P10570,Health,Health,South,2026-08,25703,24954
P10571,Health,Health,South,2026-08,25770,25019
P10572,Health,Health,South,2026-08,34301,33302
P10573,Health,Health,South,2026-08,16169,15698
P10574,Health,Health,South,2026-08,14785,14354
P10575,Health,Health,South,2026-08,23111,22438
P10576,Health,Health,South,2026-08,18620,18078
P10577,Health,Health,South,2026-08,19933,19352
P10578,Health,Health,South,2026-08,7966,7734
P10579,Health,Health,South,2026-08,10302,10002
P10580,Health,Health,South,2026-08,33588,32610
P10581,Health,Health,South,2026-08,7937,7706
P10582,Health,Health,South,2026-08,23376,22695
P10583,Health,Health,South,2026-08,28240,27417
P10584,Health,Health,South,2026-08,6268,6085
P10585,Health,Health,South,2026-08,12506,12142
P10586,Health,Health,South,2026-08,17072,16575
P10587,Health,Health,South,2026-08,20910,20301
P10588,Health,Health,South,2026-08,16023,15556
P10589,Health,Health,South,2026-08,25117,24385
P10590,Health,Health,South,2026-08,12614,12247
P10591,Health,Health,South,2026-08,6670,6476
P10592,Health,Health,South,2026-08,5964,5790
P10593,Health,Health,South,2026-08,16138,15668
P10594,Health,Health,South,2026-08,16616,16132
P10595,Health,Health,South,2026-08,33980,32990
P10596,Health,Health,South,2026-08,7242,7031
P10597,Health,Health,South,2026-08,21598,20969
P10598,Health,Health,South,2026-08,23010,22340
P10599,Health,Health,South,2026-08,26604,25829
P10600,Health,Health,South,2026-08,24813,24090
P10601,Health,Health,South,2026-08,6157,5978
P10602,Health,Health,South,2026-08,24610,23893
P10603,Health,Health,South,2026-08,15454,15004
P10604,Health,Health,South,2026-08,28781,27943
P10605,Health,Health,South,2026-08,11490,11155
P10606,Health,Health,South,2026-08,27104,26315
P10607,Health,Health,South,2026-08,24421,23710
P10608,Health,Health,South,2026-08,25214,24480
P10609,Health,Health,South,2026-08,11122,10798
P10610,Health,Health,South,2026-08,25714,24965
P10611,Health,Health,South,2026-08,27719,26912
P10612,Health,Health,South,2026-08,20395,19801
P10613,Health,Health,South,2026-08,15986,15520
P10614,Health,Health,South,2026-08,10844,10528
P10615,Health,Health,South,2026-08,14495,14073
P10616,Health,Health,South,2026-08,28513,27683
P10617,Health,Health,South,2026-08,18028,17503
P10618,Health,Health,South,2026-08,26706,25928
P10619,Health,Health,South,2026-08,27811,27001
P10620,Health,Health,South,2026-08,25861,25108
P10621,Health,Health,South,2026-08,25843,25090
P10622,Health,Health,South,2026-08,23987,23288
P10623,Health,Health,South,2026-08,21254,20635
P10624,Health,Health,South,2026-08,11769,11426
P10625,Health,Health,South,2026-08,30851,29952
P10626,Health,Health,South,2026-08,34443,33440
P10627,Health,Health,South,2026-08,19717,19143
P10628,Health,Health,South,2026-08,33525,32549
P10629,Health,Health,South,2026-08,35441,34409
P10630,Health,Health,South,2026-08,20300,19709
P10631,Health,Health,South,2026-08,27345,26549
P10632,Health,Health,South,2026-08,24962,24235
P10633,Health,Health,South,2026-08,12936,12559
P10634,Health,Health,South,2026-08,7310,7097
P10635,Health,Health,South,2026-08,19329,18766
P10636,Health,Health,South,2026-08,29206,28355
P10637,Health,Health,South,2026-08,15535,15083
P10638,Health,Health,South,2026-08,29123,28275
P10639,Health,Health,South,2026-08,25289,24552
P10640,Health,Health,South,2026-08,26494,25722
P10641,Health,Health,South,2026-08,14371,13952
P10642,Health,Health,South,2026-08,19822,19245
P10643,Health,Health,South,2026-08,11292,10963
P10644,Health,Health,South,2026-08,13212,12827
P10645,Health,Health,South,2026-08,8575,8325
P10646,Health,Health,South,2026-08,9668,9386
P10647,Health,Health,South,2026-08,12145,11791
P10648,Health,Health,South,2026-08,23082,22410
P10649,Health,Health,South,2026-08,18970,18417
P10650,Health,Health,South,2026-08,13814,13412
P10651,Health,Health,South,2026-08,31391,30477
P10652,Health,Health,South,2026-08,21453,20828
P10653,Health,Health,South,2026-08,33226,32258
P10654,Health,Health,South,2026-08,24701,23982
P10655,Health,Health,South,2026-08,6384,6198
P10656,Health,Health,South,2026-08,32940,31981
P10657,Health,Health,South,2026-08,31284,30373
P10658,Health,Health,South,2026-08,24711,23991
P10659,Health,Health,South,2026-08,21737,21104
P10660,Health,Health,South,2026-08,19316,18753
P10661,Health,Health,South,2026-08,20182,19594
P10662,Health,Health,South,2026-08,28673,27838
P10663,Health,Health,South,2026-08,21097,20483
P10664,Health,Health,South,2026-08,11124,10800
P10665,Health,Health,South,2026-08,7637,7415
P10666,Health,Health,South,2026-08,9650,9369
P10667,Health,Health,South,2026-08,13355,12966
P10668,Health,Health,South,2026-08,16796,16307
P10669,Health,Health,South,2026-08,32318,31377
P10670,Health,Health,South,2026-08,12990,12612
P10671,Health,Health,South,2026-08,15372,14924
P10672,Health,Health,South,2026-08,12514,12150
P10673,Health,Health,South,2026-08,22062,21419
P10674,Health,Health,South,2026-08,24172,23468
P10675,Health,Health,South,2026-08,21659,21028
P10676,Health,Health,South,2026-08,34077,33084
P10677,Health,Health,South,2026-08,35364,34334
P10678,Health,Health,South,2026-08,30690,29796
P10679,Health,Health,South,2026-08,29740,28874
P10680,Health,Health,South,2026-08,16746,16258
P10681,Health,Health,South,2026-08,23069,22397
P10682,Health,Health,South,2026-08,16314,15839
P10683,Health,Health,South,2026-08,29121,28273
P10684,Health,Health,South,2026-08,11000,10680
P10685,Health,Health,South,2026-08,12327,11968
P10686,Health,Health,South,2026-08,7062,6856
P10687,Health,Health,South,2026-08,23931,23234
P10688,Health,Health,South,2026-08,26287,25521
P10689,Health,Health,South,2026-08,6016,5841
P10690,Health,Health,South,2026-08,21027,20415
P10691,Health,Health,South,2026-08,17066,16569
P10692,Health,Health,South,2026-08,29358,28503
P10693,Health,Health,South,2026-08,7067,6861
P10694,Health,Health,South,2026-08,7353,7139
P10695,Health,Health,South,2026-08,24265,23558
P10696,Health,Health,South,2026-08,23420,22738
P10697,Health,Health,South,2026-08,30503,29615
P10698,Health,Health,South,2026-08,23439,22756
P10699,Health,Health,South,2026-08,34002,33012
P10700,Health,Health,South,2026-08,15217,14774
P10701,Health,Health,South,2026-08,17689,17174
P10702,Health,Health,South,2026-08,34840,33825
P10703,Health,Health,South,2026-08,9098,8833
P10704,Health,Health,South,2026-08,29463,28605
P10705,Health,Health,South,2026-08,6259,6077
P10706,Health,Health,South,2026-08,20310,19718
P10707,Health,Health,South,2026-08,10456,10151
P10708,Health,Health,South,2026-08,23633,22945
P10709,Health,Health,South,2026-08,29530,28670
P10710,Health,Health,South,2026-08,6895,6694
P10711,Health,Health,South,2026-08,10761,10448
P10712,Health,Health,South,2026-08,16053,15585
P10713,Health,Health,East,2026-08,13314,12926
P10714,Health,Health,East,2026-08,17035,16539
P10715,Health,Health,East,2026-08,33645,32665
P10716,Health,Health,East,2026-08,8798,8542
P10717,Health,Health,East,2026-08,18205,17675
P10718,Health,Health,East,2026-08,19193,18634
P10719,Health,Health,East,2026-08,14031,13622
P10720,Health,Health,East,2026-08,13977,13570
P10721,Health,Health,East,2026-08,26719,25941
P10722,Health,Health,East,2026-08,23889,23193
P10723,Health,Health,East,2026-08,29584,28722
P10724,Health,Health,East,2026-08,17674,17159
P10725,Health,Health,East,2026-08,23563,22877
P10726,Health,Health,East,2026-08,31942,31012
P10727,Health,Health,East,2026-08,30708,29814
P10728,Health,Health,East,2026-08,32715,31762
P10729,Health,Health,East,2026-08,13698,13299
P10730,Health,Health,East,2026-08,34626,33617
P10731,Health,Health,East,2026-08,29688,28823
P10732,Health,Health,East,2026-08,29057,28211
P10733,Health,Health,East,2026-08,25341,24603
P10734,Health,Health,East,2026-08,34563,33556
P10735,Health,Health,East,2026-08,18740,18194
P10736,Health,Health,East,2026-08,27502,26701
P10737,Health,Health,East,2026-08,26254,25489
P10738,Health,Health,East,2026-08,27226,26433
P10739,Health,Health,East,2026-08,27791,26982
P10740,Health,Health,East,2026-08,11413,11081
P10741,Health,Health,East,2026-08,16037,15570
P10742,Health,Health,East,2026-08,17299,16795
P10743,Health,Health,East,2026-08,27691,26884
P10744,Health,Health,East,2026-08,26762,25983
P10745,Health,Health,East,2026-08,30184,29305
P10746,Health,Health,East,2026-08,28874,28033
P10747,Health,Health,East,2026-08,23251,22574
P10748,Health,Health,East,2026-08,9929,9640
P10749,Health,Health,East,2026-08,24403,23692
P10750,Health,Health,East,2026-08,31752,30827
P10751,Health,Health,East,2026-08,24628,23911
P10752,Health,Health,East,2026-08,32002,31070
P10753,Health,Health,East,2026-08,35023,34003
P10754,Health,Health,East,2026-08,16334,15858
P10755,Health,Health,East,2026-08,26968,26183
P10756,Health,Health,East,2026-08,21614,20984
P10757,Health,Health,East,2026-08,19131,18574
P10758,Health,Health,East,2026-08,12848,12474
P10759,Health,Health,East,2026-08,13024,12645
P10760,Health,Health,East,2026-08,11245,10917
P10761,Health,Health,East,2026-08,24287,23580
P10762,Health,Health,East,2026-08,9991,9700
P10763,Health,Health,East,2026-08,18442,17905
P10764,Health,Health,East,2026-08,21128,20513
P10765,Health,Health,East,2026-08,18642,18099
P10766,Health,Health,East,2026-08,30813,29916
P10767,Health,Health,East,2026-08,18786,18239
P10768,Health,Health,East,2026-08,8262,8021
P10769,Health,Health,East,2026-08,34823,33809
P10770,Health,Health,East,2026-08,30523,29634
P10771,Health,Health,East,2026-08,25121,24389
P10772,Health,Health,East,2026-08,27934,27120
P10773,Health,Health,East,2026-08,9586,9307
P10774,Health,Health,East,2026-08,28214,27392
P10775,Health,Health,East,2026-08,11910,11563
P10776,Health,Health,East,2026-08,20124,19538
P10777,Health,Health,East,2026-08,11041,10719
P10778,Health,Health,East,2026-08,27859,27048
P10779,Health,Health,East,2026-08,13025,12646
P10780,Health,Health,East,2026-08,13238,12852
P10781,Health,Health,East,2026-08,9032,8769
P10782,Health,Health,East,2026-08,26890,26107
P10783,Health,Health,East,2026-08,14483,14061
P10784,Health,Health,East,2026-08,20980,20369
P10785,Health,Health,East,2026-08,15547,15094
P10786,Health,Health,East,2026-08,28470,27641
P10787,Health,Health,East,2026-08,12457,12094
P10788,Health,Health,East,2026-08,33323,32352
P10789,Health,Health,East,2026-08,15228,14784
P10790,Health,Health,East,2026-08,8876,8617
P10791,Health,Health,East,2026-08,12861,12486
P10792,Health,Health,East,2026-08,8002,7769
P10793,Health,Health,East,2026-08,19533,18964
P10794,Health,Health,East,2026-08,13151,12768
P10795,Health,Health,East,2026-08,31723,30799
P10796,Health,Health,East,2026-08,20947,20337
P10797,Health,Health,East,2026-08,12659,12290
P10798,Health,Health,East,2026-08,19023,18469
P10799,Health,Health,East,2026-08,11567,11230
P10800,Health,Health,East,2026-08,11062,10740
P10801,Health,Health,East,2026-08,14624,14198
P10802,Health,Health,East,2026-08,9005,8743
P10803,Health,Health,East,2026-08,11352,11021
P10804,Health,Health,East,2026-08,33241,32273
P10805,Health,Health,East,2026-08,25318,24581
P10806,Health,Health,East,2026-08,32747,31793
P10807,Health,Health,East,2026-08,13344,12955
P10808,Health,Health,East,2026-08,30874,29975
P10809,Health,Health,East,2026-08,16423,15945
P10810,Health,Health,East,2026-08,10054,9761
P10811,Health,Health,East,2026-08,29347,28492
P10812,Health,Health,East,2026-08,7584,7363
P10813,Health,Health,East,2026-08,17668,17153
P10814,Health,Health,East,2026-08,29773,28906
P10815,Health,Health,East,2026-08,23869,23174
P10816,Health,Health,East,2026-08,20974,20363
P10817,Health,Health,East,2026-08,16171,15700
P10818,Health,Health,East,2026-08,8034,7800
P10819,Health,Health,East,2026-08,34787,33774
P10820,Health,Health,East,2026-08,10947,10628
P10821,Health,Health,East,2026-08,13299,12912
P10822,Health,Health,East,2026-08,12733,12362
P10823,Health,Health,East,2026-08,32362,31419
P10824,Health,Health,East,2026-08,28149,27329
P10825,Health,Health,East,2026-08,19200,18641
P10826,Health,Health,East,2026-08,33749,32766
P10827,Health,Health,East,2026-08,7384,7169
P10828,Health,Health,East,2026-08,31945,31015
P10829,Health,Health,East,2026-08,7607,7385
P10830,Health,Health,East,2026-08,17267,16764
P10831,Health,Health,East,2026-08,7419,7203
P10832,Health,Health,East,2026-08,35021,34001
P10833,Health,Health,East,2026-08,32550,31602
P10834,Health,Health,East,2026-08,22924,22256
P10835,Health,Health,East,2026-08,12204,11849
P10836,Health,Health,East,2026-08,13927,13521
P10837,Health,Health,East,2026-08,18973,18420
P10838,Health,Health,East,2026-08,15270,14825
P10839,Health,Health,East,2026-08,6464,6276
P10840,Health,Health,East,2026-08,25010,24282
P10841,Health,Health,East,2026-08,23760,23068
P10842,Health,Health,East,2026-08,32255,31316
P10843,Health,Health,East,2026-08,19771,19195
P10844,Health,Health,East,2026-08,15910,15447
P10845,Health,Health,East,2026-08,20782,20177
P10846,Health,Health,East,2026-08,11529,11193
P10847,Health,Health,East,2026-08,24113,23411
P10848,Health,Health,East,2026-08,28334,27509
P10849,Health,Health,East,2026-08,10325,10024
P10850,Health,Health,East,2026-08,15142,14701
P10851,Health,Health,East,2026-08,31189,30281
P10852,Health,Health,East,2026-08,20608,20008
P10853,Health,Health,East,2026-08,21377,20754
P10854,Health,Health,East,2026-08,26943,26158
P10855,Health,Health,East,2026-08,22722,22060
P10856,Health,Health,East,2026-08,7874,7645
P10857,Health,Health,East,2026-08,29325,28471
P10858,Health,Health,East,2026-08,32797,31842
P10859,Health,Health,East,2026-08,7398,7183
P10860,Health,Health,East,2026-08,9383,9110
P10861,Health,Health,East,2026-08,26346,25579
P10862,Health,Health,East,2026-08,23498,22814
P10863,Health,Health,East,2026-08,17015,16519
P10864,Health,Health,East,2026-08,21593,20964
P10865,Health,Health,East,2026-08,26386,25617
P10866,Health,Health,East,2026-08,20577,19978
P10867,Health,Health,East,2026-08,9936,9647
P10868,Health,Health,East,2026-08,8454,8208
P10869,Health,Health,East,2026-08,18661,18117
P10870,Health,Health,East,2026-08,32798,31843
P10871,Health,Health,East,2026-08,22134,21489
P10872,Health,Health,East,2026-08,16305,15830
P10873,Health,Health,East,2026-08,32384,31441
P10874,Health,Health,East,2026-08,17194,16693
P10875,Health,Health,East,2026-08,20713,20110
P10876,Health,Health,East,2026-08,9244,8975
P10877,Health,Health,East,2026-08,27380,26583
P10878,Health,Health,East,2026-08,26297,25531
P10879,Health,Health,East,2026-08,29041,28195
P10880,Health,Health,East,2026-08,15341,14894
P10881,Health,Health,East,2026-08,18578,18037
P10882,Health,Health,East,2026-08,10759,10446
P10883,Health,Health,East,2026-08,34015,33024
P10884,Health,Health,East,2026-08,8356,8113
P10885,Health,Health,East,2026-08,24799,24077
P10886,Health,Health,East,2026-08,26442,25672
P10887,Health,Health,East,2026-08,10449,10145
P10888,Health,Health,East,2026-08,16513,16032
P10889,Health,Health,East,2026-08,7102,6895
P10890,Health,Health,East,2026-08,22100,21456
P10891,Health,Health,East,2026-08,34904,33887
P10892,Health,Health,East,2026-08,18399,17863
P10893,Health,Health,East,2026-08,34759,33747
P10894,Health,Health,East,2026-08,9529,9251
P10895,Health,Health,East,2026-08,17305,16801
P10896,Health,Health,East,2026-08,32188,31250
P10897,Health,Health,East,2026-08,31449,30533
P10898,Health,Health,East,2026-08,15293,14848
P10899,Health,Health,East,2026-08,25663,24916
P10900,Health,Health,East,2026-08,31726,30802
P10901,Health,Health,East,2026-08,28242,27419
P10902,Health,Health,East,2026-08,24199,23494
P10903,Health,Health,East,2026-08,10298,9998
P10904,Health,Health,East,2026-08,7974,7742
P10905,Health,Health,East,2026-08,23794,23101
P10906,Health,Health,East,2026-08,20455,19859
P10907,Health,Health,East,2026-08,12795,12422
P10908,Health,Health,East,2026-08,14393,13974
P10909,Health,Health,East,2026-08,17295,16791
P10910,Health,Health,East,2026-08,20316,19724
P10911,Health,Health,East,2026-08,17241,16739
P10912,Health,Health,East,2026-08,17155,16655
P10913,Health,Health,East,2026-08,9223,8954
P10914,Health,Health,East,2026-08,31125,30218
P10915,Health,Health,East,2026-08,23634,22946
P10916,Health,Health,East,2026-08,10109,9815
P10917,Health,Health,East,2026-08,18223,17692
P10918,Health,Health,East,2026-08,18014,17489
P10919,Health,Health,East,2026-08,23385,22704
P10920,Health,Health,West,2026-08,24114,23412
P10921,Health,Health,West,2026-08,25198,24464
P10922,Health,Health,West,2026-08,26769,25989
P10923,Health,Health,West,2026-08,9043,8780
P10924,Health,Health,West,2026-08,15053,14615
P10925,Health,Health,West,2026-08,6480,6291
P10926,Health,Health,West,2026-08,19516,18948
P10927,Health,Health,West,2026-08,18766,18219
P10928,Health,Health,West,2026-08,27855,27044
P10929,Health,Health,West,2026-08,10945,10626
P10930,Health,Health,West,2026-08,24789,24067
P10931,Health,Health,West,2026-08,15106,14666
P10932,Health,Health,West,2026-08,17348,16843
P10933,Health,Health,West,2026-08,27406,26608
P10934,Health,Health,West,2026-08,8096,7860
P10935,Health,Health,West,2026-08,16182,15711
P10936,Health,Health,West,2026-08,17629,17116
P10937,Health,Health,West,2026-08,27301,26506
P10938,Health,Health,West,2026-08,11902,11555
P10939,Health,Health,West,2026-08,34207,33211
P10940,Health,Health,West,2026-08,35709,34669
P10941,Health,Health,West,2026-08,30377,29492
P10942,Health,Health,West,2026-08,14898,14464
P10943,Health,Health,West,2026-08,25754,25004
P10944,Health,Health,West,2026-08,8442,8196
P10945,Health,Health,West,2026-08,31938,31008
P10946,Health,Health,West,2026-08,21346,20724
P10947,Health,Health,West,2026-08,11223,10896
P10948,Health,Health,West,2026-08,15724,15266
P10949,Health,Health,West,2026-08,29835,28966
P10950,Health,Health,West,2026-08,31906,30977
P10951,Health,Health,West,2026-08,21457,20832
P10952,Health,Health,West,2026-08,20282,19691
P10953,Health,Health,West,2026-08,28344,27518
P10954,Health,Health,West,2026-08,30593,29702
P10955,Health,Health,West,2026-08,28765,27927
P10956,Health,Health,West,2026-08,17423,16916
P10957,Health,Health,West,2026-08,25100,24369
P10958,Health,Health,West,2026-08,31523,30605
P10959,Health,Health,West,2026-08,10487,10182
P10960,Health,Health,West,2026-08,17534,17023
P10961,Health,Health,West,2026-08,7651,7428
P10962,Health,Health,West,2026-08,18153,17624
P10963,Health,Health,West,2026-08,28986,28142
P10964,Health,Health,West,2026-08,11837,11492
P10965,Health,Health,West,2026-08,22118,21474
P10966,Health,Health,West,2026-08,7053,6848
P10967,Health,Health,West,2026-08,32724,31771
P10968,Health,Health,West,2026-08,30409,29523
P10969,Health,Health,West,2026-08,21597,20968
P10970,Health,Health,West,2026-08,27004,26217
P10971,Health,Health,West,2026-08,9061,8797
P10972,Health,Health,West,2026-08,31161,30253
P10973,Health,Health,West,2026-08,27287,26492
P10974,Health,Health,West,2026-08,9539,9261
P10975,Health,Health,West,2026-08,35199,34174
P10976,Health,Health,West,2026-08,6634,6441
P10977,Health,Health,West,2026-08,24700,23981
P10978,Health,Health,West,2026-08,11083,10760
P10979,Health,Health,West,2026-08,27405,26607
P10980,Health,Health,West,2026-08,8062,7827
P10981,Health,Health,West,2026-08,8380,8136
P10982,Health,Health,West,2026-08,19864,19285
P10983,Health,Health,West,2026-08,35597,34560
P10984,Health,Health,West,2026-08,14207,13793
P10985,Health,Health,West,2026-08,24224,23518
P10986,Health,Health,West,2026-08,21423,20799
P10987,Health,Health,West,2026-08,31069,30164
P10988,Health,Health,West,2026-08,14566,14142
P10989,Health,Health,West,2026-08,22507,21851
P10990,Health,Health,West,2026-08,34303,33304
P10991,Health,Health,West,2026-08,15877,15415
P10992,Health,Health,West,2026-08,19062,18507
P10993,Health,Health,West,2026-08,32460,31515
P10994,Health,Health,West,2026-08,15875,15413
P10995,Health,Health,West,2026-08,17311,16807
P10996,Health,Health,West,2026-08,15029,14591
P10997,Health,Health,West,2026-08,30097,29220
P10998,Health,Health,West,2026-08,33700,32718
P10999,Health,Health,West,2026-08,24778,24056
P11000,Health,Health,West,2026-08,24555,23840
P11001,Health,Health,West,2026-08,17589,17077
P11002,Health,Health,West,2026-08,6334,6150
P11003,Health,Health,West,2026-08,11148,10823
P11004,Health,Health,West,2026-08,10358,10056
P11005,Health,Health,West,2026-08,9417,9143
P11006,Health,Health,West,2026-08,25462,24720
P11007,Health,Health,West,2026-08,10027,9735
P11008,Health,Health,West,2026-08,8516,8268
P11009,Health,Health,West,2026-08,17369,16863
P11010,Health,Health,West,2026-08,13387,12997
P11011,Health,Health,West,2026-08,10311,10011
P11012,Health,Health,West,2026-08,10319,10018
P11013,Health,Health,West,2026-08,13601,13205
P11014,Health,Health,West,2026-08,21968,21328
P11015,Health,Health,West,2026-08,28564,27732
P11016,Health,Health,West,2026-08,31386,30472
P11017,Health,Health,West,2026-08,28364,27538
P11018,Health,Health,West,2026-08,24691,23972
P11019,Health,Health,West,2026-08,33022,32060
P11020,Health,Health,West,2026-08,21457,20832
P11021,Health,Health,West,2026-08,24845,24121
P11022,Health,Health,West,2026-08,18234,17703
P11023,Health,Health,West,2026-08,15723,15265
P11024,Health,Health,West,2026-08,15852,15390
P11025,Health,Health,West,2026-08,10384,10082
P11026,Health,Health,West,2026-08,29711,28846
P11027,Health,Health,West,2026-08,7613,7391
P11028,Health,Health,West,2026-08,26077,25317
P11029,Health,Health,West,2026-08,31734,30810
P11030,Health,Health,West,2026-08,20793,20187
P11031,Health,Health,West,2026-08,8056,7821
P11032,Health,Health,West,2026-08,18735,18189
P11033,Health,Health,West,2026-08,16195,15723
P11034,Health,Health,West,2026-08,35344,34315
P11035,Health,Health,West,2026-08,26571,25797
P11036,Health,Health,West,2026-08,27468,26668
P11037,Health,Health,West,2026-08,21341,20719
P11038,Health,Health,West,2026-08,27112,26322
P11039,Health,Health,West,2026-08,27504,26703
P11040,Health,Health,West,2026-08,7941,7710
P11041,Health,Health,West,2026-08,12599,12232
P11042,Health,Health,West,2026-08,6349,6164
P11043,Health,Health,West,2026-08,21161,20545
P11044,Health,Health,West,2026-08,32072,31138
P11045,Health,Health,West,2026-08,24135,23432
P11046,Health,Health,West,2026-08,20875,20267
P11047,Health,Health,West,2026-08,33568,32590
P11048,Health,Health,West,2026-08,11097,10774
P11049,Health,Health,West,2026-08,8186,7948
P11050,Health,Health,West,2026-08,33310,32340
P11051,Health,Health,West,2026-08,32877,31919
P11052,Health,Health,West,2026-08,26324,25557
P11053,Health,Health,West,2026-08,13296,12909
P11054,Health,Health,West,2026-08,34874,33858
P11055,Health,Health,West,2026-08,28779,27941
P11056,Health,Health,West,2026-08,26053,25294
P11057,Health,Health,West,2026-08,12608,12241
P11058,Health,Health,West,2026-08,21259,20640
P11059,Health,Health,West,2026-08,30486,29598
P11060,Health,Health,West,2026-08,31610,30689
P11061,Health,Health,West,2026-08,22700,22039
P11062,Health,Health,West,2026-08,21549,20921
P11063,Health,Health,West,2026-08,26762,25983
P11064,Health,Health,West,2026-08,21711,21079
P11065,Health,Health,West,2026-08,18414,17878
P11066,Health,Health,West,2026-08,8509,8261
P11067,Health,Health,West,2026-08,9720,9437
P11068,Health,Health,West,2026-08,28629,27795
P11069,Health,Health,West,2026-08,6698,6503
P11070,Health,Health,West,2026-08,7522,7303
P11071,Health,Health,West,2026-08,32932,31973
P11072,Health,Health,West,2026-08,26951,26166
P11073,Health,Health,West,2026-08,6088,5911
P11074,Health,Health,West,2026-08,15266,14821
P11075,Health,Health,West,2026-08,28719,27883
P11076,Health,Health,West,2026-08,18412,17876
P11077,Health,Health,West,2026-08,19939,19358
P11078,Health,Health,West,2026-08,19641,19069
P11079,Health,Health,West,2026-08,11989,11640
P11080,Health,Health,West,2026-08,27469,26669
P11081,Health,Health,West,2026-08,9033,8770
P11082,Health,Health,West,2026-08,21085,20471
P11083,Health,Health,West,2026-08,11029,10708
P11084,Health,Health,West,2026-08,7350,7136
P11085,Health,Health,West,2026-08,10233,9935
P11086,Health,Health,West,2026-08,31880,30951
P11087,Health,Health,West,2026-08,11214,10887
P11088,Health,Health,West,2026-08,14261,13846
P11089,Health,Health,West,2026-08,10080,9786
P11090,Health,Health,West,2026-08,27891,27079
P11091,Health,Health,West,2026-08,19242,18682
P11092,Health,Health,West,2026-08,34095,33102
P11093,Health,Health,West,2026-08,25768,25017
P11094,Health,Health,West,2026-08,21805,21170
P11095,Health,Health,West,2026-08,25539,24795
P11096,Health,Health,West,2026-08,7168,6959
P11097,Health,Health,West,2026-08,34304,33305
P11098,Health,Health,West,2026-08,34476,33472
P11099,Health,Health,West,2026-08,14195,13782
P11100,Health,Health,West,2026-08,24694,23975
P11101,Health,Health,West,2026-08,11982,11633
P11102,Health,Health,West,2026-08,22284,21635
P11103,Health,Health,West,2026-08,28942,28099
P11104,Health,Health,West,2026-08,33981,32991
P11105,Health,Health,West,2026-08,16075,15607
P11106,Health,Health,West,2026-08,26638,25862
P11107,Health,Health,West,2026-08,27321,26525
P11108,Health,Health,West,2026-08,12556,12190
P11109,Health,Health,West,2026-08,24716,23996
P11110,Health,Health,West,2026-08,25503,24760
P11111,Health,Health,West,2026-08,28742,27905
P11112,Health,Health,West,2026-08,35774,34732
P11113,Health,Health,West,2026-08,7162,6953
P11114,Health,Health,West,2026-08,11994,11645
P11115,Health,Health,West,2026-08,10288,9988
P11116,Health,Health,West,2026-08,10567,10259
P11117,Home,Home,North,2026-08,17510,17000
P11118,Home,Home,North,2026-08,28866,28025
P11119,Home,Home,North,2026-08,17363,16857
P11120,Home,Home,North,2026-08,23244,22567
P11121,Home,Home,North,2026-08,15429,14980
P11122,Home,Home,North,2026-08,13908,13503
P11123,Home,Home,North,2026-08,27680,26874
P11124,Home,Home,North,2026-08,22898,22231
P11125,Home,Home,North,2026-08,14744,14315
P11126,Home,Home,North,2026-08,29820,28951
P11127,Home,Home,North,2026-08,18694,18150
P11128,Home,Home,North,2026-08,10392,10089
P11129,Home,Home,North,2026-08,18286,17753
P11130,Home,Home,North,2026-08,23410,22728
P11131,Home,Home,North,2026-08,15178,14736
P11132,Home,Home,North,2026-08,27936,27122
P11133,Home,Home,North,2026-08,19622,19050
P11134,Home,Home,North,2026-08,17872,17351
P11135,Home,Home,North,2026-08,28335,27510
P11136,Home,Home,North,2026-08,17742,17225
P11137,Home,Home,North,2026-08,16444,15965
P11138,Home,Home,North,2026-08,8129,7892
P11139,Home,Home,North,2026-08,15054,14616
P11140,Home,Home,North,2026-08,15979,15514
P11141,Home,Home,North,2026-08,10187,9890
P11142,Home,Home,North,2026-08,21085,20471
P11143,Home,Home,North,2026-08,9202,8934
P11144,Home,Home,North,2026-08,11339,11009
P11145,Home,Home,North,2026-08,20369,19776
P11146,Home,Home,North,2026-08,12552,12186
P11147,Home,Home,North,2026-08,22473,21818
P11148,Home,Home,North,2026-08,23833,23139
P11149,Home,Home,North,2026-08,13417,13026
P11150,Home,Home,North,2026-08,7692,7468
P11151,Home,Home,North,2026-08,18452,17915
P11152,Home,Home,North,2026-08,7839,7611
P11153,Home,Home,North,2026-08,19143,18585
P11154,Home,Home,North,2026-08,24789,24067
P11155,Home,Home,North,2026-08,21955,21316
P11156,Home,Home,North,2026-08,17350,16845
P11157,Home,Home,North,2026-08,30667,29774
P11158,Home,Home,North,2026-08,8076,7841
P11159,Home,Home,North,2026-08,28905,28063
P11160,Home,Home,North,2026-08,26768,25988
P11161,Home,Home,North,2026-08,16586,16103
P11162,Home,Home,North,2026-08,9444,9169
P11163,Home,Home,North,2026-08,9524,9247
P11164,Home,Home,North,2026-08,30023,29149
P11165,Home,Home,North,2026-08,11608,11270
P11166,Home,Home,North,2026-08,28747,27910
P11167,Home,Home,North,2026-08,18823,18275
P11168,Home,Home,North,2026-08,17711,17195
P11169,Home,Home,North,2026-08,21933,21294
P11170,Home,Home,North,2026-08,11109,10785
P11171,Home,Home,North,2026-08,16818,16328
P11172,Home,Home,North,2026-08,30470,29583
P11173,Home,Home,North,2026-08,11730,11388
P11174,Home,Home,North,2026-08,30018,29144
P11175,Home,Home,North,2026-08,31962,31031
P11176,Home,Home,North,2026-08,6742,6546
P11177,Home,Home,North,2026-08,19574,19004
P11178,Home,Home,North,2026-08,9951,9661
P11179,Home,Home,North,2026-08,21993,21352
P11180,Home,Home,North,2026-08,31836,30909
P11181,Home,Home,North,2026-08,29357,28502
P11182,Home,Home,North,2026-08,30105,29228
P11183,Home,Home,North,2026-08,11063,10741
P11184,Home,Home,North,2026-08,19868,19289
P11185,Home,Home,North,2026-08,11638,11299
P11186,Home,Home,North,2026-08,29425,28568
P11187,Home,Home,North,2026-08,10469,10164
P11188,Home,Home,North,2026-08,9473,9197
P11189,Home,Home,North,2026-08,5678,5513
P11190,Home,Home,North,2026-08,10223,9925
P11191,Home,Home,North,2026-08,10432,10128
P11192,Home,Home,North,2026-08,7426,7210
P11193,Home,Home,North,2026-08,28577,27745
P11194,Home,Home,North,2026-08,26229,25465
P11195,Home,Home,North,2026-08,12163,11809
P11196,Home,Home,North,2026-08,26315,25549
P11197,Home,Home,North,2026-08,16652,16167
P11198,Home,Home,North,2026-08,26108,25348
P11199,Home,Home,North,2026-08,13998,13590
P11200,Home,Home,North,2026-08,20465,19869
P11201,Home,Home,North,2026-08,15566,15113
P11202,Home,Home,North,2026-08,10375,10073
P11203,Home,Home,North,2026-08,21026,20414
P11204,Home,Home,North,2026-08,25448,24707
P11205,Home,Home,North,2026-08,25509,24766
P11206,Home,Home,North,2026-08,14889,14455
P11207,Home,Home,North,2026-08,19235,18675
P11208,Home,Home,North,2026-08,25794,25043
P11209,Home,Home,North,2026-08,6811,6613
P11210,Home,Home,North,2026-08,7277,7065
P11211,Home,Home,North,2026-08,15422,14973
P11212,Home,Home,North,2026-08,11334,11004
P11213,Home,Home,North,2026-08,15380,14932
P11214,Home,Home,North,2026-08,7862,7633
P11215,Home,Home,North,2026-08,21197,20580
P11216,Home,Home,North,2026-08,23332,22652
P11217,Home,Home,North,2026-08,26545,25772
P11218,Home,Home,North,2026-08,22763,22100
P11219,Home,Home,North,2026-08,15962,15497
P11220,Home,Home,North,2026-08,30375,29490
P11221,Home,Home,North,2026-08,24792,24070
P11222,Home,Home,North,2026-08,19475,18908
P11223,Home,Home,North,2026-08,10889,10572
P11224,Home,Home,North,2026-08,22722,22060
P11225,Home,Home,North,2026-08,21189,20572
P11226,Home,Home,North,2026-08,23642,22953
P11227,Home,Home,North,2026-08,26259,25494
P11228,Home,Home,North,2026-08,29843,28974
P11229,Home,Home,North,2026-08,30753,29857
P11230,Home,Home,North,2026-08,22219,21572
P11231,Home,Home,North,2026-08,31206,30297
P11232,Home,Home,North,2026-08,29746,28880
P11233,Home,Home,North,2026-08,5423,5265
P11234,Home,Home,North,2026-08,22418,21765
P11235,Home,Home,North,2026-08,10129,9834
P11236,Home,Home,North,2026-08,13253,12867
P11237,Home,Home,North,2026-08,13315,12927
P11238,Home,Home,North,2026-08,18284,17751
P11239,Home,Home,North,2026-08,5643,5479
P11240,Home,Home,North,2026-08,11664,11324
P11241,Home,Home,North,2026-08,6133,5954
P11242,Home,Home,North,2026-08,22764,22101
P11243,Home,Home,North,2026-08,29153,28304
P11244,Home,Home,North,2026-08,32058,31124
P11245,Home,Home,North,2026-08,17358,16852
P11246,Home,Home,North,2026-08,12315,11956
P11247,Home,Home,North,2026-08,28185,27364
P11248,Home,Home,North,2026-08,8381,8137
P11249,Home,Home,North,2026-08,31427,30512
P11250,Home,Home,North,2026-08,24484,23771
P11251,Home,Home,North,2026-08,18840,18291
P11252,Home,Home,North,2026-08,7939,7708
P11253,Home,Home,North,2026-08,5840,5670
P11254,Home,Home,North,2026-08,19926,19346
P11255,Home,Home,North,2026-08,16428,15950
P11256,Home,Home,North,2026-08,27906,27093
P11257,Home,Home,North,2026-08,22544,21887
P11258,Home,Home,North,2026-08,16912,16419
P11259,Home,Home,North,2026-08,11402,11070
P11260,Home,Home,North,2026-08,18210,17680
P11261,Home,Home,North,2026-08,9715,9432
P11262,Home,Home,North,2026-08,23205,22529
P11263,Home,Home,North,2026-08,21564,20936
P11264,Home,Home,North,2026-08,27033,26246
P11265,Home,Home,North,2026-08,17384,16878
P11266,Home,Home,North,2026-08,12810,12437
P11267,Home,Home,South,2026-08,28142,27322
P11268,Home,Home,South,2026-08,24194,23489
P11269,Home,Home,South,2026-08,24620,23903
P11270,Home,Home,South,2026-08,19770,19194
P11271,Home,Home,South,2026-08,29216,28365
P11272,Home,Home,South,2026-08,11615,11277
P11273,Home,Home,South,2026-08,16338,15862
P11274,Home,Home,South,2026-08,27051,26263
P11275,Home,Home,South,2026-08,9040,8777
P11276,Home,Home,South,2026-08,27373,26576
P11277,Home,Home,South,2026-08,15005,14568
P11278,Home,Home,South,2026-08,8838,8581
P11279,Home,Home,South,2026-08,7580,7359
P11280,Home,Home,South,2026-08,28321,27496
P11281,Home,Home,South,2026-08,26572,25798
P11282,Home,Home,South,2026-08,13252,12866
P11283,Home,Home,South,2026-08,8590,8340
P11284,Home,Home,South,2026-08,12144,11790
P11285,Home,Home,South,2026-08,11214,10887
P11286,Home,Home,South,2026-08,25335,24597
P11287,Home,Home,South,2026-08,11284,10955
P11288,Home,Home,South,2026-08,11298,10969
P11289,Home,Home,South,2026-08,6307,6123
P11290,Home,Home,South,2026-08,21637,21007
P11291,Home,Home,South,2026-08,24138,23435
P11292,Home,Home,South,2026-08,23175,22500
P11293,Home,Home,South,2026-08,20870,20262
P11294,Home,Home,South,2026-08,31662,30740
P11295,Home,Home,South,2026-08,18267,17735
P11296,Home,Home,South,2026-08,28785,27947
P11297,Home,Home,South,2026-08,22972,22303
P11298,Home,Home,South,2026-08,7716,7491
P11299,Home,Home,South,2026-08,27427,26628
P11300,Home,Home,South,2026-08,21298,20678
P11301,Home,Home,South,2026-08,23176,22501
P11302,Home,Home,South,2026-08,10325,10024
P11303,Home,Home,South,2026-08,17310,16806
P11304,Home,Home,South,2026-08,29341,28486
P11305,Home,Home,South,2026-08,11281,10952
P11306,Home,Home,South,2026-08,5434,5276
P11307,Home,Home,South,2026-08,12423,12061
P11308,Home,Home,South,2026-08,18669,18125
P11309,Home,Home,South,2026-08,27731,26923
P11310,Home,Home,South,2026-08,22898,22231
P11311,Home,Home,South,2026-08,30386,29501
P11312,Home,Home,South,2026-08,17800,17282
P11313,Home,Home,South,2026-08,16042,15575
P11314,Home,Home,South,2026-08,11714,11373
P11315,Home,Home,South,2026-08,11352,11021
P11316,Home,Home,South,2026-08,25418,24678
P11317,Home,Home,South,2026-08,7613,7391
P11318,Home,Home,South,2026-08,12021,11671
P11319,Home,Home,South,2026-08,29485,28626
P11320,Home,Home,South,2026-08,21095,20481
P11321,Home,Home,South,2026-08,6696,6501
P11322,Home,Home,South,2026-08,24553,23838
P11323,Home,Home,South,2026-08,19189,18630
P11324,Home,Home,South,2026-08,28633,27799
P11325,Home,Home,South,2026-08,23961,23263
P11326,Home,Home,South,2026-08,5552,5390
P11327,Home,Home,South,2026-08,11017,10696
P11328,Home,Home,South,2026-08,12435,12073
P11329,Home,Home,South,2026-08,24499,23785
P11330,Home,Home,South,2026-08,19260,18699
P11331,Home,Home,South,2026-08,25726,24977
P11332,Home,Home,South,2026-08,19357,18793
P11333,Home,Home,South,2026-08,14320,13903
P11334,Home,Home,South,2026-08,8245,8005
P11335,Home,Home,South,2026-08,10932,10614
P11336,Home,Home,South,2026-08,16313,15838
P11337,Home,Home,South,2026-08,20404,19810
P11338,Home,Home,South,2026-08,30918,30017
P11339,Home,Home,South,2026-08,11940,11592
P11340,Home,Home,South,2026-08,23517,22832
P11341,Home,Home,South,2026-08,9573,9294
P11342,Home,Home,South,2026-08,24811,24088
P11343,Home,Home,South,2026-08,5738,5571
P11344,Home,Home,South,2026-08,23241,22564
P11345,Home,Home,South,2026-08,9862,9575
P11346,Home,Home,South,2026-08,10327,10026
P11347,Home,Home,South,2026-08,20606,20006
P11348,Home,Home,South,2026-08,15624,15169
P11349,Home,Home,South,2026-08,18228,17697
P11350,Home,Home,South,2026-08,13817,13415
P11351,Home,Home,South,2026-08,31320,30408
P11352,Home,Home,South,2026-08,13323,12935
P11353,Home,Home,South,2026-08,20149,19562
P11354,Home,Home,South,2026-08,28629,27795
P11355,Home,Home,South,2026-08,23465,22782
P11356,Home,Home,South,2026-08,14194,13781
P11357,Home,Home,South,2026-08,20431,19836
P11358,Home,Home,South,2026-08,7684,7460
P11359,Home,Home,South,2026-08,20248,19658
P11360,Home,Home,South,2026-08,17144,16645
P11361,Home,Home,South,2026-08,26011,25253
P11362,Home,Home,South,2026-08,28454,27625
P11363,Home,Home,South,2026-08,10851,10535
P11364,Home,Home,South,2026-08,7645,7422
P11365,Home,Home,South,2026-08,16035,15568
P11366,Home,Home,South,2026-08,19935,19354
P11367,Home,Home,South,2026-08,15662,15206
P11368,Home,Home,South,2026-08,22498,21843
P11369,Home,Home,South,2026-08,19160,18602
P11370,Home,Home,South,2026-08,30863,29964
P11371,Home,Home,South,2026-08,16547,16065
P11372,Home,Home,South,2026-08,7670,7447
P11373,Home,Home,South,2026-08,13629,13232
P11374,Home,Home,South,2026-08,21882,21245
P11375,Home,Home,South,2026-08,12383,12022
P11376,Home,Home,South,2026-08,12734,12363
P11377,Home,Home,South,2026-08,14651,14224
P11378,Home,Home,South,2026-08,25690,24942
P11379,Home,Home,South,2026-08,30958,30056
P11380,Home,Home,South,2026-08,14944,14509
P11381,Home,Home,South,2026-08,10739,10426
P11382,Home,Home,South,2026-08,16852,16361
P11383,Home,Home,South,2026-08,14984,14548
P11384,Home,Home,South,2026-08,32313,31372
P11385,Home,Home,South,2026-08,18026,17501
P11386,Home,Home,South,2026-08,23875,23180
P11387,Home,Home,South,2026-08,30243,29362
P11388,Home,Home,South,2026-08,22512,21856
P11389,Home,Home,South,2026-08,12202,11847
P11390,Home,Home,South,2026-08,21924,21285
P11391,Home,Home,South,2026-08,16343,15867
P11392,Home,Home,South,2026-08,16898,16406
P11393,Home,Home,South,2026-08,32022,31089
P11394,Home,Home,South,2026-08,12996,12617
P11395,Home,Home,South,2026-08,18163,17634
P11396,Home,Home,South,2026-08,9772,9487
P11397,Home,Home,South,2026-08,10278,9979
P11398,Home,Home,South,2026-08,21816,21181
P11399,Home,Home,South,2026-08,25823,25071
P11400,Home,Home,South,2026-08,22713,22051
P11401,Home,Home,South,2026-08,14372,13953
P11402,Home,Home,South,2026-08,7049,6844
P11403,Home,Home,South,2026-08,18200,17670
P11404,Home,Home,South,2026-08,19123,18566
P11405,Home,Home,South,2026-08,26356,25588
P11406,Home,Home,South,2026-08,22817,22152
P11407,Home,Home,South,2026-08,29088,28241
P11408,Home,Home,East,2026-08,25758,25008
P11409,Home,Home,East,2026-08,14829,14397
P11410,Home,Home,East,2026-08,21808,21173
P11411,Home,Home,East,2026-08,24823,24100
P11412,Home,Home,East,2026-08,30316,29433
P11413,Home,Home,East,2026-08,16308,15833
P11414,Home,Home,East,2026-08,22228,21581
P11415,Home,Home,East,2026-08,15530,15078
P11416,Home,Home,East,2026-08,24576,23860
P11417,Home,Home,East,2026-08,29140,28291
P11418,Home,Home,East,2026-08,29329,28475
P11419,Home,Home,East,2026-08,9358,9085
P11420,Home,Home,East,2026-08,10589,10281
P11421,Home,Home,East,2026-08,25024,24295
P11422,Home,Home,East,2026-08,21776,21142
P11423,Home,Home,East,2026-08,28958,28115
P11424,Home,Home,East,2026-08,13464,13072
P11425,Home,Home,East,2026-08,27463,26663
P11426,Home,Home,East,2026-08,23159,22484
P11427,Home,Home,East,2026-08,10363,10061
P11428,Home,Home,East,2026-08,8555,8306
P11429,Home,Home,East,2026-08,23655,22966
P11430,Home,Home,East,2026-08,9394,9120
P11431,Home,Home,East,2026-08,26056,25297
P11432,Home,Home,East,2026-08,19839,19261
P11433,Home,Home,East,2026-08,17737,17220
P11434,Home,Home,East,2026-08,12461,12098
P11435,Home,Home,East,2026-08,31023,30119
P11436,Home,Home,East,2026-08,24165,23461
P11437,Home,Home,East,2026-08,25629,24883
P11438,Home,Home,East,2026-08,25384,24645
P11439,Home,Home,East,2026-08,20544,19946
P11440,Home,Home,East,2026-08,29865,28995
P11441,Home,Home,East,2026-08,20539,19941
P11442,Home,Home,East,2026-08,18869,18319
P11443,Home,Home,East,2026-08,12414,12052
P11444,Home,Home,East,2026-08,12624,12256
P11445,Home,Home,East,2026-08,24551,23836
P11446,Home,Home,East,2026-08,14013,13605
P11447,Home,Home,East,2026-08,24337,23628
P11448,Home,Home,East,2026-08,30206,29326
P11449,Home,Home,East,2026-08,16753,16265
P11450,Home,Home,East,2026-08,7791,7564
P11451,Home,Home,East,2026-08,22707,22046
P11452,Home,Home,East,2026-08,5491,5331
P11453,Home,Home,East,2026-08,25864,25111
P11454,Home,Home,East,2026-08,19016,18462
P11455,Home,Home,East,2026-08,18074,17548
P11456,Home,Home,East,2026-08,20163,19576
P11457,Home,Home,East,2026-08,18773,18226
P11458,Home,Home,East,2026-08,13726,13326
P11459,Home,Home,East,2026-08,12618,12250
P11460,Home,Home,East,2026-08,16124,15654
P11461,Home,Home,East,2026-08,28692,27856
P11462,Home,Home,East,2026-08,8788,8532
P11463,Home,Home,East,2026-08,13752,13351
P11464,Home,Home,East,2026-08,10280,9981
P11465,Home,Home,East,2026-08,16434,15955
P11466,Home,Home,East,2026-08,8740,8485
P11467,Home,Home,East,2026-08,25177,24444
P11468,Home,Home,East,2026-08,7953,7721
P11469,Home,Home,East,2026-08,22673,22013
P11470,Home,Home,East,2026-08,12256,11899
P11471,Home,Home,East,2026-08,17614,17101
P11472,Home,Home,East,2026-08,10481,10176
P11473,Home,Home,East,2026-08,24376,23666
P11474,Home,Home,East,2026-08,30090,29214
P11475,Home,Home,East,2026-08,11052,10730
P11476,Home,Home,East,2026-08,30218,29338
P11477,Home,Home,East,2026-08,13765,13364
P11478,Home,Home,East,2026-08,19859,19281
P11479,Home,Home,East,2026-08,23626,22938
P11480,Home,Home,East,2026-08,10463,10158
P11481,Home,Home,East,2026-08,16896,16404
P11482,Home,Home,East,2026-08,7018,6814
P11483,Home,Home,East,2026-08,23507,22822
P11484,Home,Home,East,2026-08,16159,15688
P11485,Home,Home,East,2026-08,28606,27773
P11486,Home,Home,East,2026-08,12421,12059
P11487,Home,Home,East,2026-08,29444,28586
P11488,Home,Home,East,2026-08,8936,8676
P11489,Home,Home,East,2026-08,21146,20530
P11490,Home,Home,East,2026-08,13307,12919
P11491,Home,Home,East,2026-08,10004,9713
P11492,Home,Home,East,2026-08,7702,7478
P11493,Home,Home,East,2026-08,22422,21769
P11494,Home,Home,East,2026-08,11351,11020
P11495,Home,Home,East,2026-08,20251,19661
P11496,Home,Home,East,2026-08,30906,30006
P11497,Home,Home,East,2026-08,13521,13127
P11498,Home,Home,East,2026-08,6156,5977
P11499,Home,Home,East,2026-08,8984,8722
P11500,Home,Home,East,2026-08,8368,8124
P11501,Home,Home,East,2026-08,17381,16875
P11502,Home,Home,East,2026-08,24754,24033
P11503,Home,Home,East,2026-08,13009,12630
P11504,Home,Home,East,2026-08,9063,8799
P11505,Home,Home,East,2026-08,22032,21390
P11506,Home,Home,East,2026-08,13134,12751
P11507,Home,Home,East,2026-08,20313,19721
P11508,Home,Home,East,2026-08,29710,28845
P11509,Home,Home,East,2026-08,12875,12500
P11510,Home,Home,East,2026-08,18671,18127
P11511,Home,Home,East,2026-08,26383,25615
P11512,Home,Home,East,2026-08,23367,22686
P11513,Home,Home,East,2026-08,24933,24207
P11514,Home,Home,East,2026-08,25485,24743
P11515,Home,Home,East,2026-08,19389,18824
P11516,Home,Home,East,2026-08,19288,18726
P11517,Home,Home,East,2026-08,24079,23378
P11518,Home,Home,East,2026-08,23522,22837
P11519,Home,Home,East,2026-08,22799,22135
P11520,Home,Home,East,2026-08,15254,14810
P11521,Home,Home,East,2026-08,26952,26167
P11522,Home,Home,East,2026-08,11431,11098
P11523,Home,Home,East,2026-08,9322,9050
P11524,Home,Home,East,2026-08,14286,13870
P11525,Home,Home,East,2026-08,11892,11546
P11526,Home,Home,East,2026-08,22619,21960
P11527,Home,Home,East,2026-08,11295,10966
P11528,Home,Home,East,2026-08,22444,21790
P11529,Home,Home,East,2026-08,18689,18145
P11530,Home,Home,East,2026-08,9236,8967
P11531,Home,Home,East,2026-08,12012,11662
P11532,Home,Home,East,2026-08,18913,18362
P11533,Home,Home,East,2026-08,24451,23739
P11534,Home,Home,East,2026-08,15677,15220
P11535,Home,Home,East,2026-08,11342,11012
P11536,Home,Home,East,2026-08,12973,12595
P11537,Home,Home,East,2026-08,7733,7508
P11538,Home,Home,East,2026-08,5900,5728
P11539,Home,Home,East,2026-08,30741,29846
P11540,Home,Home,West,2026-08,7058,6852
P11541,Home,Home,West,2026-08,7736,7511
P11542,Home,Home,West,2026-08,25501,24758
P11543,Home,Home,West,2026-08,20561,19962
P11544,Home,Home,West,2026-08,15145,14704
P11545,Home,Home,West,2026-08,20216,19627
P11546,Home,Home,West,2026-08,27025,26238
P11547,Home,Home,West,2026-08,7129,6921
P11548,Home,Home,West,2026-08,10565,10257
P11549,Home,Home,West,2026-08,25246,24511
P11550,Home,Home,West,2026-08,23350,22670
P11551,Home,Home,West,2026-08,28436,27608
P11552,Home,Home,West,2026-08,12236,11880
P11553,Home,Home,West,2026-08,27261,26467
P11554,Home,Home,West,2026-08,12946,12569
P11555,Home,Home,West,2026-08,21790,21155
P11556,Home,Home,West,2026-08,25781,25030
P11557,Home,Home,West,2026-08,8828,8571
P11558,Home,Home,West,2026-08,9658,9377
P11559,Home,Home,West,2026-08,18596,18054
P11560,Home,Home,West,2026-08,24855,24131
P11561,Home,Home,West,2026-08,6642,6449
P11562,Home,Home,West,2026-08,25023,24294
P11563,Home,Home,West,2026-08,12933,12556
P11564,Home,Home,West,2026-08,14434,14014
P11565,Home,Home,West,2026-08,12854,12480
P11566,Home,Home,West,2026-08,26466,25695
P11567,Home,Home,West,2026-08,7876,7647
P11568,Home,Home,West,2026-08,18436,17899
P11569,Home,Home,West,2026-08,8288,8047
P11570,Home,Home,West,2026-08,26873,26090
P11571,Home,Home,West,2026-08,23762,23070
P11572,Home,Home,West,2026-08,10330,10029
P11573,Home,Home,West,2026-08,11852,11507
P11574,Home,Home,West,2026-08,13846,13443
P11575,Home,Home,West,2026-08,14416,13996
P11576,Home,Home,West,2026-08,24224,23518
P11577,Home,Home,West,2026-08,18204,17674
P11578,Home,Home,West,2026-08,14953,14517
P11579,Home,Home,West,2026-08,21893,21255
P11580,Home,Home,West,2026-08,15664,15208
P11581,Home,Home,West,2026-08,7816,7588
P11582,Home,Home,West,2026-08,7321,7108
P11583,Home,Home,West,2026-08,12524,12159
P11584,Home,Home,West,2026-08,19117,18560
P11585,Home,Home,West,2026-08,7973,7741
P11586,Home,Home,West,2026-08,17861,17341
P11587,Home,Home,West,2026-08,11182,10856
P11588,Home,Home,West,2026-08,21321,20700
P11589,Home,Home,West,2026-08,5435,5277
P11590,Home,Home,West,2026-08,15930,15466
P11591,Home,Home,West,2026-08,6007,5832
P11592,Home,Home,West,2026-08,12632,12264
P11593,Home,Home,West,2026-08,5134,4984
P11594,Home,Home,West,2026-08,15932,15468
P11595,Home,Home,West,2026-08,23026,22355
P11596,Home,Home,West,2026-08,7148,6940
P11597,Home,Home,West,2026-08,22269,21620
P11598,Home,Home,West,2026-08,18673,18129
P11599,Home,Home,West,2026-08,16778,16289
P11600,Home,Home,West,2026-08,19036,18482
P11601,Home,Home,West,2026-08,12761,12389
P11602,Home,Home,West,2026-08,21676,21045
P11603,Home,Home,West,2026-08,23326,22647
P11604,Home,Home,West,2026-08,23292,22614
P11605,Home,Home,West,2026-08,11179,10853
P11606,Home,Home,West,2026-08,20332,19740
P11607,Home,Home,West,2026-08,8288,8047
P11608,Home,Home,West,2026-08,16558,16076
P11609,Home,Home,West,2026-08,4825,4684
P11610,Home,Home,West,2026-08,9372,9099
P11611,Home,Home,West,2026-08,19805,19228
P11612,Home,Home,West,2026-08,25582,24837
P11613,Home,Home,West,2026-08,5930,5757
P11614,Home,Home,West,2026-08,18062,17536
P11615,Home,Home,West,2026-08,19924,19344
P11616,Home,Home,West,2026-08,26963,26178
P11617,Home,Home,West,2026-08,20362,19769
P11618,Home,Home,West,2026-08,7215,7005
P11619,Home,Home,West,2026-08,8256,8016
P11620,Home,Home,West,2026-08,19901,19321
P11621,Home,Home,West,2026-08,9896,9608
P11622,Home,Home,West,2026-08,26867,26084
P11623,Home,Home,West,2026-08,26684,25907
P11624,Home,Home,West,2026-08,27351,26554
P11625,Home,Home,West,2026-08,11738,11396
P11626,Home,Home,West,2026-08,21834,21198
P11627,Home,Home,West,2026-08,20550,19951
P11628,Home,Home,West,2026-08,5610,5447
P11629,Home,Home,West,2026-08,11086,10763
P11630,Home,Home,West,2026-08,9685,9403
P11631,Home,Home,West,2026-08,13592,13196
P11632,Home,Home,West,2026-08,27456,26656
P11633,Home,Home,West,2026-08,24897,24172
P11634,Home,Home,West,2026-08,11749,11407
P11635,Home,Home,West,2026-08,17382,16876
P11636,Home,Home,West,2026-08,9340,9068
P11637,Home,Home,West,2026-08,11368,11037
P11638,Home,Home,West,2026-08,6310,6126
P11639,Home,Home,West,2026-08,20063,19479
P11640,Home,Home,West,2026-08,20404,19810
P11641,Home,Home,West,2026-08,24728,24008
P11642,Home,Home,West,2026-08,25515,24772
P11643,Home,Home,West,2026-08,8574,8324
P11644,Home,Home,West,2026-08,22455,21801
P11645,Home,Home,West,2026-08,7970,7738
P11646,Home,Home,West,2026-08,13661,13263
P11647,Home,Home,West,2026-08,17037,16541
P11648,Home,Home,West,2026-08,5940,5767
P11649,Home,Home,West,2026-08,8494,8247
P11650,Home,Home,West,2026-08,11218,10891
P11651,Home,Home,West,2026-08,7799,7572
P11652,Home,Home,West,2026-08,27004,26217
P11653,Home,Home,West,2026-08,11628,11289
P11654,Home,Home,West,2026-08,16695,16209
P11655,Home,Home,West,2026-08,28491,27661
P11656,Home,Home,West,2026-08,18255,17723
P11657,Home,Home,West,2026-08,14560,14136
P11658,Home,Home,West,2026-08,26902,26118
