policy_id,product,segment,region,period,active_policies,earned_exposure_units
P00001,Commercial,Construction,South,2026-09,1,2.1681
P00002,Commercial,Construction,South,2026-09,1,2.1681
P00003,Commercial,Construction,South,2026-09,1,2.1681
P00004,Commercial,Construction,South,2026-09,1,2.1681
P00005,Commercial,Construction,South,2026-09,1,2.1681
P00006,Commercial,Construction,South,2026-09,1,2.1681
P00007,Commercial,Construction,South,2026-09,1,2.1681
P00008,Commercial,Construction,South,2026-09,1,2.1681
P00009,Commercial,Construction,South,2026-09,1,2.1681
P00010,Commercial,Construction,South,2026-09,1,2.1681
P00011,Commercial,Construction,South,2026-09,1,2.1681
P00012,Commercial,Construction,South,2026-09,1,2.1681
P00013,Commercial,Construction,South,2026-09,1,2.1681
P00014,Commercial,Construction,South,2026-09,1,2.1681
P00015,Commercial,Construction,South,2026-09,1,2.1681
P00016,Commercial,Construction,South,2026-09,1,2.1681
P00017,Commercial,Construction,South,2026-09,1,2.1681
P00018,Commercial,Construction,South,2026-09,1,2.1681
P00019,Commercial,Construction,South,2026-09,1,2.1681
P00020,Commercial,Construction,South,2026-09,1,2.1681
P00021,Commercial,Construction,South,2026-09,1,2.1681
P00022,Commercial,Construction,South,2026-09,1,2.1681
P00023,Commercial,Construction,South,2026-09,1,2.1681
P00024,Commercial,Construction,South,2026-09,1,2.1681
P00025,Commercial,Construction,South,2026-09,1,2.1681
P00026,Commercial,Construction,South,2026-09,1,2.1681
P00027,Commercial,Construction,South,2026-09,1,2.1681
P00028,Commercial,Construction,South,2026-09,1,2.1681
P00029,Commercial,Construction,South,2026-09,1,2.1681
P00030,Commercial,Construction,South,2026-09,1,2.1681
P00031,Commercial,Construction,South,2026-09,1,2.1681
P00032,Commercial,Construction,South,2026-09,1,2.1681
P00033,Commercial,Construction,South,2026-09,1,2.1681
P00034,Commercial,Construction,South,2026-09,1,2.1681
P00035,Commercial,Construction,South,2026-09,1,2.1681
P00036,Commercial,Construction,South,2026-09,1,2.1681
P00037,Commercial,Construction,South,2026-09,1,2.1681
P00038,Commercial,Construction,South,2026-09,1,2.1681
P00039,Commercial,Construction,South,2026-09,1,2.1681
P00040,Commercial,Construction,South,2026-09,1,2.1681
P00041,Commercial,Construction,South,2026-09,1,2.1681
P00042,Commercial,Construction,South,2026-09,1,2.1681
P00043,Commercial,Construction,South,2026-09,1,2.1681
P00044,Commercial,Construction,South,2026-09,1,2.1681
P00045,Commercial,Construction,South,2026-09,1,2.1681
P00046,Commercial,Construction,South,2026-09,1,2.1681
P00047,Commercial,Construction,South,2026-09,1,2.1681
P00048,Commercial,Construction,South,2026-09,1,2.1681
P00049,Commercial,Construction,South,2026-09,1,2.1681
P00050,Commercial,Construction,South,2026-09,1,2.1681
P00051,Commercial,Construction,South,2026-09,1,2.1681
P00052,Commercial,Construction,South,2026-09,1,2.1681
P00053,Commercial,Construction,South,2026-09,1,2.1681
P00054,Commercial,Construction,South,2026-09,1,2.1681
P00055,Commercial,Construction,South,2026-09,1,2.1681
P00056,Commercial,Construction,South,2026-09,1,2.1681
P00057,Commercial,Construction,South,2026-09,1,2.1681
P00058,Commercial,Construction,South,2026-09,1,2.1681
P00059,Commercial,Construction,South,2026-09,1,2.1681
P00060,Commercial,Construction,South,2026-09,1,2.1681
P00061,Commercial,Construction,South,2026-09,1,2.1681
P00062,Commercial,Construction,South,2026-09,1,2.1681
P00063,Commercial,Construction,South,2026-09,1,2.1681
P00064,Commercial,Construction,South,2026-09,1,2.1681
P00065,Commercial,Construction,South,2026-09,1,2.1681
P00066,Commercial,Construction,South,2026-09,1,2.1681
P00067,Commercial,Construction,South,2026-09,1,2.1681
P00068,Commercial,Construction,South,2026-09,1,2.1681
P00069,Commercial,Construction,South,2026-09,1,2.1681
P00070,Commercial,Construction,South,2026-09,1,2.1681
P00071,Commercial,Construction,South,2026-09,1,2.1681
P00072,Commercial,Construction,South,2026-09,1,2.1681
P00073,Commercial,Construction,South,2026-09,1,2.1681
P00074,Commercial,Construction,South,2026-09,1,2.1681
P00075,Commercial,Construction,South,2026-09,1,2.1681
P00076,Commercial,Construction,South,2026-09,1,2.1681
P00077,Commercial,Construction,South,2026-09,1,2.1681
P00078,Commercial,Construction,South,2026-09,1,2.1681
P00079,Commercial,Construction,South,2026-09,1,2.1681
P00080,Commercial,Construction,South,2026-09,1,2.1681
P00081,Commercial,Construction,South,2026-09,1,2.1681
P00082,Commercial,Construction,South,2026-09,1,2.1681
P00083,Commercial,Construction,South,2026-09,1,2.1681
P00084,Commercial,Construction,South,2026-09,1,2.1681
P00085,Commercial,Construction,South,2026-09,1,2.1681
P00086,Commercial,Construction,South,2026-09,1,2.1681
P00087,Commercial,Construction,South,2026-09,1,2.1681
P00088,Commercial,Construction,South,2026-09,1,2.1681
P00089,Commercial,Construction,South,2026-09,1,2.1681
P00090,Commercial,Construction,South,2026-09,1,2.1681
P00091,Commercial,Construction,South,2026-09,1,2.1681
P00092,Commercial,Construction,South,2026-09,1,2.1681
P00093,Commercial,Construction,South,2026-09,1,2.1681
P00094,Commercial,Construction,South,2026-09,1,2.1681
P00095,Commercial,Construction,South,2026-09,1,2.1681
P00096,Commercial,Construction,South,2026-09,1,2.1681
P00097,Commercial,Construction,South,2026-09,1,2.1681
P00098,Commercial,Construction,South,2026-09,1,2.1681
P00099,Commercial,Construction,South,2026-09,1,2.1681
P00100,Commercial,Construction,South,2026-09,1,2.1681
P00101,Commercial,Construction,South,2026-09,1,2.1681
P00102,Commercial,Construction,South,2026-09,1,2.1681
P00103,Commercial,Construction,South,2026-09,1,2.1681
P00104,Commercial,Construction,South,2026-09,1,2.1681
P00105,Commercial,Construction,South,2026-09,1,2.1681
P00106,Commercial,Construction,South,2026-09,1,2.1681
P00107,Commercial,Construction,South,2026-09,1,2.1681
P00108,Commercial,Construction,South,2026-09,1,2.1681
P00109,Commercial,Construction,South,2026-09,1,2.1681
P00110,Commercial,Construction,South,2026-09,1,2.1681
P00111,Commercial,Construction,South,2026-09,1,2.1681
P00112,Commercial,Construction,South,2026-09,1,2.1681
P00113,Commercial,Construction,South,2026-09,1,2.1681
P00114,Commercial,Construction,South,2026-09,1,2.1681
P00115,Commercial,Construction,South,2026-09,1,2.1681
P00116,Commercial,Construction,South,2026-09,1,2.1681
P00117,Commercial,Construction,South,2026-09,1,2.1681
P00118,Commercial,Construction,South,2026-09,1,2.1681
P00119,Commercial,Construction,South,2026-09,1,2.1681
P00120,Commercial,Construction,South,2026-09,1,2.1681
P00121,Commercial,Construction,South,2026-09,1,2.1681
P00122,Commercial,Construction,South,2026-09,1,2.1681
P00123,Commercial,Construction,South,2026-09,1,2.1681
P00124,Commercial,Construction,South,2026-09,1,2.1681
P00125,Commercial,Construction,South,2026-09,1,2.1681
P00126,Commercial,Construction,South,2026-09,1,2.1681
P00127,Commercial,Construction,South,2026-09,1,2.1681
P00128,Commercial,Construction,South,2026-09,1,2.1681
P00129,Commercial,Construction,South,2026-09,1,2.1681
P00130,Commercial,Construction,South,2026-09,1,2.1681
P00131,Commercial,Construction,South,2026-09,1,2.1681
P00132,Commercial,Construction,South,2026-09,1,2.1681
P00133,Commercial,Construction,South,2026-09,1,2.1681
P00134,Commercial,Construction,South,2026-09,1,2.1681
P00135,Commercial,Construction,South,2026-09,1,2.1681
P00136,Commercial,Construction,South,2026-09,1,2.1681
P00137,Commercial,Construction,South,2026-09,1,2.1681
P00138,Commercial,Construction,South,2026-09,1,2.1681
P00139,Commercial,Construction,South,2026-09,1,2.1681
P00140,Commercial,Construction,South,2026-09,1,2.1681
P00141,Commercial,Construction,South,2026-09,1,2.1681
P00142,Commercial,Construction,South,2026-09,1,2.1681
P00143,Commercial,Construction,South,2026-09,1,2.1681
P00144,Commercial,Construction,South,2026-09,1,2.1681
P00145,Commercial,Construction,South,2026-09,1,2.1681
P00146,Commercial,Construction,South,2026-09,1,2.1681
P00147,Commercial,Construction,South,2026-09,1,2.1681
P00148,Commercial,Construction,South,2026-09,1,2.1681
P00149,Commercial,Construction,South,2026-09,1,2.1681
P00150,Commercial,Construction,South,2026-09,1,2.1681
P00151,Commercial,Construction,South,2026-09,1,2.1681
P00152,Commercial,Construction,South,2026-09,1,2.1681
P00153,Commercial,Construction,South,2026-09,1,2.1681
P00154,Commercial,Construction,South,2026-09,1,2.1681
P00155,Commercial,Construction,South,2026-09,1,2.1681
P00156,Commercial,Construction,South,2026-09,1,2.1681
P00157,Commercial,Construction,South,2026-09,1,2.1681
P00158,Commercial,Construction,South,2026-09,1,2.1681
P00159,Commercial,Construction,South,2026-09,1,2.1681
P00160,Commercial,Construction,South,2026-09,1,2.1681
P00161,Commercial,Construction,South,2026-09,1,2.1681
P00162,Commercial,Construction,South,2026-09,1,2.1681
P00163,Commercial,Construction,South,2026-09,1,2.1681
P00164,Commercial,Construction,South,2026-09,1,2.1681
P00165,Commercial,Construction,South,2026-09,1,2.1681
P00166,Commercial,Construction,South,2026-09,1,2.1681
P00167,Commercial,Construction,South,2026-09,1,2.1681
P00168,Commercial,Construction,South,2026-09,1,2.1681
P00169,Commercial,Construction,South,2026-09,1,2.1681
P00170,Commercial,Construction,South,2026-09,1,2.1681
P00171,Commercial,Construction,South,2026-09,1,2.1681
P00172,Commercial,Construction,South,2026-09,1,2.1681
P00173,Commercial,Construction,South,2026-09,1,2.1681
P00174,Commercial,Construction,South,2026-09,1,2.1681
P00175,Commercial,Construction,South,2026-09,1,2.1681
P00176,Commercial,Construction,South,2026-09,1,2.1681
P00177,Commercial,Construction,South,2026-09,1,2.1681
P00178,Commercial,Construction,South,2026-09,1,2.1681
P00179,Commercial,Construction,South,2026-09,1,2.1681
P00180,Commercial,Construction,South,2026-09,1,2.1681
P00181,Commercial,Construction,South,2026-09,1,2.1681
P00182,Commercial,Construction,South,2026-09,1,2.1681
P00183,Commercial,Construction,South,2026-09,1,2.1681
P00184,Commercial,Construction,South,2026-09,1,2.1681
P00185,Commercial,Construction,South,2026-09,1,2.1681
P00186,Commercial,Construction,South,2026-09,1,2.1681
P00187,Commercial,Construction,South,2026-09,1,2.1681
P00188,Commercial,Construction,South,2026-09,1,2.1681
P00189,Commercial,Construction,South,2026-09,1,2.1681
P00190,Commercial,Construction,South,2026-09,1,2.1681
P00191,Commercial,Construction,South,2026-09,1,2.1681
P00192,Commercial,Construction,South,2026-09,1,2.1681
P00193,Commercial,Construction,South,2026-09,1,2.1681
P00194,Commercial,Construction,South,2026-09,1,2.1681
P00195,Commercial,Construction,South,2026-09,1,2.1681
P00196,Commercial,Construction,South,2026-09,1,2.1681
P00197,Commercial,Construction,South,2026-09,1,2.1681
P00198,Commercial,Construction,South,2026-09,1,2.1681
P00199,Commercial,Construction,South,2026-09,1,2.1681
P00200,Commercial,Construction,South,2026-09,1,2.1681
P00201,Commercial,Construction,South,2026-09,1,2.1681
P00202,Commercial,Construction,South,2026-09,1,2.1681
P00203,Commercial,Construction,South,2026-09,1,2.1681
P00204,Commercial,Construction,South,2026-09,1,2.1681
P00205,Commercial,Construction,South,2026-09,1,2.1681
P00206,Commercial,Construction,South,2026-09,1,2.1681
P00207,Commercial,Construction,South,2026-09,1,2.1681
P00208,Commercial,Construction,South,2026-09,1,2.1681
P00209,Commercial,Construction,South,2026-09,1,2.1681
P00210,Commercial,Construction,South,2026-09,1,2.1681
P00211,Commercial,Construction,South,2026-09,1,2.1681
P00212,Commercial,Construction,South,2026-09,1,2.1681
P00213,Commercial,Construction,South,2026-09,1,2.1681
P00214,Commercial,Construction,South,2026-09,1,2.1681
P00215,Commercial,Construction,South,2026-09,1,2.1681
P00216,Commercial,Construction,South,2026-09,1,2.1681
P00217,Commercial,Construction,South,2026-09,1,2.1681
P00218,Commercial,Construction,South,2026-09,1,2.1681
P00219,Commercial,Construction,South,2026-09,1,2.1681
P00220,Commercial,Construction,South,2026-09,1,2.1681
P00221,Commercial,Construction,South,2026-09,1,2.1681
P00222,Commercial,Construction,South,2026-09,1,2.1681
P00223,Commercial,Construction,South,2026-09,1,2.1681
P00224,Commercial,Construction,South,2026-09,1,2.1681
P00225,Commercial,Construction,South,2026-09,1,2.1681
P00226,Commercial,Construction,South,2026-09,1,2.1681
P00227,Commercial,Construction,South,2026-09,1,2.1681
P00228,Commercial,Construction,South,2026-09,1,2.1681
P00229,Commercial,Construction,South,2026-09,1,2.1681
P00230,Commercial,Construction,South,2026-09,1,2.1681
P00231,Commercial,Construction,South,2026-09,1,2.1681
P00232,Commercial,Construction,South,2026-09,1,2.1681
P00233,Commercial,Construction,South,2026-09,1,2.1681
P00234,Commercial,Construction,South,2026-09,1,2.1681
P00235,Commercial,Construction,South,2026-09,1,2.1681
P00236,Commercial,Construction,South,2026-09,1,2.1681
P00237,Commercial,Construction,South,2026-09,1,2.1681
P00238,Commercial,Construction,South,2026-09,1,2.1681
P00239,Commercial,Construction,South,2026-09,1,2.1681
P00240,Commercial,Construction,South,2026-09,1,2.1681
P00241,Commercial,Construction,South,2026-09,1,2.1681
P00242,Commercial,Construction,South,2026-09,1,2.1681
P00243,Commercial,Construction,South,2026-09,1,2.1681
P00244,Commercial,Construction,South,2026-09,1,2.1681
P00245,Commercial,Construction,South,2026-09,1,2.1681
P00246,Commercial,Construction,South,2026-09,1,2.1681
P00247,Commercial,Construction,South,2026-09,1,2.1681
P00248,Commercial,Construction,South,2026-09,1,2.1681
P00249,Commercial,Construction,South,2026-09,1,2.1681
P00250,Commercial,Construction,South,2026-09,1,2.1681
P00251,Commercial,Construction,South,2026-09,1,2.1681
P00252,Commercial,Construction,South,2026-09,1,2.1681
P00253,Commercial,Construction,South,2026-09,1,2.1681
P00254,Commercial,Construction,South,2026-09,1,2.1681
P00255,Commercial,Construction,South,2026-09,1,2.1681
P00256,Commercial,Construction,South,2026-09,1,2.1681
P00257,Commercial,Construction,South,2026-09,1,2.1681
P00258,Commercial,Construction,South,2026-09,1,2.1681
P00259,Commercial,Construction,South,2026-09,1,2.1681
P00260,Commercial,Construction,South,2026-09,1,2.1681
P00261,Commercial,Construction,South,2026-09,1,2.1681
P00262,Commercial,Construction,South,2026-09,1,2.1681
P00263,Commercial,Construction,South,2026-09,1,2.1681
P00264,Commercial,Construction,South,2026-09,1,2.1681
P00265,Commercial,Construction,South,2026-09,1,2.1681
P00266,Commercial,Construction,South,2026-09,1,2.1681
P00267,Commercial,Construction,South,2026-09,1,2.1681
P00268,Commercial,Construction,South,2026-09,1,2.1681
P00269,Commercial,Construction,South,2026-09,1,2.1681
P00270,Commercial,Construction,South,2026-09,1,2.1681
P00271,Commercial,Construction,South,2026-09,1,2.1681
P00272,Commercial,Construction,South,2026-09,1,2.1681
P00273,Commercial,Construction,South,2026-09,1,2.1681
P00274,Commercial,Construction,South,2026-09,1,2.1681
P00275,Commercial,Construction,South,2026-09,1,2.1681
P00276,Commercial,Construction,South,2026-09,1,2.1681
P00277,Commercial,Construction,South,2026-09,1,2.1681
P00278,Commercial,Construction,South,2026-09,1,2.1681
P00279,Commercial,Construction,South,2026-09,1,2.1681
P00280,Commercial,Construction,South,2026-09,1,2.1681
P00281,Commercial,Construction,South,2026-09,1,2.1681
P00282,Commercial,Construction,South,2026-09,1,2.1681
P00283,Commercial,Construction,South,2026-09,1,2.1681
P00284,Commercial,Construction,South,2026-09,1,2.1681
P00285,Commercial,Construction,South,2026-09,1,2.1681
P00286,Commercial,Construction,South,2026-09,1,2.1681
P00287,Commercial,Construction,South,2026-09,1,2.1681
P00288,Commercial,Construction,South,2026-09,1,2.1681
P00289,Commercial,Construction,South,2026-09,1,2.1681
P00290,Commercial,Construction,South,2026-09,1,2.1681
P00291,Commercial,Construction,South,2026-09,1,2.1681
P00292,Commercial,Construction,South,2026-09,1,2.1681
P00293,Commercial,Construction,South,2026-09,1,2.1681
P00294,Commercial,Construction,South,2026-09,1,2.1681
P00295,Commercial,Construction,South,2026-09,1,2.1681
P00296,Commercial,Construction,South,2026-09,1,2.1681
P00297,Commercial,Construction,South,2026-09,1,2.1681
P00298,Commercial,Construction,South,2026-09,1,2.1681
P00299,Commercial,Construction,South,2026-09,1,2.1681
P00300,Commercial,Construction,South,2026-09,1,2.1681
P00301,Commercial,Construction,South,2026-09,1,2.1681
P00302,Commercial,Construction,South,2026-09,1,2.1681
P00303,Commercial,Construction,South,2026-09,1,2.1681
P00304,Commercial,Construction,South,2026-09,1,2.1681
P00305,Commercial,Construction,South,2026-09,1,2.1681
P00306,Commercial,Construction,South,2026-09,1,2.1681
P00307,Commercial,Construction,South,2026-09,1,2.1681
P00308,Commercial,Construction,South,2026-09,1,2.1681
P00309,Commercial,Construction,South,2026-09,1,2.1681
P00310,Commercial,Construction,South,2026-09,1,2.1681
P00311,Commercial,Construction,South,2026-09,1,2.1681
P00312,Commercial,Construction,South,2026-09,1,2.1681
P00313,Commercial,Construction,South,2026-09,1,2.1681
P00314,Commercial,Construction,South,2026-09,1,2.1681
P00315,Commercial,Construction,South,2026-09,1,2.1681
P00316,Commercial,Construction,South,2026-09,1,2.1681
P00317,Commercial,Construction,South,2026-09,1,2.1681
P00318,Commercial,Construction,South,2026-09,1,2.1681
P00319,Commercial,Construction,South,2026-09,1,2.1681
P00320,Commercial,Construction,South,2026-09,1,2.1681
P00321,Commercial,Construction,South,2026-09,1,2.1681
P00322,Commercial,Construction,South,2026-09,1,2.1681
P00323,Commercial,Construction,South,2026-09,1,2.1681
P00324,Commercial,Construction,South,2026-09,1,2.1681
P00325,Commercial,Construction,South,2026-09,1,2.1681
P00326,Commercial,Construction,South,2026-09,1,2.1681
P00327,Commercial,Construction,South,2026-09,1,2.1681
P00328,Commercial,Construction,South,2026-09,1,2.1681
P00329,Commercial,Construction,South,2026-09,1,2.1681
P00330,Commercial,Construction,South,2026-09,1,2.1681
P00331,Commercial,Construction,South,2026-09,1,2.1681
P00332,Commercial,Construction,South,2026-09,1,2.1681
P00333,Commercial,Construction,South,2026-09,1,2.1681
P00334,Commercial,Construction,South,2026-09,1,2.1681
P00335,Commercial,Construction,South,2026-09,1,2.1681
P00336,Commercial,Construction,South,2026-09,1,2.1681
P00337,Commercial,Construction,South,2026-09,1,2.1681
P00338,Commercial,Construction,South,2026-09,1,2.1681
P00339,Commercial,Construction,South,2026-09,1,2.1681
P00340,Commercial,Construction,South,2026-09,1,2.1681
P00341,Commercial,Construction,South,2026-09,1,2.1681
P00342,Commercial,Construction,South,2026-09,1,2.1681
P00343,Commercial,Construction,South,2026-09,1,2.1681
P00344,Commercial,Construction,South,2026-09,1,2.1681
P00345,Commercial,Construction,South,2026-09,1,2.1681
P00346,Commercial,Construction,South,2026-09,1,2.1681
P00347,Commercial,Construction,South,2026-09,1,2.1681
P00348,Commercial,Construction,South,2026-09,1,2.1681
P00349,Commercial,Construction,South,2026-09,1,2.1681
P00350,Commercial,Construction,South,2026-09,1,2.1681
P00351,Commercial,Construction,South,2026-09,1,2.1681
P00352,Commercial,Construction,South,2026-09,1,2.1681
P00353,Commercial,Construction,South,2026-09,1,2.1681
P00354,Commercial,Construction,South,2026-09,1,2.1681
P00355,Commercial,Construction,South,2026-09,1,2.1681
P00356,Commercial,Construction,South,2026-09,1,2.1681
P00357,Commercial,Construction,South,2026-09,1,2.1681
P00358,Commercial,Construction,South,2026-09,1,2.1681
P00359,Commercial,Construction,South,2026-09,1,2.1681
P00360,Commercial,Construction,South,2026-09,1,2.1681
P00361,Commercial,Construction,South,2026-09,1,2.1681
P00362,Commercial,Construction,South,2026-09,1,2.1681
P00363,Commercial,Construction,South,2026-09,1,2.1681
P00364,Commercial,Construction,South,2026-09,1,2.1681
P00365,Commercial,Construction,South,2026-09,1,2.1681
P00366,Commercial,Construction,South,2026-09,1,2.1681
P00367,Commercial,Construction,South,2026-09,1,2.1681
P00368,Commercial,Construction,South,2026-09,1,2.1681
P00369,Commercial,Construction,South,2026-09,1,2.1681
P00370,Commercial,Construction,South,2026-09,1,2.1681
P00371,Commercial,Construction,South,2026-09,1,2.1681
P00372,Commercial,Construction,South,2026-09,1,2.1681
P00373,Commercial,Construction,South,2026-09,1,2.1681
P00374,Commercial,Construction,South,2026-09,1,2.1681
P00375,Commercial,Construction,South,2026-09,1,2.1681
P00376,Commercial,Construction,South,2026-09,1,2.1681
P00377,Commercial,Construction,South,2026-09,1,2.1681
P00378,Commercial,Construction,South,2026-09,1,2.1681
P00379,Commercial,Construction,South,2026-09,1,2.1681
P00380,Commercial,Construction,South,2026-09,1,2.1681
P00381,Commercial,Construction,South,2026-09,1,2.1681
P00382,Commercial,Construction,South,2026-09,1,2.1681
P00383,Commercial,Construction,South,2026-09,1,2.1681
P00384,Commercial,Construction,South,2026-09,1,2.1681
P00385,Commercial,Construction,South,2026-09,1,2.1681
P00386,Commercial,Construction,South,2026-09,1,2.1681
P00387,Commercial,Construction,South,2026-09,1,2.1681
P00388,Commercial,Construction,South,2026-09,1,2.1681
P00389,Commercial,Construction,South,2026-09,1,2.1681
P00390,Commercial,Construction,South,2026-09,1,2.1681
P00391,Commercial,Construction,South,2026-09,1,2.1681
P00392,Commercial,Construction,South,2026-09,1,2.1681
P00393,Commercial,Construction,South,2026-09,1,2.1681
P00394,Commercial,Construction,South,2026-09,1,2.1681
P00395,Commercial,Construction,South,2026-09,1,2.1681
P00396,Commercial,Construction,South,2026-09,1,2.1681
P00397,Commercial,Construction,South,2026-09,1,2.1681
P00398,Commercial,Construction,South,2026-09,1,2.1681
P00399,Commercial,Construction,South,2026-09,1,2.1681
P00400,Commercial,Construction,South,2026-09,1,2.1681
P00401,Commercial,Construction,South,2026-09,1,2.1681
P00402,Commercial,Construction,South,2026-09,1,2.1681
P00403,Commercial,Construction,South,2026-09,1,2.1681
P00404,Commercial,Construction,South,2026-09,1,2.1681
P00405,Commercial,Construction,South,2026-09,1,2.1681
P00406,Commercial,Construction,South,2026-09,1,2.1681
P00407,Commercial,Construction,South,2026-09,1,2.1681
P00408,Commercial,Construction,South,2026-09,1,2.1681
P00409,Commercial,Construction,South,2026-09,1,2.1681
P00410,Commercial,Construction,South,2026-09,1,2.1681
P00411,Commercial,Construction,South,2026-09,1,2.1681
P00412,Commercial,Construction,South,2026-09,1,2.1681
P00413,Commercial,Construction,South,2026-09,1,2.1681
P00414,Commercial,Construction,South,2026-09,1,2.1681
P00415,Commercial,Construction,South,2026-09,1,2.1681
P00416,Commercial,Construction,South,2026-09,1,2.1681
P00417,Commercial,Construction,South,2026-09,1,2.1681
P00418,Commercial,Construction,South,2026-09,1,2.1681
P00419,Commercial,Construction,South,2026-09,1,2.1681
P00420,Commercial,Construction,South,2026-09,1,2.1681
P00421,Commercial,Construction,South,2026-09,1,2.1681
P00422,Commercial,Construction,South,2026-09,1,2.1681
P00423,Commercial,Construction,South,2026-09,1,2.1681
P00424,Commercial,Construction,South,2026-09,1,2.1681
P00425,Commercial,Construction,South,2026-09,1,2.1681
P00426,Commercial,Construction,South,2026-09,1,2.1681
P00427,Commercial,Construction,South,2026-09,1,2.1681
P00428,Commercial,Construction,South,2026-09,1,2.1681
P00429,Commercial,Construction,South,2026-09,1,2.1681
P00430,Commercial,Construction,South,2026-09,1,2.1681
P00431,Commercial,Construction,South,2026-09,1,2.1681
P00432,Commercial,Construction,South,2026-09,1,2.1681
P00433,Commercial,Construction,South,2026-09,1,2.1681
P00434,Commercial,Construction,South,2026-09,1,2.1681
P00435,Commercial,Construction,South,2026-09,1,2.1681
P00436,Commercial,Construction,South,2026-09,1,2.1681
P00437,Commercial,Construction,South,2026-09,1,2.1681
P00438,Commercial,Construction,South,2026-09,1,2.1681
P00439,Commercial,Construction,South,2026-09,1,2.1681
P00440,Commercial,Construction,South,2026-09,1,2.1681
P00441,Commercial,Construction,South,2026-09,1,2.1681
P00442,Commercial,Construction,South,2026-09,1,2.1681
P00443,Commercial,Construction,South,2026-09,1,2.1681
P00444,Commercial,Construction,South,2026-09,1,2.1681
P00445,Commercial,Construction,South,2026-09,1,2.1681
P00446,Commercial,Construction,South,2026-09,1,2.1681
P00447,Commercial,Construction,South,2026-09,1,2.1681
P00448,Commercial,Construction,South,2026-09,1,2.1681
P00449,Commercial,Construction,South,2026-09,1,2.1681
P00450,Commercial,Construction,South,2026-09,1,2.1681
P00451,Commercial,Construction,South,2026-09,1,2.1681
P00452,Commercial,Construction,South,2026-09,1,2.1681
P00453,Commercial,Construction,South,2026-09,1,2.1681
P00454,Commercial,Construction,South,2026-09,1,2.1681
P00455,Commercial,Construction,South,2026-09,1,2.1681
P00456,Commercial,Construction,South,2026-09,1,2.1681
P00457,Commercial,Construction,South,2026-09,1,2.1681
P00458,Commercial,Construction,South,2026-09,1,2.1681
P00459,Commercial,Construction,South,2026-09,1,2.1681
P00460,Commercial,Construction,South,2026-09,1,2.1681
P00461,Commercial,Construction,South,2026-09,1,2.1681
P00462,Commercial,Construction,South,2026-09,1,2.1681
P00463,Commercial,Construction,South,2026-09,1,2.1681
P00464,Commercial,Construction,South,2026-09,1,2.1681
P00465,Commercial,Construction,South,2026-09,1,2.1681
P00466,Commercial,Construction,South,2026-09,1,2.1681
P00467,Commercial,Construction,South,2026-09,1,2.1681
P00468,Commercial,Construction,South,2026-09,1,2.1681
P00469,Commercial,Construction,South,2026-09,1,2.1681
P00470,Commercial,Construction,South,2026-09,1,2.1681
P00471,Commercial,Construction,North,2026-09,1,1.0
P00472,Commercial,Construction,North,2026-09,1,1.0
P00473,Commercial,Construction,North,2026-09,1,1.0
P00474,Commercial,Construction,North,2026-09,1,1.0
P00475,Commercial,Construction,North,2026-09,1,1.0
P00476,Commercial,Construction,North,2026-09,1,1.0
P00477,Commercial,Construction,North,2026-09,1,1.0
P00478,Commercial,Construction,North,2026-09,1,1.0
P00479,Commercial,Construction,North,2026-09,1,1.0
P00480,Commercial,Construction,North,2026-09,1,1.0
P00481,Commercial,Construction,North,2026-09,1,1.0
P00482,Commercial,Construction,North,2026-09,1,1.0
P00483,Commercial,Construction,North,2026-09,1,1.0
P00484,Commercial,Construction,North,2026-09,1,1.0
P00485,Commercial,Construction,North,2026-09,1,1.0
P00486,Commercial,Construction,North,2026-09,1,1.0
P00487,Commercial,Construction,North,2026-09,1,1.0
P00488,Commercial,Construction,North,2026-09,1,1.0
P00489,Commercial,Construction,North,2026-09,1,1.0
P00490,Commercial,Construction,North,2026-09,1,1.0
P00491,Commercial,Construction,North,2026-09,1,1.0
P00492,Commercial,Construction,North,2026-09,1,1.0
P00493,Commercial,Construction,North,2026-09,1,1.0
P00494,Commercial,Construction,North,2026-09,1,1.0
P00495,Commercial,Construction,North,2026-09,1,1.0
P00496,Commercial,Construction,North,2026-09,1,1.0
P00497,Commercial,Construction,North,2026-09,1,1.0
P00498,Commercial,Construction,North,2026-09,1,1.0
P00499,Commercial,Construction,North,2026-09,1,1.0
P00500,Commercial,Construction,North,2026-09,1,1.0
P00501,Commercial,Construction,North,2026-09,1,1.0
P00502,Commercial,Construction,North,2026-09,1,1.0
P00503,Commercial,Construction,North,2026-09,1,1.0
P00504,Commercial,Construction,North,2026-09,1,1.0
P00505,Commercial,Construction,North,2026-09,1,1.0
P00506,Commercial,Construction,North,2026-09,1,1.0
P00507,Commercial,Construction,North,2026-09,1,1.0
P00508,Commercial,Construction,North,2026-09,1,1.0
P00509,Commercial,Construction,North,2026-09,1,1.0
P00510,Commercial,Construction,North,2026-09,1,1.0
P00511,Commercial,Construction,North,2026-09,1,1.0
P00512,Commercial,Construction,North,2026-09,1,1.0
P00513,Commercial,Construction,North,2026-09,1,1.0
P00514,Commercial,Construction,North,2026-09,1,1.0
P00515,Commercial,Construction,North,2026-09,1,1.0
P00516,Commercial,Construction,North,2026-09,1,1.0
P00517,Commercial,Construction,North,2026-09,1,1.0
P00518,Commercial,Construction,North,2026-09,1,1.0
P00519,Commercial,Construction,North,2026-09,1,1.0
P00520,Commercial,Construction,North,2026-09,1,1.0
P00521,Commercial,Construction,North,2026-09,1,1.0
P00522,Commercial,Construction,North,2026-09,1,1.0
P00523,Commercial,Construction,North,2026-09,1,1.0
P00524,Commercial,Construction,North,2026-09,1,1.0
P00525,Commercial,Construction,North,2026-09,1,1.0
P00526,Commercial,Construction,North,2026-09,1,1.0
P00527,Commercial,Construction,North,2026-09,1,1.0
P00528,Commercial,Construction,North,2026-09,1,1.0
P00529,Commercial,Construction,North,2026-09,1,1.0
P00530,Commercial,Construction,North,2026-09,1,1.0
P00531,Commercial,Construction,North,2026-09,1,1.0
P00532,Commercial,Construction,North,2026-09,1,1.0
P00533,Commercial,Construction,North,2026-09,1,1.0
P00534,Commercial,Construction,North,2026-09,1,1.0
P00535,Commercial,Construction,North,2026-09,1,1.0
P00536,Commercial,Construction,North,2026-09,1,1.0
P00537,Commercial,Construction,North,2026-09,1,1.0
P00538,Commercial,Construction,North,2026-09,1,1.0
P00539,Commercial,Construction,North,2026-09,1,1.0
P00540,Commercial,Construction,North,2026-09,1,1.0
P00541,Commercial,Construction,North,2026-09,1,1.0
P00542,Commercial,Construction,North,2026-09,1,1.0
P00543,Commercial,Construction,North,2026-09,1,1.0
P00544,Commercial,Construction,North,2026-09,1,1.0
P00545,Commercial,Construction,North,2026-09,1,1.0
P00546,Commercial,Construction,North,2026-09,1,1.0
P00547,Commercial,Construction,North,2026-09,1,1.0
P00548,Commercial,Construction,North,2026-09,1,1.0
P00549,Commercial,Construction,North,2026-09,1,1.0
P00550,Commercial,Construction,North,2026-09,1,1.0
P00551,Commercial,Construction,North,2026-09,1,1.0
P00552,Commercial,Construction,North,2026-09,1,1.0
P00553,Commercial,Construction,North,2026-09,1,1.0
P00554,Commercial,Construction,North,2026-09,1,1.0
P00555,Commercial,Construction,North,2026-09,1,1.0
P00556,Commercial,Construction,North,2026-09,1,1.0
P00557,Commercial,Construction,North,2026-09,1,1.0
P00558,Commercial,Construction,North,2026-09,1,1.0
P00559,Commercial,Construction,North,2026-09,1,1.0
P00560,Commercial,Construction,North,2026-09,1,1.0
P00561,Commercial,Construction,North,2026-09,1,1.0
P00562,Commercial,Construction,North,2026-09,1,1.0
P00563,Commercial,Construction,North,2026-09,1,1.0
P00564,Commercial,Construction,North,2026-09,1,1.0
P00565,Commercial,Construction,North,2026-09,1,1.0
P00566,Commercial,Construction,North,2026-09,1,1.0
P00567,Commercial,Construction,North,2026-09,1,1.0
P00568,Commercial,Construction,North,2026-09,1,1.0
P00569,Commercial,Construction,North,2026-09,1,1.0
P00570,Commercial,Construction,North,2026-09,1,1.0
P00571,Commercial,Construction,North,2026-09,1,1.0
P00572,Commercial,Construction,North,2026-09,1,1.0
P00573,Commercial,Construction,North,2026-09,1,1.0
P00574,Commercial,Construction,North,2026-09,1,1.0
P00575,Commercial,Construction,North,2026-09,1,1.0
P00576,Commercial,Construction,North,2026-09,1,1.0
P00577,Commercial,Construction,North,2026-09,1,1.0
P00578,Commercial,Construction,North,2026-09,1,1.0
P00579,Commercial,Construction,North,2026-09,1,1.0
P00580,Commercial,Construction,North,2026-09,1,1.0
P00581,Commercial,Construction,North,2026-09,1,1.0
P00582,Commercial,Construction,North,2026-09,1,1.0
P00583,Commercial,Construction,North,2026-09,1,1.0
P00584,Commercial,Construction,North,2026-09,1,1.0
P00585,Commercial,Construction,North,2026-09,1,1.0
P00586,Commercial,Construction,North,2026-09,1,1.0
P00587,Commercial,Construction,North,2026-09,1,1.0
P00588,Commercial,Construction,North,2026-09,1,1.0
P00589,Commercial,Construction,North,2026-09,1,1.0
P00590,Commercial,Construction,North,2026-09,1,1.0
P00591,Commercial,Construction,North,2026-09,1,1.0
P00592,Commercial,Construction,North,2026-09,1,1.0
P00593,Commercial,Construction,North,2026-09,1,1.0
P00594,Commercial,Construction,North,2026-09,1,1.0
P00595,Commercial,Construction,North,2026-09,1,1.0
P00596,Commercial,Construction,North,2026-09,1,1.0
P00597,Commercial,Construction,North,2026-09,1,1.0
P00598,Commercial,Construction,North,2026-09,1,1.0
P00599,Commercial,Construction,North,2026-09,1,1.0
P00600,Commercial,Construction,North,2026-09,1,1.0
P00601,Commercial,Construction,North,2026-09,1,1.0
P00602,Commercial,Construction,North,2026-09,1,1.0
P00603,Commercial,Construction,North,2026-09,1,1.0
P00604,Commercial,Construction,North,2026-09,1,1.0
P00605,Commercial,Construction,North,2026-09,1,1.0
P00606,Commercial,Construction,North,2026-09,1,1.0
P00607,Commercial,Construction,North,2026-09,1,1.0
P00608,Commercial,Construction,North,2026-09,1,1.0
P00609,Commercial,Construction,North,2026-09,1,1.0
P00610,Commercial,Construction,North,2026-09,1,1.0
P00611,Commercial,Construction,North,2026-09,1,1.0
P00612,Commercial,Construction,North,2026-09,1,1.0
P00613,Commercial,Construction,North,2026-09,1,1.0
P00614,Commercial,Construction,North,2026-09,1,1.0
P00615,Commercial,Construction,North,2026-09,1,1.0
P00616,Commercial,Construction,North,2026-09,1,1.0
P00617,Commercial,Construction,North,2026-09,1,1.0
P00618,Commercial,Construction,North,2026-09,1,1.0
P00619,Commercial,Construction,North,2026-09,1,1.0
P00620,Commercial,Construction,North,2026-09,1,1.0
P00621,Commercial,Construction,North,2026-09,1,1.0
P00622,Commercial,Construction,North,2026-09,1,1.0
P00623,Commercial,Construction,North,2026-09,1,1.0
P00624,Commercial,Construction,North,2026-09,1,1.0
P00625,Commercial,Construction,North,2026-09,1,1.0
P00626,Commercial,Construction,North,2026-09,1,1.0
P00627,Commercial,Construction,North,2026-09,1,1.0
P00628,Commercial,Construction,North,2026-09,1,1.0
P00629,Commercial,Construction,North,2026-09,1,1.0
P00630,Commercial,Construction,North,2026-09,1,1.0
P00631,Commercial,Construction,North,2026-09,1,1.0
P00632,Commercial,Construction,North,2026-09,1,1.0
P00633,Commercial,Construction,North,2026-09,1,1.0
P00634,Commercial,Construction,North,2026-09,1,1.0
P00635,Commercial,Construction,North,2026-09,1,1.0
P00636,Commercial,Construction,North,2026-09,1,1.0
P00637,Commercial,Construction,North,2026-09,1,1.0
P00638,Commercial,Construction,North,2026-09,1,1.0
P00639,Commercial,Construction,North,2026-09,1,1.0
P00640,Commercial,Construction,North,2026-09,1,1.0
P00641,Commercial,Construction,North,2026-09,1,1.0
P00642,Commercial,Construction,North,2026-09,1,1.0
P00643,Commercial,Construction,North,2026-09,1,1.0
P00644,Commercial,Construction,North,2026-09,1,1.0
P00645,Commercial,Construction,North,2026-09,1,1.0
P00646,Commercial,Construction,North,2026-09,1,1.0
P00647,Commercial,Construction,North,2026-09,1,1.0
P00648,Commercial,Construction,North,2026-09,1,1.0
P00649,Commercial,Construction,North,2026-09,1,1.0
P00650,Commercial,Construction,North,2026-09,1,1.0
P00651,Commercial,Construction,North,2026-09,1,1.0
P00652,Commercial,Construction,North,2026-09,1,1.0
P00653,Commercial,Construction,North,2026-09,1,1.0
P00654,Commercial,Construction,North,2026-09,1,1.0
P00655,Commercial,Construction,North,2026-09,1,1.0
P00656,Commercial,Construction,North,2026-09,1,1.0
P00657,Commercial,Construction,North,2026-09,1,1.0
P00658,Commercial,Construction,North,2026-09,1,1.0
P00659,Commercial,Construction,North,2026-09,1,1.0
P00660,Commercial,Construction,North,2026-09,1,1.0
P00661,Commercial,Construction,North,2026-09,1,1.0
P00662,Commercial,Construction,North,2026-09,1,1.0
P00663,Commercial,Construction,North,2026-09,1,1.0
P00664,Commercial,Construction,North,2026-09,1,1.0
P00665,Commercial,Construction,North,2026-09,1,1.0
P00666,Commercial,Construction,North,2026-09,1,1.0
P00667,Commercial,Construction,North,2026-09,1,1.0
P00668,Commercial,Construction,North,2026-09,1,1.0
P00669,Commercial,Construction,North,2026-09,1,1.0
P00670,Commercial,Construction,North,2026-09,1,1.0
P00671,Commercial,Construction,North,2026-09,1,1.0
P00672,Commercial,Construction,North,2026-09,1,1.0
P00673,Commercial,Construction,North,2026-09,1,1.0
P00674,Commercial,Construction,North,2026-09,1,1.0
P00675,Commercial,Construction,North,2026-09,1,1.0
P00676,Commercial,Construction,North,2026-09,1,1.0
P00677,Commercial,Construction,North,2026-09,1,1.0
P00678,Commercial,Construction,North,2026-09,1,1.0
P00679,Commercial,Construction,North,2026-09,1,1.0
P00680,Commercial,Construction,North,2026-09,1,1.0
P00681,Commercial,Construction,North,2026-09,1,1.0
P00682,Commercial,Construction,North,2026-09,1,1.0
P00683,Commercial,Construction,North,2026-09,1,1.0
P00684,Commercial,Construction,North,2026-09,1,1.0
P00685,Commercial,Construction,North,2026-09,1,1.0
P00686,Commercial,Construction,North,2026-09,1,1.0
P00687,Commercial,Construction,North,2026-09,1,1.0
P00688,Commercial,Construction,North,2026-09,1,1.0
P00689,Commercial,Construction,North,2026-09,1,1.0
P00690,Commercial,Construction,North,2026-09,1,1.0
P00691,Commercial,Construction,North,2026-09,1,1.0
P00692,Commercial,Construction,North,2026-09,1,1.0
P00693,Commercial,Construction,North,2026-09,1,1.0
P00694,Commercial,Construction,North,2026-09,1,1.0
P00695,Commercial,Construction,North,2026-09,1,1.0
P00696,Commercial,Construction,North,2026-09,1,1.0
P00697,Commercial,Construction,North,2026-09,1,1.0
P00698,Commercial,Construction,North,2026-09,1,1.0
P00699,Commercial,Construction,North,2026-09,1,1.0
P00700,Commercial,Construction,North,2026-09,1,1.0
P00701,Commercial,Construction,North,2026-09,1,1.0
P00702,Commercial,Construction,North,2026-09,1,1.0
P00703,Commercial,Construction,North,2026-09,1,1.0
P00704,Commercial,Construction,North,2026-09,1,1.0
P00705,Commercial,Construction,North,2026-09,1,1.0
P00706,Commercial,Construction,North,2026-09,1,1.0
P00707,Commercial,Construction,North,2026-09,1,1.0
P00708,Commercial,Construction,North,2026-09,1,1.0
P00709,Commercial,Construction,North,2026-09,1,1.0
P00710,Commercial,Construction,North,2026-09,1,1.0
P00711,Commercial,Construction,North,2026-09,1,1.0
P00712,Commercial,Construction,North,2026-09,1,1.0
P00713,Commercial,Construction,North,2026-09,1,1.0
P00714,Commercial,Construction,North,2026-09,1,1.0
P00715,Commercial,Construction,North,2026-09,1,1.0
P00716,Commercial,Construction,North,2026-09,1,1.0
P00717,Commercial,Construction,North,2026-09,1,1.0
P00718,Commercial,Construction,North,2026-09,1,1.0
P00719,Commercial,Construction,North,2026-09,1,1.0
P00720,Commercial,Construction,North,2026-09,1,1.0
P00721,Commercial,Construction,North,2026-09,1,1.0
P00722,Commercial,Construction,North,2026-09,1,1.0
P00723,Commercial,Construction,North,2026-09,1,1.0
P00724,Commercial,Construction,North,2026-09,1,1.0
P00725,Commercial,Construction,North,2026-09,1,1.0
P00726,Commercial,Construction,North,2026-09,1,1.0
P00727,Commercial,Construction,North,2026-09,1,1.0
P00728,Commercial,Construction,North,2026-09,1,1.0
P00729,Commercial,Construction,North,2026-09,1,1.0
P00730,Commercial,Construction,North,2026-09,1,1.0
P00731,Commercial,Construction,East,2026-09,1,1.0
P00732,Commercial,Construction,East,2026-09,1,1.0
P00733,Commercial,Construction,East,2026-09,1,1.0
P00734,Commercial,Construction,East,2026-09,1,1.0
P00735,Commercial,Construction,East,2026-09,1,1.0
P00736,Commercial,Construction,East,2026-09,1,1.0
P00737,Commercial,Construction,East,2026-09,1,1.0
P00738,Commercial,Construction,East,2026-09,1,1.0
P00739,Commercial,Construction,East,2026-09,1,1.0
P00740,Commercial,Construction,East,2026-09,1,1.0
P00741,Commercial,Construction,East,2026-09,1,1.0
P00742,Commercial,Construction,East,2026-09,1,1.0
P00743,Commercial,Construction,East,2026-09,1,1.0
P00744,Commercial,Construction,East,2026-09,1,1.0
P00745,Commercial,Construction,East,2026-09,1,1.0
P00746,Commercial,Construction,East,2026-09,1,1.0
P00747,Commercial,Construction,East,2026-09,1,1.0
P00748,Commercial,Construction,East,2026-09,1,1.0
P00749,Commercial,Construction,East,2026-09,1,1.0
P00750,Commercial,Construction,East,2026-09,1,1.0
P00751,Commercial,Construction,East,2026-09,1,1.0
P00752,Commercial,Construction,East,2026-09,1,1.0
P00753,Commercial,Construction,East,2026-09,1,1.0
P00754,Commercial,Construction,East,2026-09,1,1.0
P00755,Commercial,Construction,East,2026-09,1,1.0
P00756,Commercial,Construction,East,2026-09,1,1.0
P00757,Commercial,Construction,East,2026-09,1,1.0
P00758,Commercial,Construction,East,2026-09,1,1.0
P00759,Commercial,Construction,East,2026-09,1,1.0
P00760,Commercial,Construction,East,2026-09,1,1.0
P00761,Commercial,Construction,East,2026-09,1,1.0
P00762,Commercial,Construction,East,2026-09,1,1.0
P00763,Commercial,Construction,East,2026-09,1,1.0
P00764,Commercial,Construction,East,2026-09,1,1.0
P00765,Commercial,Construction,East,2026-09,1,1.0
P00766,Commercial,Construction,East,2026-09,1,1.0
P00767,Commercial,Construction,East,2026-09,1,1.0
P00768,Commercial,Construction,East,2026-09,1,1.0
P00769,Commercial,Construction,East,2026-09,1,1.0
P00770,Commercial,Construction,East,2026-09,1,1.0
P00771,Commercial,Construction,East,2026-09,1,1.0
P00772,Commercial,Construction,East,2026-09,1,1.0
P00773,Commercial,Construction,East,2026-09,1,1.0
P00774,Commercial,Construction,East,2026-09,1,1.0
P00775,Commercial,Construction,East,2026-09,1,1.0
P00776,Commercial,Construction,East,2026-09,1,1.0
P00777,Commercial,Construction,East,2026-09,1,1.0
P00778,Commercial,Construction,East,2026-09,1,1.0
P00779,Commercial,Construction,East,2026-09,1,1.0
P00780,Commercial,Construction,East,2026-09,1,1.0
P00781,Commercial,Construction,East,2026-09,1,1.0
P00782,Commercial,Construction,East,2026-09,1,1.0
P00783,Commercial,Construction,East,2026-09,1,1.0
P00784,Commercial,Construction,East,2026-09,1,1.0
P00785,Commercial,Construction,East,2026-09,1,1.0
P00786,Commercial,Construction,East,2026-09,1,1.0
P00787,Commercial,Construction,East,2026-09,1,1.0
P00788,Commercial,Construction,East,2026-09,1,1.0
P00789,Commercial,Construction,East,2026-09,1,1.0
P00790,Commercial,Construction,East,2026-09,1,1.0
P00791,Commercial,Construction,East,2026-09,1,1.0
P00792,Commercial,Construction,East,2026-09,1,1.0
P00793,Commercial,Construction,East,2026-09,1,1.0
P00794,Commercial,Construction,East,2026-09,1,1.0
P00795,Commercial,Construction,East,2026-09,1,1.0
P00796,Commercial,Construction,East,2026-09,1,1.0
P00797,Commercial,Construction,East,2026-09,1,1.0
P00798,Commercial,Construction,East,2026-09,1,1.0
P00799,Commercial,Construction,East,2026-09,1,1.0
P00800,Commercial,Construction,East,2026-09,1,1.0
P00801,Commercial,Construction,East,2026-09,1,1.0
P00802,Commercial,Construction,East,2026-09,1,1.0
P00803,Commercial,Construction,East,2026-09,1,1.0
P00804,Commercial,Construction,East,2026-09,1,1.0
P00805,Commercial,Construction,East,2026-09,1,1.0
P00806,Commercial,Construction,East,2026-09,1,1.0
P00807,Commercial,Construction,East,2026-09,1,1.0
P00808,Commercial,Construction,East,2026-09,1,1.0
P00809,Commercial,Construction,East,2026-09,1,1.0
P00810,Commercial,Construction,East,2026-09,1,1.0
P00811,Commercial,Construction,East,2026-09,1,1.0
P00812,Commercial,Construction,East,2026-09,1,1.0
P00813,Commercial,Construction,East,2026-09,1,1.0
P00814,Commercial,Construction,East,2026-09,1,1.0
P00815,Commercial,Construction,East,2026-09,1,1.0
P00816,Commercial,Construction,East,2026-09,1,1.0
P00817,Commercial,Construction,East,2026-09,1,1.0
P00818,Commercial,Construction,East,2026-09,1,1.0
P00819,Commercial,Construction,East,2026-09,1,1.0
P00820,Commercial,Construction,East,2026-09,1,1.0
P00821,Commercial,Construction,East,2026-09,1,1.0
P00822,Commercial,Construction,East,2026-09,1,1.0
P00823,Commercial,Construction,East,2026-09,1,1.0
P00824,Commercial,Construction,East,2026-09,1,1.0
P00825,Commercial,Construction,East,2026-09,1,1.0
P00826,Commercial,Construction,East,2026-09,1,1.0
P00827,Commercial,Construction,East,2026-09,1,1.0
P00828,Commercial,Construction,East,2026-09,1,1.0
P00829,Commercial,Construction,East,2026-09,1,1.0
P00830,Commercial,Construction,East,2026-09,1,1.0
P00831,Commercial,Construction,East,2026-09,1,1.0
P00832,Commercial,Construction,East,2026-09,1,1.0
P00833,Commercial,Construction,East,2026-09,1,1.0
P00834,Commercial,Construction,East,2026-09,1,1.0
P00835,Commercial,Construction,East,2026-09,1,1.0
P00836,Commercial,Construction,East,2026-09,1,1.0
P00837,Commercial,Construction,East,2026-09,1,1.0
P00838,Commercial,Construction,East,2026-09,1,1.0
P00839,Commercial,Construction,East,2026-09,1,1.0
P00840,Commercial,Construction,East,2026-09,1,1.0
P00841,Commercial,Construction,East,2026-09,1,1.0
P00842,Commercial,Construction,East,2026-09,1,1.0
P00843,Commercial,Construction,East,2026-09,1,1.0
P00844,Commercial,Construction,East,2026-09,1,1.0
P00845,Commercial,Construction,East,2026-09,1,1.0
P00846,Commercial,Construction,East,2026-09,1,1.0
P00847,Commercial,Construction,East,2026-09,1,1.0
P00848,Commercial,Construction,East,2026-09,1,1.0
P00849,Commercial,Construction,East,2026-09,1,1.0
P00850,Commercial,Construction,East,2026-09,1,1.0
P00851,Commercial,Construction,East,2026-09,1,1.0
P00852,Commercial,Construction,East,2026-09,1,1.0
P00853,Commercial,Construction,East,2026-09,1,1.0
P00854,Commercial,Construction,East,2026-09,1,1.0
P00855,Commercial,Construction,East,2026-09,1,1.0
P00856,Commercial,Construction,East,2026-09,1,1.0
P00857,Commercial,Construction,East,2026-09,1,1.0
P00858,Commercial,Construction,East,2026-09,1,1.0
P00859,Commercial,Construction,East,2026-09,1,1.0
P00860,Commercial,Construction,East,2026-09,1,1.0
P00861,Commercial,Construction,East,2026-09,1,1.0
P00862,Commercial,Construction,East,2026-09,1,1.0
P00863,Commercial,Construction,East,2026-09,1,1.0
P00864,Commercial,Construction,East,2026-09,1,1.0
P00865,Commercial,Construction,East,2026-09,1,1.0
P00866,Commercial,Construction,East,2026-09,1,1.0
P00867,Commercial,Construction,East,2026-09,1,1.0
P00868,Commercial,Construction,East,2026-09,1,1.0
P00869,Commercial,Construction,East,2026-09,1,1.0
P00870,Commercial,Construction,East,2026-09,1,1.0
P00871,Commercial,Construction,East,2026-09,1,1.0
P00872,Commercial,Construction,East,2026-09,1,1.0
P00873,Commercial,Construction,East,2026-09,1,1.0
P00874,Commercial,Construction,East,2026-09,1,1.0
P00875,Commercial,Construction,East,2026-09,1,1.0
P00876,Commercial,Construction,East,2026-09,1,1.0
P00877,Commercial,Construction,East,2026-09,1,1.0
P00878,Commercial,Construction,East,2026-09,1,1.0
P00879,Commercial,Construction,East,2026-09,1,1.0
P00880,Commercial,Construction,East,2026-09,1,1.0
P00881,Commercial,Construction,East,2026-09,1,1.0
P00882,Commercial,Construction,East,2026-09,1,1.0
P00883,Commercial,Construction,East,2026-09,1,1.0
P00884,Commercial,Construction,East,2026-09,1,1.0
P00885,Commercial,Construction,East,2026-09,1,1.0
P00886,Commercial,Construction,East,2026-09,1,1.0
P00887,Commercial,Construction,East,2026-09,1,1.0
P00888,Commercial,Construction,East,2026-09,1,1.0
P00889,Commercial,Construction,East,2026-09,1,1.0
P00890,Commercial,Construction,East,2026-09,1,1.0
P00891,Commercial,Construction,East,2026-09,1,1.0
P00892,Commercial,Construction,East,2026-09,1,1.0
P00893,Commercial,Construction,East,2026-09,1,1.0
P00894,Commercial,Construction,East,2026-09,1,1.0
P00895,Commercial,Construction,East,2026-09,1,1.0
P00896,Commercial,Construction,East,2026-09,1,1.0
P00897,Commercial,Construction,East,2026-09,1,1.0
P00898,Commercial,Construction,East,2026-09,1,1.0
P00899,Commercial,Construction,East,2026-09,1,1.0
P00900,Commercial,Construction,East,2026-09,1,1.0
P00901,Commercial,Construction,East,2026-09,1,1.0
P00902,Commercial,Construction,East,2026-09,1,1.0
P00903,Commercial,Construction,East,2026-09,1,1.0
P00904,Commercial,Construction,East,2026-09,1,1.0
P00905,Commercial,Construction,East,2026-09,1,1.0
P00906,Commercial,Construction,East,2026-09,1,1.0
P00907,Commercial,Construction,East,2026-09,1,1.0
P00908,Commercial,Construction,East,2026-09,1,1.0
P00909,Commercial,Construction,East,2026-09,1,1.0
P00910,Commercial,Construction,East,2026-09,1,1.0
P00911,Commercial,Construction,East,2026-09,1,1.0
P00912,Commercial,Construction,East,2026-09,1,1.0
P00913,Commercial,Construction,East,2026-09,1,1.0
P00914,Commercial,Construction,East,2026-09,1,1.0
P00915,Commercial,Construction,East,2026-09,1,1.0
P00916,Commercial,Construction,East,2026-09,1,1.0
P00917,Commercial,Construction,East,2026-09,1,1.0
P00918,Commercial,Construction,East,2026-09,1,1.0
P00919,Commercial,Construction,East,2026-09,1,1.0
P00920,Commercial,Construction,East,2026-09,1,1.0
P00921,Commercial,Construction,East,2026-09,1,1.0
P00922,Commercial,Construction,East,2026-09,1,1.0
P00923,Commercial,Construction,East,2026-09,1,1.0
P00924,Commercial,Construction,East,2026-09,1,1.0
P00925,Commercial,Construction,East,2026-09,1,1.0
P00926,Commercial,Construction,East,2026-09,1,1.0
P00927,Commercial,Construction,East,2026-09,1,1.0
P00928,Commercial,Construction,East,2026-09,1,1.0
P00929,Commercial,Construction,East,2026-09,1,1.0
P00930,Commercial,Construction,East,2026-09,1,1.0
P00931,Commercial,Construction,East,2026-09,1,1.0
P00932,Commercial,Construction,East,2026-09,1,1.0
P00933,Commercial,Construction,East,2026-09,1,1.0
P00934,Commercial,Construction,East,2026-09,1,1.0
P00935,Commercial,Construction,East,2026-09,1,1.0
P00936,Commercial,Construction,East,2026-09,1,1.0
P00937,Commercial,Construction,East,2026-09,1,1.0
P00938,Commercial,Construction,East,2026-09,1,1.0
P00939,Commercial,Construction,East,2026-09,1,1.0
P00940,Commercial,Construction,East,2026-09,1,1.0
P00941,Commercial,Construction,East,2026-09,1,1.0
P00942,Commercial,Construction,East,2026-09,1,1.0
P00943,Commercial,Construction,East,2026-09,1,1.0
P00944,Commercial,Construction,East,2026-09,1,1.0
P00945,Commercial,Construction,East,2026-09,1,1.0
P00946,Commercial,Construction,East,2026-09,1,1.0
P00947,Commercial,Construction,East,2026-09,1,1.0
P00948,Commercial,Construction,East,2026-09,1,1.0
P00949,Commercial,Construction,East,2026-09,1,1.0
P00950,Commercial,Construction,East,2026-09,1,1.0
P00951,Commercial,Construction,West,2026-09,1,1.0
P00952,Commercial,Construction,West,2026-09,1,1.0
P00953,Commercial,Construction,West,2026-09,1,1.0
P00954,Commercial,Construction,West,2026-09,1,1.0
P00955,Commercial,Construction,West,2026-09,1,1.0
P00956,Commercial,Construction,West,2026-09,1,1.0
P00957,Commercial,Construction,West,2026-09,1,1.0
P00958,Commercial,Construction,West,2026-09,1,1.0
P00959,Commercial,Construction,West,2026-09,1,1.0
P00960,Commercial,Construction,West,2026-09,1,1.0
P00961,Commercial,Construction,West,2026-09,1,1.0
P00962,Commercial,Construction,West,2026-09,1,1.0
P00963,Commercial,Construction,West,2026-09,1,1.0
P00964,Commercial,Construction,West,2026-09,1,1.0
P00965,Commercial,Construction,West,2026-09,1,1.0
P00966,Commercial,Construction,West,2026-09,1,1.0
P00967,Commercial,Construction,West,2026-09,1,1.0
P00968,Commercial,Construction,West,2026-09,1,1.0
P00969,Commercial,Construction,West,2026-09,1,1.0
P00970,Commercial,Construction,West,2026-09,1,1.0
P00971,Commercial,Construction,West,2026-09,1,1.0
P00972,Commercial,Construction,West,2026-09,1,1.0
P00973,Commercial,Construction,West,2026-09,1,1.0
P00974,Commercial,Construction,West,2026-09,1,1.0
P00975,Commercial,Construction,West,2026-09,1,1.0
P00976,Commercial,Construction,West,2026-09,1,1.0
P00977,Commercial,Construction,West,2026-09,1,1.0
P00978,Commercial,Construction,West,2026-09,1,1.0
P00979,Commercial,Construction,West,2026-09,1,1.0
P00980,Commercial,Construction,West,2026-09,1,1.0
P00981,Commercial,Construction,West,2026-09,1,1.0
P00982,Commercial,Construction,West,2026-09,1,1.0
P00983,Commercial,Construction,West,2026-09,1,1.0
P00984,Commercial,Construction,West,2026-09,1,1.0
P00985,Commercial,Construction,West,2026-09,1,1.0
P00986,Commercial,Construction,West,2026-09,1,1.0
P00987,Commercial,Construction,West,2026-09,1,1.0
P00988,Commercial,Construction,West,2026-09,1,1.0
P00989,Commercial,Construction,West,2026-09,1,1.0
P00990,Commercial,Construction,West,2026-09,1,1.0
P00991,Commercial,Construction,West,2026-09,1,1.0
P00992,Commercial,Construction,West,2026-09,1,1.0
P00993,Commercial,Construction,West,2026-09,1,1.0
P00994,Commercial,Construction,West,2026-09,1,1.0
P00995,Commercial,Construction,West,2026-09,1,1.0
P00996,Commercial,Construction,West,2026-09,1,1.0
P00997,Commercial,Construction,West,2026-09,1,1.0
P00998,Commercial,Construction,West,2026-09,1,1.0
P00999,Commercial,Construction,West,2026-09,1,1.0
P01000,Commercial,Construction,West,2026-09,1,1.0
P01001,Commercial,Construction,West,2026-09,1,1.0
P01002,Commercial,Construction,West,2026-09,1,1.0
P01003,Commercial,Construction,West,2026-09,1,1.0
P01004,Commercial,Construction,West,2026-09,1,1.0
P01005,Commercial,Construction,West,2026-09,1,1.0
P01006,Commercial,Construction,West,2026-09,1,1.0
P01007,Commercial,Construction,West,2026-09,1,1.0
P01008,Commercial,Construction,West,2026-09,1,1.0
P01009,Commercial,Construction,West,2026-09,1,1.0
P01010,Commercial,Construction,West,2026-09,1,1.0
P01011,Commercial,Construction,West,2026-09,1,1.0
P01012,Commercial,Construction,West,2026-09,1,1.0
P01013,Commercial,Construction,West,2026-09,1,1.0
P01014,Commercial,Construction,West,2026-09,1,1.0
P01015,Commercial,Construction,West,2026-09,1,1.0
P01016,Commercial,Construction,West,2026-09,1,1.0
P01017,Commercial,Construction,West,2026-09,1,1.0
P01018,Commercial,Construction,West,2026-09,1,1.0
P01019,Commercial,Construction,West,2026-09,1,1.0
P01020,Commercial,Construction,West,2026-09,1,1.0
P01021,Commercial,Construction,West,2026-09,1,1.0
P01022,Commercial,Construction,West,2026-09,1,1.0
P01023,Commercial,Construction,West,2026-09,1,1.0
P01024,Commercial,Construction,West,2026-09,1,1.0
P01025,Commercial,Construction,West,2026-09,1,1.0
P01026,Commercial,Construction,West,2026-09,1,1.0
P01027,Commercial,Construction,West,2026-09,1,1.0
P01028,Commercial,Construction,West,2026-09,1,1.0
P01029,Commercial,Construction,West,2026-09,1,1.0
P01030,Commercial,Construction,West,2026-09,1,1.0
P01031,Commercial,Construction,West,2026-09,1,1.0
P01032,Commercial,Construction,West,2026-09,1,1.0
P01033,Commercial,Construction,West,2026-09,1,1.0
P01034,Commercial,Construction,West,2026-09,1,1.0
P01035,Commercial,Construction,West,2026-09,1,1.0
P01036,Commercial,Construction,West,2026-09,1,1.0
P01037,Commercial,Construction,West,2026-09,1,1.0
P01038,Commercial,Construction,West,2026-09,1,1.0
P01039,Commercial,Construction,West,2026-09,1,1.0
P01040,Commercial,Construction,West,2026-09,1,1.0
P01041,Commercial,Construction,West,2026-09,1,1.0
P01042,Commercial,Construction,West,2026-09,1,1.0
P01043,Commercial,Construction,West,2026-09,1,1.0
P01044,Commercial,Construction,West,2026-09,1,1.0
P01045,Commercial,Construction,West,2026-09,1,1.0
P01046,Commercial,Construction,West,2026-09,1,1.0
P01047,Commercial,Construction,West,2026-09,1,1.0
P01048,Commercial,Construction,West,2026-09,1,1.0
P01049,Commercial,Construction,West,2026-09,1,1.0
P01050,Commercial,Construction,West,2026-09,1,1.0
P01051,Commercial,Construction,West,2026-09,1,1.0
P01052,Commercial,Construction,West,2026-09,1,1.0
P01053,Commercial,Construction,West,2026-09,1,1.0
P01054,Commercial,Construction,West,2026-09,1,1.0
P01055,Commercial,Construction,West,2026-09,1,1.0
P01056,Commercial,Construction,West,2026-09,1,1.0
P01057,Commercial,Construction,West,2026-09,1,1.0
P01058,Commercial,Construction,West,2026-09,1,1.0
P01059,Commercial,Construction,West,2026-09,1,1.0
P01060,Commercial,Construction,West,2026-09,1,1.0
P01061,Commercial,Construction,West,2026-09,1,1.0
P01062,Commercial,Construction,West,2026-09,1,1.0
P01063,Commercial,Construction,West,2026-09,1,1.0
P01064,Commercial,Construction,West,2026-09,1,1.0
P01065,Commercial,Construction,West,2026-09,1,1.0
P01066,Commercial,Construction,West,2026-09,1,1.0
P01067,Commercial,Construction,West,2026-09,1,1.0
P01068,Commercial,Construction,West,2026-09,1,1.0
P01069,Commercial,Construction,West,2026-09,1,1.0
P01070,Commercial,Construction,West,2026-09,1,1.0
P01071,Commercial,Construction,West,2026-09,1,1.0
P01072,Commercial,Construction,West,2026-09,1,1.0
P01073,Commercial,Construction,West,2026-09,1,1.0
P01074,Commercial,Construction,West,2026-09,1,1.0
P01075,Commercial,Construction,West,2026-09,1,1.0
P01076,Commercial,Construction,West,2026-09,1,1.0
P01077,Commercial,Construction,West,2026-09,1,1.0
P01078,Commercial,Construction,West,2026-09,1,1.0
P01079,Commercial,Construction,West,2026-09,1,1.0
P01080,Commercial,Construction,West,2026-09,1,1.0
P01081,Commercial,Construction,West,2026-09,1,1.0
P01082,Commercial,Construction,West,2026-09,1,1.0
P01083,Commercial,Construction,West,2026-09,1,1.0
P01084,Commercial,Construction,West,2026-09,1,1.0
P01085,Commercial,Construction,West,2026-09,1,1.0
P01086,Commercial,Construction,West,2026-09,1,1.0
P01087,Commercial,Construction,West,2026-09,1,1.0
P01088,Commercial,Construction,West,2026-09,1,1.0
P01089,Commercial,Construction,West,2026-09,1,1.0
P01090,Commercial,Construction,West,2026-09,1,1.0
P01091,Commercial,Construction,West,2026-09,1,1.0
P01092,Commercial,Construction,West,2026-09,1,1.0
P01093,Commercial,Construction,West,2026-09,1,1.0
P01094,Commercial,Construction,West,2026-09,1,1.0
P01095,Commercial,Construction,West,2026-09,1,1.0
P01096,Commercial,Construction,West,2026-09,1,1.0
P01097,Commercial,Construction,West,2026-09,1,1.0
P01098,Commercial,Construction,West,2026-09,1,1.0
P01099,Commercial,Construction,West,2026-09,1,1.0
P01100,Commercial,Construction,West,2026-09,1,1.0
P01101,Commercial,Construction,West,2026-09,1,1.0
P01102,Commercial,Construction,West,2026-09,1,1.0
P01103,Commercial,Construction,West,2026-09,1,1.0
P01104,Commercial,Construction,West,2026-09,1,1.0
P01105,Commercial,Construction,West,2026-09,1,1.0
P01106,Commercial,Construction,West,2026-09,1,1.0
P01107,Commercial,Construction,West,2026-09,1,1.0
P01108,Commercial,Construction,West,2026-09,1,1.0
P01109,Commercial,Construction,West,2026-09,1,1.0
P01110,Commercial,Construction,West,2026-09,1,1.0
P01111,Commercial,Construction,West,2026-09,1,1.0
P01112,Commercial,Construction,West,2026-09,1,1.0
P01113,Commercial,Construction,West,2026-09,1,1.0
P01114,Commercial,Construction,West,2026-09,1,1.0
P01115,Commercial,Construction,West,2026-09,1,1.0
P01116,Commercial,Construction,West,2026-09,1,1.0
P01117,Commercial,Construction,West,2026-09,1,1.0
P01118,Commercial,Construction,West,2026-09,1,1.0
P01119,Commercial,Construction,West,2026-09,1,1.0
P01120,Commercial,Construction,West,2026-09,1,1.0
P01121,Commercial,Construction,West,2026-09,1,1.0
P01122,Commercial,Construction,West,2026-09,1,1.0
P01123,Commercial,Construction,West,2026-09,1,1.0
P01124,Commercial,Construction,West,2026-09,1,1.0
P01125,Commercial,Construction,West,2026-09,1,1.0
P01126,Commercial,Construction,West,2026-09,1,1.0
P01127,Commercial,Construction,West,2026-09,1,1.0
P01128,Commercial,Construction,West,2026-09,1,1.0
P01129,Commercial,Construction,West,2026-09,1,1.0
P01130,Commercial,Construction,West,2026-09,1,1.0
P01131,Commercial,Construction,West,2026-09,1,1.0
P01132,Commercial,Construction,West,2026-09,1,1.0
P01133,Commercial,Construction,West,2026-09,1,1.0
P01134,Commercial,Construction,West,2026-09,1,1.0
P01135,Commercial,Construction,West,2026-09,1,1.0
P01136,Commercial,Construction,West,2026-09,1,1.0
P01137,Commercial,Construction,West,2026-09,1,1.0
P01138,Commercial,Construction,West,2026-09,1,1.0
P01139,Commercial,Construction,West,2026-09,1,1.0
P01140,Commercial,Construction,West,2026-09,1,1.0
P01141,Commercial,Construction,West,2026-09,1,1.0
P01142,Commercial,Construction,West,2026-09,1,1.0
P01143,Commercial,Construction,West,2026-09,1,1.0
P01144,Commercial,Construction,West,2026-09,1,1.0
P01145,Commercial,Construction,West,2026-09,1,1.0
P01146,Commercial,Construction,West,2026-09,1,1.0
P01147,Commercial,Construction,West,2026-09,1,1.0
P01148,Commercial,Construction,West,2026-09,1,1.0
P01149,Commercial,Construction,West,2026-09,1,1.0
P01150,Commercial,Construction,West,2026-09,1,1.0
P01151,Commercial,Construction,West,2026-09,1,1.0
P01152,Commercial,Construction,West,2026-09,1,1.0
P01153,Commercial,Construction,West,2026-09,1,1.0
P01154,Commercial,Construction,West,2026-09,1,1.0
P01155,Commercial,Construction,West,2026-09,1,1.0
P01156,Commercial,Construction,West,2026-09,1,1.0
P01157,Commercial,Construction,West,2026-09,1,1.0
P01158,Commercial,Construction,West,2026-09,1,1.0
P01159,Commercial,Construction,West,2026-09,1,1.0
P01160,Commercial,Construction,West,2026-09,1,1.0
P01161,Commercial,Construction,West,2026-09,1,1.0
P01162,Commercial,Construction,West,2026-09,1,1.0
P01163,Commercial,Construction,West,2026-09,1,1.0
P01164,Commercial,Construction,West,2026-09,1,1.0
P01165,Commercial,Construction,West,2026-09,1,1.0
P01166,Commercial,Construction,West,2026-09,1,1.0
P01167,Commercial,Construction,West,2026-09,1,1.0
P01168,Commercial,Construction,West,2026-09,1,1.0
P01169,Commercial,Construction,West,2026-09,1,1.0
P01170,Commercial,Construction,West,2026-09,1,1.0
P01171,Commercial,SME,North,2026-09,1,1.0
P01172,Commercial,SME,North,2026-09,1,1.0
P01173,Commercial,SME,North,2026-09,1,1.0
P01174,Commercial,SME,North,2026-09,1,1.0
P01175,Commercial,SME,North,2026-09,1,1.0
P01176,Commercial,SME,North,2026-09,1,1.0
P01177,Commercial,SME,North,2026-09,1,1.0
P01178,Commercial,SME,North,2026-09,1,1.0
P01179,Commercial,SME,North,2026-09,1,1.0
P01180,Commercial,SME,North,2026-09,1,1.0
P01181,Commercial,SME,North,2026-09,1,1.0
P01182,Commercial,SME,North,2026-09,1,1.0
P01183,Commercial,SME,North,2026-09,1,1.0
P01184,Commercial,SME,North,2026-09,1,1.0
P01185,Commercial,SME,North,2026-09,1,1.0
P01186,Commercial,SME,North,2026-09,1,1.0
P01187,Commercial,SME,North,2026-09,1,1.0
P01188,Commercial,SME,North,2026-09,1,1.0
P01189,Commercial,SME,North,2026-09,1,1.0
P01190,Commercial,SME,North,2026-09,1,1.0
P01191,Commercial,SME,North,2026-09,1,1.0
P01192,Commercial,SME,North,2026-09,1,1.0
P01193,Commercial,SME,North,2026-09,1,1.0
P01194,Commercial,SME,North,2026-09,1,1.0
P01195,Commercial,SME,North,2026-09,1,1.0
P01196,Commercial,SME,North,2026-09,1,1.0
P01197,Commercial,SME,North,2026-09,1,1.0
P01198,Commercial,SME,North,2026-09,1,1.0
P01199,Commercial,SME,North,2026-09,1,1.0
P01200,Commercial,SME,North,2026-09,1,1.0
P01201,Commercial,SME,North,2026-09,1,1.0
P01202,Commercial,SME,North,2026-09,1,1.0
P01203,Commercial,SME,North,2026-09,1,1.0
P01204,Commercial,SME,North,2026-09,1,1.0
P01205,Commercial,SME,North,2026-09,1,1.0
P01206,Commercial,SME,North,2026-09,1,1.0
P01207,Commercial,SME,North,2026-09,1,1.0
P01208,Commercial,SME,North,2026-09,1,1.0
P01209,Commercial,SME,North,2026-09,1,1.0
P01210,Commercial,SME,North,2026-09,1,1.0
P01211,Commercial,SME,North,2026-09,1,1.0
P01212,Commercial,SME,North,2026-09,1,1.0
P01213,Commercial,SME,North,2026-09,1,1.0
P01214,Commercial,SME,North,2026-09,1,1.0
P01215,Commercial,SME,North,2026-09,1,1.0
P01216,Commercial,SME,North,2026-09,1,1.0
P01217,Commercial,SME,North,2026-09,1,1.0
P01218,Commercial,SME,North,2026-09,1,1.0
P01219,Commercial,SME,North,2026-09,1,1.0
P01220,Commercial,SME,North,2026-09,1,1.0
P01221,Commercial,SME,North,2026-09,1,1.0
P01222,Commercial,SME,North,2026-09,1,1.0
P01223,Commercial,SME,North,2026-09,1,1.0
P01224,Commercial,SME,North,2026-09,1,1.0
P01225,Commercial,SME,North,2026-09,1,1.0
P01226,Commercial,SME,North,2026-09,1,1.0
P01227,Commercial,SME,North,2026-09,1,1.0
P01228,Commercial,SME,North,2026-09,1,1.0
P01229,Commercial,SME,North,2026-09,1,1.0
P01230,Commercial,SME,North,2026-09,1,1.0
P01231,Commercial,SME,North,2026-09,1,1.0
P01232,Commercial,SME,North,2026-09,1,1.0
P01233,Commercial,SME,North,2026-09,1,1.0
P01234,Commercial,SME,North,2026-09,1,1.0
P01235,Commercial,SME,North,2026-09,1,1.0
P01236,Commercial,SME,North,2026-09,1,1.0
P01237,Commercial,SME,North,2026-09,1,1.0
P01238,Commercial,SME,North,2026-09,1,1.0
P01239,Commercial,SME,North,2026-09,1,1.0
P01240,Commercial,SME,North,2026-09,1,1.0
P01241,Commercial,SME,North,2026-09,1,1.0
P01242,Commercial,SME,North,2026-09,1,1.0
P01243,Commercial,SME,North,2026-09,1,1.0
P01244,Commercial,SME,North,2026-09,1,1.0
P01245,Commercial,SME,North,2026-09,1,1.0
P01246,Commercial,SME,North,2026-09,1,1.0
P01247,Commercial,SME,North,2026-09,1,1.0
P01248,Commercial,SME,North,2026-09,1,1.0
P01249,Commercial,SME,North,2026-09,1,1.0
P01250,Commercial,SME,North,2026-09,1,1.0
P01251,Commercial,SME,North,2026-09,1,1.0
P01252,Commercial,SME,North,2026-09,1,1.0
P01253,Commercial,SME,North,2026-09,1,1.0
P01254,Commercial,SME,North,2026-09,1,1.0
P01255,Commercial,SME,North,2026-09,1,1.0
P01256,Commercial,SME,North,2026-09,1,1.0
P01257,Commercial,SME,North,2026-09,1,1.0
P01258,Commercial,SME,North,2026-09,1,1.0
P01259,Commercial,SME,North,2026-09,1,1.0
P01260,Commercial,SME,North,2026-09,1,1.0
P01261,Commercial,SME,North,2026-09,1,1.0
P01262,Commercial,SME,North,2026-09,1,1.0
P01263,Commercial,SME,North,2026-09,1,1.0
P01264,Commercial,SME,North,2026-09,1,1.0
P01265,Commercial,SME,North,2026-09,1,1.0
P01266,Commercial,SME,North,2026-09,1,1.0
P01267,Commercial,SME,North,2026-09,1,1.0
P01268,Commercial,SME,North,2026-09,1,1.0
P01269,Commercial,SME,North,2026-09,1,1.0
P01270,Commercial,SME,North,2026-09,1,1.0
P01271,Commercial,SME,North,2026-09,1,1.0
P01272,Commercial,SME,North,2026-09,1,1.0
P01273,Commercial,SME,North,2026-09,1,1.0
P01274,Commercial,SME,North,2026-09,1,1.0
P01275,Commercial,SME,North,2026-09,1,1.0
P01276,Commercial,SME,North,2026-09,1,1.0
P01277,Commercial,SME,North,2026-09,1,1.0
P01278,Commercial,SME,North,2026-09,1,1.0
P01279,Commercial,SME,North,2026-09,1,1.0
P01280,Commercial,SME,North,2026-09,1,1.0
P01281,Commercial,SME,North,2026-09,1,1.0
P01282,Commercial,SME,North,2026-09,1,1.0
P01283,Commercial,SME,North,2026-09,1,1.0
P01284,Commercial,SME,North,2026-09,1,1.0
P01285,Commercial,SME,North,2026-09,1,1.0
P01286,Commercial,SME,North,2026-09,1,1.0
P01287,Commercial,SME,North,2026-09,1,1.0
P01288,Commercial,SME,North,2026-09,1,1.0
P01289,Commercial,SME,North,2026-09,1,1.0
P01290,Commercial,SME,North,2026-09,1,1.0
P01291,Commercial,SME,North,2026-09,1,1.0
P01292,Commercial,SME,North,2026-09,1,1.0
P01293,Commercial,SME,North,2026-09,1,1.0
P01294,Commercial,SME,North,2026-09,1,1.0
P01295,Commercial,SME,North,2026-09,1,1.0
P01296,Commercial,SME,North,2026-09,1,1.0
P01297,Commercial,SME,North,2026-09,1,1.0
P01298,Commercial,SME,North,2026-09,1,1.0
P01299,Commercial,SME,North,2026-09,1,1.0
P01300,Commercial,SME,North,2026-09,1,1.0
P01301,Commercial,SME,North,2026-09,1,1.0
P01302,Commercial,SME,North,2026-09,1,1.0
P01303,Commercial,SME,North,2026-09,1,1.0
P01304,Commercial,SME,North,2026-09,1,1.0
P01305,Commercial,SME,North,2026-09,1,1.0
P01306,Commercial,SME,North,2026-09,1,1.0
P01307,Commercial,SME,North,2026-09,1,1.0
P01308,Commercial,SME,North,2026-09,1,1.0
P01309,Commercial,SME,North,2026-09,1,1.0
P01310,Commercial,SME,North,2026-09,1,1.0
P01311,Commercial,SME,North,2026-09,1,1.0
P01312,Commercial,SME,North,2026-09,1,1.0
P01313,Commercial,SME,North,2026-09,1,1.0
P01314,Commercial,SME,North,2026-09,1,1.0
P01315,Commercial,SME,North,2026-09,1,1.0
P01316,Commercial,SME,North,2026-09,1,1.0
P01317,Commercial,SME,North,2026-09,1,1.0
P01318,Commercial,SME,North,2026-09,1,1.0
P01319,Commercial,SME,North,2026-09,1,1.0
P01320,Commercial,SME,North,2026-09,1,1.0
P01321,Commercial,SME,North,2026-09,1,1.0
P01322,Commercial,SME,North,2026-09,1,1.0
P01323,Commercial,SME,North,2026-09,1,1.0
P01324,Commercial,SME,North,2026-09,1,1.0
P01325,Commercial,SME,North,2026-09,1,1.0
P01326,Commercial,SME,North,2026-09,1,1.0
P01327,Commercial,SME,North,2026-09,1,1.0
P01328,Commercial,SME,North,2026-09,1,1.0
P01329,Commercial,SME,North,2026-09,1,1.0
P01330,Commercial,SME,North,2026-09,1,1.0
P01331,Commercial,SME,North,2026-09,1,1.0
P01332,Commercial,SME,North,2026-09,1,1.0
P01333,Commercial,SME,North,2026-09,1,1.0
P01334,Commercial,SME,North,2026-09,1,1.0
P01335,Commercial,SME,North,2026-09,1,1.0
P01336,Commercial,SME,North,2026-09,1,1.0
P01337,Commercial,SME,North,2026-09,1,1.0
P01338,Commercial,SME,North,2026-09,1,1.0
P01339,Commercial,SME,North,2026-09,1,1.0
P01340,Commercial,SME,North,2026-09,1,1.0
P01341,Commercial,SME,North,2026-09,1,1.0
P01342,Commercial,SME,North,2026-09,1,1.0
P01343,Commercial,SME,North,2026-09,1,1.0
P01344,Commercial,SME,North,2026-09,1,1.0
P01345,Commercial,SME,North,2026-09,1,1.0
P01346,Commercial,SME,North,2026-09,1,1.0
P01347,Commercial,SME,North,2026-09,1,1.0
P01348,Commercial,SME,North,2026-09,1,1.0
P01349,Commercial,SME,North,2026-09,1,1.0
P01350,Commercial,SME,North,2026-09,1,1.0
P01351,Commercial,SME,North,2026-09,1,1.0
P01352,Commercial,SME,North,2026-09,1,1.0
P01353,Commercial,SME,North,2026-09,1,1.0
P01354,Commercial,SME,North,2026-09,1,1.0
P01355,Commercial,SME,North,2026-09,1,1.0
P01356,Commercial,SME,North,2026-09,1,1.0
P01357,Commercial,SME,North,2026-09,1,1.0
P01358,Commercial,SME,North,2026-09,1,1.0
P01359,Commercial,SME,North,2026-09,1,1.0
P01360,Commercial,SME,North,2026-09,1,1.0
P01361,Commercial,SME,North,2026-09,1,1.0
P01362,Commercial,SME,North,2026-09,1,1.0
P01363,Commercial,SME,North,2026-09,1,1.0
P01364,Commercial,SME,North,2026-09,1,1.0
P01365,Commercial,SME,North,2026-09,1,1.0
P01366,Commercial,SME,North,2026-09,1,1.0
P01367,Commercial,SME,North,2026-09,1,1.0
P01368,Commercial,SME,North,2026-09,1,1.0
P01369,Commercial,SME,North,2026-09,1,1.0
P01370,Commercial,SME,North,2026-09,1,1.0
P01371,Commercial,SME,North,2026-09,1,1.0
P01372,Commercial,SME,North,2026-09,1,1.0
P01373,Commercial,SME,North,2026-09,1,1.0
P01374,Commercial,SME,North,2026-09,1,1.0
P01375,Commercial,SME,North,2026-09,1,1.0
P01376,Commercial,SME,North,2026-09,1,1.0
P01377,Commercial,SME,North,2026-09,1,1.0
P01378,Commercial,SME,North,2026-09,1,1.0
P01379,Commercial,SME,North,2026-09,1,1.0
P01380,Commercial,SME,North,2026-09,1,1.0
P01381,Commercial,SME,North,2026-09,1,1.0
P01382,Commercial,SME,North,2026-09,1,1.0
P01383,Commercial,SME,North,2026-09,1,1.0
P01384,Commercial,SME,North,2026-09,1,1.0
P01385,Commercial,SME,North,2026-09,1,1.0
P01386,Commercial,SME,North,2026-09,1,1.0
P01387,Commercial,SME,North,2026-09,1,1.0
P01388,Commercial,SME,North,2026-09,1,1.0
P01389,Commercial,SME,North,2026-09,1,1.0
P01390,Commercial,SME,North,2026-09,1,1.0
P01391,Commercial,SME,North,2026-09,1,1.0
P01392,Commercial,SME,North,2026-09,1,1.0
P01393,Commercial,SME,North,2026-09,1,1.0
P01394,Commercial,SME,North,2026-09,1,1.0
P01395,Commercial,SME,North,2026-09,1,1.0
P01396,Commercial,SME,North,2026-09,1,1.0
P01397,Commercial,SME,North,2026-09,1,1.0
P01398,Commercial,SME,North,2026-09,1,1.0
P01399,Commercial,SME,North,2026-09,1,1.0
P01400,Commercial,SME,North,2026-09,1,1.0
P01401,Commercial,SME,North,2026-09,1,1.0
P01402,Commercial,SME,North,2026-09,1,1.0
P01403,Commercial,SME,North,2026-09,1,1.0
P01404,Commercial,SME,North,2026-09,1,1.0
P01405,Commercial,SME,North,2026-09,1,1.0
P01406,Commercial,SME,North,2026-09,1,1.0
P01407,Commercial,SME,North,2026-09,1,1.0
P01408,Commercial,SME,North,2026-09,1,1.0
P01409,Commercial,SME,North,2026-09,1,1.0
P01410,Commercial,SME,North,2026-09,1,1.0
P01411,Commercial,SME,South,2026-09,1,1.0
P01412,Commercial,SME,South,2026-09,1,1.0
P01413,Commercial,SME,South,2026-09,1,1.0
P01414,Commercial,SME,South,2026-09,1,1.0
P01415,Commercial,SME,South,2026-09,1,1.0
P01416,Commercial,SME,South,2026-09,1,1.0
P01417,Commercial,SME,South,2026-09,1,1.0
P01418,Commercial,SME,South,2026-09,1,1.0
P01419,Commercial,SME,South,2026-09,1,1.0
P01420,Commercial,SME,South,2026-09,1,1.0
P01421,Commercial,SME,South,2026-09,1,1.0
P01422,Commercial,SME,South,2026-09,1,1.0
P01423,Commercial,SME,South,2026-09,1,1.0
P01424,Commercial,SME,South,2026-09,1,1.0
P01425,Commercial,SME,South,2026-09,1,1.0
P01426,Commercial,SME,South,2026-09,1,1.0
P01427,Commercial,SME,South,2026-09,1,1.0
P01428,Commercial,SME,South,2026-09,1,1.0
P01429,Commercial,SME,South,2026-09,1,1.0
P01430,Commercial,SME,South,2026-09,1,1.0
P01431,Commercial,SME,South,2026-09,1,1.0
P01432,Commercial,SME,South,2026-09,1,1.0
P01433,Commercial,SME,South,2026-09,1,1.0
P01434,Commercial,SME,South,2026-09,1,1.0
P01435,Commercial,SME,South,2026-09,1,1.0
P01436,Commercial,SME,South,2026-09,1,1.0
P01437,Commercial,SME,South,2026-09,1,1.0
P01438,Commercial,SME,South,2026-09,1,1.0
P01439,Commercial,SME,South,2026-09,1,1.0
P01440,Commercial,SME,South,2026-09,1,1.0
P01441,Commercial,SME,South,2026-09,1,1.0
P01442,Commercial,SME,South,2026-09,1,1.0
P01443,Commercial,SME,South,2026-09,1,1.0
P01444,Commercial,SME,South,2026-09,1,1.0
P01445,Commercial,SME,South,2026-09,1,1.0
P01446,Commercial,SME,South,2026-09,1,1.0
P01447,Commercial,SME,South,2026-09,1,1.0
P01448,Commercial,SME,South,2026-09,1,1.0
P01449,Commercial,SME,South,2026-09,1,1.0
P01450,Commercial,SME,South,2026-09,1,1.0
P01451,Commercial,SME,South,2026-09,1,1.0
P01452,Commercial,SME,South,2026-09,1,1.0
P01453,Commercial,SME,South,2026-09,1,1.0
P01454,Commercial,SME,South,2026-09,1,1.0
P01455,Commercial,SME,South,2026-09,1,1.0
P01456,Commercial,SME,South,2026-09,1,1.0
P01457,Commercial,SME,South,2026-09,1,1.0
P01458,Commercial,SME,South,2026-09,1,1.0
P01459,Commercial,SME,South,2026-09,1,1.0
P01460,Commercial,SME,South,2026-09,1,1.0
P01461,Commercial,SME,South,2026-09,1,1.0
P01462,Commercial,SME,South,2026-09,1,1.0
P01463,Commercial,SME,South,2026-09,1,1.0
P01464,Commercial,SME,South,2026-09,1,1.0
P01465,Commercial,SME,South,2026-09,1,1.0
P01466,Commercial,SME,South,2026-09,1,1.0
P01467,Commercial,SME,South,2026-09,1,1.0
P01468,Commercial,SME,South,2026-09,1,1.0
P01469,Commercial,SME,South,2026-09,1,1.0
P01470,Commercial,SME,South,2026-09,1,1.0
P01471,Commercial,SME,South,2026-09,1,1.0
P01472,Commercial,SME,South,2026-09,1,1.0
P01473,Commercial,SME,South,2026-09,1,1.0
P01474,Commercial,SME,South,2026-09,1,1.0
P01475,Commercial,SME,South,2026-09,1,1.0
P01476,Commercial,SME,South,2026-09,1,1.0
P01477,Commercial,SME,South,2026-09,1,1.0
P01478,Commercial,SME,South,2026-09,1,1.0
P01479,Commercial,SME,South,2026-09,1,1.0
P01480,Commercial,SME,South,2026-09,1,1.0
P01481,Commercial,SME,South,2026-09,1,1.0
P01482,Commercial,SME,South,2026-09,1,1.0
P01483,Commercial,SME,South,2026-09,1,1.0
P01484,Commercial,SME,South,2026-09,1,1.0
P01485,Commercial,SME,South,2026-09,1,1.0
P01486,Commercial,SME,South,2026-09,1,1.0
P01487,Commercial,SME,South,2026-09,1,1.0
P01488,Commercial,SME,South,2026-09,1,1.0
P01489,Commercial,SME,South,2026-09,1,1.0
P01490,Commercial,SME,South,2026-09,1,1.0
P01491,Commercial,SME,South,2026-09,1,1.0
P01492,Commercial,SME,South,2026-09,1,1.0
P01493,Commercial,SME,South,2026-09,1,1.0
P01494,Commercial,SME,South,2026-09,1,1.0
P01495,Commercial,SME,South,2026-09,1,1.0
P01496,Commercial,SME,South,2026-09,1,1.0
P01497,Commercial,SME,South,2026-09,1,1.0
P01498,Commercial,SME,South,2026-09,1,1.0
P01499,Commercial,SME,South,2026-09,1,1.0
P01500,Commercial,SME,South,2026-09,1,1.0
P01501,Commercial,SME,South,2026-09,1,1.0
P01502,Commercial,SME,South,2026-09,1,1.0
P01503,Commercial,SME,South,2026-09,1,1.0
P01504,Commercial,SME,South,2026-09,1,1.0
P01505,Commercial,SME,South,2026-09,1,1.0
P01506,Commercial,SME,South,2026-09,1,1.0
P01507,Commercial,SME,South,2026-09,1,1.0
P01508,Commercial,SME,South,2026-09,1,1.0
P01509,Commercial,SME,South,2026-09,1,1.0
P01510,Commercial,SME,South,2026-09,1,1.0
P01511,Commercial,SME,South,2026-09,1,1.0
P01512,Commercial,SME,South,2026-09,1,1.0
P01513,Commercial,SME,South,2026-09,1,1.0
P01514,Commercial,SME,South,2026-09,1,1.0
P01515,Commercial,SME,South,2026-09,1,1.0
P01516,Commercial,SME,South,2026-09,1,1.0
P01517,Commercial,SME,South,2026-09,1,1.0
P01518,Commercial,SME,South,2026-09,1,1.0
P01519,Commercial,SME,South,2026-09,1,1.0
P01520,Commercial,SME,South,2026-09,1,1.0
P01521,Commercial,SME,South,2026-09,1,1.0
P01522,Commercial,SME,South,2026-09,1,1.0
P01523,Commercial,SME,South,2026-09,1,1.0
P01524,Commercial,SME,South,2026-09,1,1.0
P01525,Commercial,SME,South,2026-09,1,1.0
P01526,Commercial,SME,South,2026-09,1,1.0
P01527,Commercial,SME,South,2026-09,1,1.0
P01528,Commercial,SME,South,2026-09,1,1.0
P01529,Commercial,SME,South,2026-09,1,1.0
P01530,Commercial,SME,South,2026-09,1,1.0
P01531,Commercial,SME,South,2026-09,1,1.0
P01532,Commercial,SME,South,2026-09,1,1.0
P01533,Commercial,SME,South,2026-09,1,1.0
P01534,Commercial,SME,South,2026-09,1,1.0
P01535,Commercial,SME,South,2026-09,1,1.0
P01536,Commercial,SME,South,2026-09,1,1.0
P01537,Commercial,SME,South,2026-09,1,1.0
P01538,Commercial,SME,South,2026-09,1,1.0
P01539,Commercial,SME,South,2026-09,1,1.0
P01540,Commercial,SME,South,2026-09,1,1.0
P01541,Commercial,SME,South,2026-09,1,1.0
P01542,Commercial,SME,South,2026-09,1,1.0
P01543,Commercial,SME,South,2026-09,1,1.0
P01544,Commercial,SME,South,2026-09,1,1.0
P01545,Commercial,SME,South,2026-09,1,1.0
P01546,Commercial,SME,South,2026-09,1,1.0
P01547,Commercial,SME,South,2026-09,1,1.0
P01548,Commercial,SME,South,2026-09,1,1.0
P01549,Commercial,SME,South,2026-09,1,1.0
P01550,Commercial,SME,South,2026-09,1,1.0
P01551,Commercial,SME,South,2026-09,1,1.0
P01552,Commercial,SME,South,2026-09,1,1.0
P01553,Commercial,SME,South,2026-09,1,1.0
P01554,Commercial,SME,South,2026-09,1,1.0
P01555,Commercial,SME,South,2026-09,1,1.0
P01556,Commercial,SME,South,2026-09,1,1.0
P01557,Commercial,SME,South,2026-09,1,1.0
P01558,Commercial,SME,South,2026-09,1,1.0
P01559,Commercial,SME,South,2026-09,1,1.0
P01560,Commercial,SME,South,2026-09,1,1.0
P01561,Commercial,SME,South,2026-09,1,1.0
P01562,Commercial,SME,South,2026-09,1,1.0
P01563,Commercial,SME,South,2026-09,1,1.0
P01564,Commercial,SME,South,2026-09,1,1.0
P01565,Commercial,SME,South,2026-09,1,1.0
P01566,Commercial,SME,South,2026-09,1,1.0
P01567,Commercial,SME,South,2026-09,1,1.0
P01568,Commercial,SME,South,2026-09,1,1.0
P01569,Commercial,SME,South,2026-09,1,1.0
P01570,Commercial,SME,South,2026-09,1,1.0
P01571,Commercial,SME,South,2026-09,1,1.0
P01572,Commercial,SME,South,2026-09,1,1.0
P01573,Commercial,SME,South,2026-09,1,1.0
P01574,Commercial,SME,South,2026-09,1,1.0
P01575,Commercial,SME,South,2026-09,1,1.0
P01576,Commercial,SME,South,2026-09,1,1.0
P01577,Commercial,SME,South,2026-09,1,1.0
P01578,Commercial,SME,South,2026-09,1,1.0
P01579,Commercial,SME,South,2026-09,1,1.0
P01580,Commercial,SME,South,2026-09,1,1.0
P01581,Commercial,SME,South,2026-09,1,1.0
P01582,Commercial,SME,South,2026-09,1,1.0
P01583,Commercial,SME,South,2026-09,1,1.0
P01584,Commercial,SME,South,2026-09,1,1.0
P01585,Commercial,SME,South,2026-09,1,1.0
P01586,Commercial,SME,South,2026-09,1,1.0
P01587,Commercial,SME,South,2026-09,1,1.0
P01588,Commercial,SME,South,2026-09,1,1.0
P01589,Commercial,SME,South,2026-09,1,1.0
P01590,Commercial,SME,South,2026-09,1,1.0
P01591,Commercial,SME,South,2026-09,1,1.0
P01592,Commercial,SME,South,2026-09,1,1.0
P01593,Commercial,SME,South,2026-09,1,1.0
P01594,Commercial,SME,South,2026-09,1,1.0
P01595,Commercial,SME,South,2026-09,1,1.0
P01596,Commercial,SME,South,2026-09,1,1.0
P01597,Commercial,SME,South,2026-09,1,1.0
P01598,Commercial,SME,South,2026-09,1,1.0
P01599,Commercial,SME,South,2026-09,1,1.0
P01600,Commercial,SME,South,2026-09,1,1.0
P01601,Commercial,SME,South,2026-09,1,1.0
P01602,Commercial,SME,South,2026-09,1,1.0
P01603,Commercial,SME,South,2026-09,1,1.0
P01604,Commercial,SME,South,2026-09,1,1.0
P01605,Commercial,SME,South,2026-09,1,1.0
P01606,Commercial,SME,South,2026-09,1,1.0
P01607,Commercial,SME,South,2026-09,1,1.0
P01608,Commercial,SME,South,2026-09,1,1.0
P01609,Commercial,SME,South,2026-09,1,1.0
P01610,Commercial,SME,South,2026-09,1,1.0
P01611,Commercial,SME,South,2026-09,1,1.0
P01612,Commercial,SME,South,2026-09,1,1.0
P01613,Commercial,SME,South,2026-09,1,1.0
P01614,Commercial,SME,South,2026-09,1,1.0
P01615,Commercial,SME,South,2026-09,1,1.0
P01616,Commercial,SME,South,2026-09,1,1.0
P01617,Commercial,SME,South,2026-09,1,1.0
P01618,Commercial,SME,South,2026-09,1,1.0
P01619,Commercial,SME,South,2026-09,1,1.0
P01620,Commercial,SME,South,2026-09,1,1.0
P01621,Commercial,SME,South,2026-09,1,1.0
P01622,Commercial,SME,South,2026-09,1,1.0
P01623,Commercial,SME,South,2026-09,1,1.0
P01624,Commercial,SME,South,2026-09,1,1.0
P01625,Commercial,SME,South,2026-09,1,1.0
P01626,Commercial,SME,South,2026-09,1,1.0
P01627,Commercial,SME,South,2026-09,1,1.0
P01628,Commercial,SME,South,2026-09,1,1.0
P01629,Commercial,SME,South,2026-09,1,1.0
P01630,Commercial,SME,South,2026-09,1,1.0
P01631,Commercial,SME,South,2026-09,1,1.0
P01632,Commercial,SME,South,2026-09,1,1.0
P01633,Commercial,SME,South,2026-09,1,1.0
P01634,Commercial,SME,South,2026-09,1,1.0
P01635,Commercial,SME,South,2026-09,1,1.0
P01636,Commercial,SME,South,2026-09,1,1.0
P01637,Commercial,SME,South,2026-09,1,1.0
P01638,Commercial,SME,South,2026-09,1,1.0
P01639,Commercial,SME,South,2026-09,1,1.0
P01640,Commercial,SME,South,2026-09,1,1.0
P01641,Commercial,SME,East,2026-09,1,1.0
P01642,Commercial,SME,East,2026-09,1,1.0
P01643,Commercial,SME,East,2026-09,1,1.0
P01644,Commercial,SME,East,2026-09,1,1.0
P01645,Commercial,SME,East,2026-09,1,1.0
P01646,Commercial,SME,East,2026-09,1,1.0
P01647,Commercial,SME,East,2026-09,1,1.0
P01648,Commercial,SME,East,2026-09,1,1.0
P01649,Commercial,SME,East,2026-09,1,1.0
P01650,Commercial,SME,East,2026-09,1,1.0
P01651,Commercial,SME,East,2026-09,1,1.0
P01652,Commercial,SME,East,2026-09,1,1.0
P01653,Commercial,SME,East,2026-09,1,1.0
P01654,Commercial,SME,East,2026-09,1,1.0
P01655,Commercial,SME,East,2026-09,1,1.0
P01656,Commercial,SME,East,2026-09,1,1.0
P01657,Commercial,SME,East,2026-09,1,1.0
P01658,Commercial,SME,East,2026-09,1,1.0
P01659,Commercial,SME,East,2026-09,1,1.0
P01660,Commercial,SME,East,2026-09,1,1.0
P01661,Commercial,SME,East,2026-09,1,1.0
P01662,Commercial,SME,East,2026-09,1,1.0
P01663,Commercial,SME,East,2026-09,1,1.0
P01664,Commercial,SME,East,2026-09,1,1.0
P01665,Commercial,SME,East,2026-09,1,1.0
P01666,Commercial,SME,East,2026-09,1,1.0
P01667,Commercial,SME,East,2026-09,1,1.0
P01668,Commercial,SME,East,2026-09,1,1.0
P01669,Commercial,SME,East,2026-09,1,1.0
P01670,Commercial,SME,East,2026-09,1,1.0
P01671,Commercial,SME,East,2026-09,1,1.0
P01672,Commercial,SME,East,2026-09,1,1.0
P01673,Commercial,SME,East,2026-09,1,1.0
P01674,Commercial,SME,East,2026-09,1,1.0
P01675,Commercial,SME,East,2026-09,1,1.0
P01676,Commercial,SME,East,2026-09,1,1.0
P01677,Commercial,SME,East,2026-09,1,1.0
P01678,Commercial,SME,East,2026-09,1,1.0
P01679,Commercial,SME,East,2026-09,1,1.0
P01680,Commercial,SME,East,2026-09,1,1.0
P01681,Commercial,SME,East,2026-09,1,1.0
P01682,Commercial,SME,East,2026-09,1,1.0
P01683,Commercial,SME,East,2026-09,1,1.0
P01684,Commercial,SME,East,2026-09,1,1.0
P01685,Commercial,SME,East,2026-09,1,1.0
P01686,Commercial,SME,East,2026-09,1,1.0
P01687,Commercial,SME,East,2026-09,1,1.0
P01688,Commercial,SME,East,2026-09,1,1.0
P01689,Commercial,SME,East,2026-09,1,1.0
P01690,Commercial,SME,East,2026-09,1,1.0
P01691,Commercial,SME,East,2026-09,1,1.0
P01692,Commercial,SME,East,2026-09,1,1.0
P01693,Commercial,SME,East,2026-09,1,1.0
P01694,Commercial,SME,East,2026-09,1,1.0
P01695,Commercial,SME,East,2026-09,1,1.0
P01696,Commercial,SME,East,2026-09,1,1.0
P01697,Commercial,SME,East,2026-09,1,1.0
P01698,Commercial,SME,East,2026-09,1,1.0
P01699,Commercial,SME,East,2026-09,1,1.0
P01700,Commercial,SME,East,2026-09,1,1.0
P01701,Commercial,SME,East,2026-09,1,1.0
P01702,Commercial,SME,East,2026-09,1,1.0
P01703,Commercial,SME,East,2026-09,1,1.0
P01704,Commercial,SME,East,2026-09,1,1.0
P01705,Commercial,SME,East,2026-09,1,1.0
P01706,Commercial,SME,East,2026-09,1,1.0
P01707,Commercial,SME,East,2026-09,1,1.0
P01708,Commercial,SME,East,2026-09,1,1.0
P01709,Commercial,SME,East,2026-09,1,1.0
P01710,Commercial,SME,East,2026-09,1,1.0
P01711,Commercial,SME,East,2026-09,1,1.0
P01712,Commercial,SME,East,2026-09,1,1.0
P01713,Commercial,SME,East,2026-09,1,1.0
P01714,Commercial,SME,East,2026-09,1,1.0
P01715,Commercial,SME,East,2026-09,1,1.0
P01716,Commercial,SME,East,2026-09,1,1.0
P01717,Commercial,SME,East,2026-09,1,1.0
P01718,Commercial,SME,East,2026-09,1,1.0
P01719,Commercial,SME,East,2026-09,1,1.0
P01720,Commercial,SME,East,2026-09,1,1.0
P01721,Commercial,SME,East,2026-09,1,1.0
P01722,Commercial,SME,East,2026-09,1,1.0
P01723,Commercial,SME,East,2026-09,1,1.0
P01724,Commercial,SME,East,2026-09,1,1.0
P01725,Commercial,SME,East,2026-09,1,1.0
P01726,Commercial,SME,East,2026-09,1,1.0
P01727,Commercial,SME,East,2026-09,1,1.0
P01728,Commercial,SME,East,2026-09,1,1.0
P01729,Commercial,SME,East,2026-09,1,1.0
P01730,Commercial,SME,East,2026-09,1,1.0
P01731,Commercial,SME,East,2026-09,1,1.0
P01732,Commercial,SME,East,2026-09,1,1.0
P01733,Commercial,SME,East,2026-09,1,1.0
P01734,Commercial,SME,East,2026-09,1,1.0
P01735,Commercial,SME,East,2026-09,1,1.0
P01736,Commercial,SME,East,2026-09,1,1.0
P01737,Commercial,SME,East,2026-09,1,1.0
P01738,Commercial,SME,East,2026-09,1,1.0
P01739,Commercial,SME,East,2026-09,1,1.0
P01740,Commercial,SME,East,2026-09,1,1.0
P01741,Commercial,SME,East,2026-09,1,1.0
P01742,Commercial,SME,East,2026-09,1,1.0
P01743,Commercial,SME,East,2026-09,1,1.0
P01744,Commercial,SME,East,2026-09,1,1.0
P01745,Commercial,SME,East,2026-09,1,1.0
P01746,Commercial,SME,East,2026-09,1,1.0
P01747,Commercial,SME,East,2026-09,1,1.0
P01748,Commercial,SME,East,2026-09,1,1.0
P01749,Commercial,SME,East,2026-09,1,1.0
P01750,Commercial,SME,East,2026-09,1,1.0
P01751,Commercial,SME,East,2026-09,1,1.0
P01752,Commercial,SME,East,2026-09,1,1.0
P01753,Commercial,SME,East,2026-09,1,1.0
P01754,Commercial,SME,East,2026-09,1,1.0
P01755,Commercial,SME,East,2026-09,1,1.0
P01756,Commercial,SME,East,2026-09,1,1.0
P01757,Commercial,SME,East,2026-09,1,1.0
P01758,Commercial,SME,East,2026-09,1,1.0
P01759,Commercial,SME,East,2026-09,1,1.0
P01760,Commercial,SME,East,2026-09,1,1.0
P01761,Commercial,SME,East,2026-09,1,1.0
P01762,Commercial,SME,East,2026-09,1,1.0
P01763,Commercial,SME,East,2026-09,1,1.0
P01764,Commercial,SME,East,2026-09,1,1.0
P01765,Commercial,SME,East,2026-09,1,1.0
P01766,Commercial,SME,East,2026-09,1,1.0
P01767,Commercial,SME,East,2026-09,1,1.0
P01768,Commercial,SME,East,2026-09,1,1.0
P01769,Commercial,SME,East,2026-09,1,1.0
P01770,Commercial,SME,East,2026-09,1,1.0
P01771,Commercial,SME,East,2026-09,1,1.0
P01772,Commercial,SME,East,2026-09,1,1.0
P01773,Commercial,SME,East,2026-09,1,1.0
P01774,Commercial,SME,East,2026-09,1,1.0
P01775,Commercial,SME,East,2026-09,1,1.0
P01776,Commercial,SME,East,2026-09,1,1.0
P01777,Commercial,SME,East,2026-09,1,1.0
P01778,Commercial,SME,East,2026-09,1,1.0
P01779,Commercial,SME,East,2026-09,1,1.0
P01780,Commercial,SME,East,2026-09,1,1.0
P01781,Commercial,SME,East,2026-09,1,1.0
P01782,Commercial,SME,East,2026-09,1,1.0
P01783,Commercial,SME,East,2026-09,1,1.0
P01784,Commercial,SME,East,2026-09,1,1.0
P01785,Commercial,SME,East,2026-09,1,1.0
P01786,Commercial,SME,East,2026-09,1,1.0
P01787,Commercial,SME,East,2026-09,1,1.0
P01788,Commercial,SME,East,2026-09,1,1.0
P01789,Commercial,SME,East,2026-09,1,1.0
P01790,Commercial,SME,East,2026-09,1,1.0
P01791,Commercial,SME,East,2026-09,1,1.0
P01792,Commercial,SME,East,2026-09,1,1.0
P01793,Commercial,SME,East,2026-09,1,1.0
P01794,Commercial,SME,East,2026-09,1,1.0
P01795,Commercial,SME,East,2026-09,1,1.0
P01796,Commercial,SME,East,2026-09,1,1.0
P01797,Commercial,SME,East,2026-09,1,1.0
P01798,Commercial,SME,East,2026-09,1,1.0
P01799,Commercial,SME,East,2026-09,1,1.0
P01800,Commercial,SME,East,2026-09,1,1.0
P01801,Commercial,SME,East,2026-09,1,1.0
P01802,Commercial,SME,East,2026-09,1,1.0
P01803,Commercial,SME,East,2026-09,1,1.0
P01804,Commercial,SME,East,2026-09,1,1.0
P01805,Commercial,SME,East,2026-09,1,1.0
P01806,Commercial,SME,East,2026-09,1,1.0
P01807,Commercial,SME,East,2026-09,1,1.0
P01808,Commercial,SME,East,2026-09,1,1.0
P01809,Commercial,SME,East,2026-09,1,1.0
P01810,Commercial,SME,East,2026-09,1,1.0
P01811,Commercial,SME,East,2026-09,1,1.0
P01812,Commercial,SME,East,2026-09,1,1.0
P01813,Commercial,SME,East,2026-09,1,1.0
P01814,Commercial,SME,East,2026-09,1,1.0
P01815,Commercial,SME,East,2026-09,1,1.0
P01816,Commercial,SME,East,2026-09,1,1.0
P01817,Commercial,SME,East,2026-09,1,1.0
P01818,Commercial,SME,East,2026-09,1,1.0
P01819,Commercial,SME,East,2026-09,1,1.0
P01820,Commercial,SME,East,2026-09,1,1.0
P01821,Commercial,SME,East,2026-09,1,1.0
P01822,Commercial,SME,East,2026-09,1,1.0
P01823,Commercial,SME,East,2026-09,1,1.0
P01824,Commercial,SME,East,2026-09,1,1.0
P01825,Commercial,SME,East,2026-09,1,1.0
P01826,Commercial,SME,East,2026-09,1,1.0
P01827,Commercial,SME,East,2026-09,1,1.0
P01828,Commercial,SME,East,2026-09,1,1.0
P01829,Commercial,SME,East,2026-09,1,1.0
P01830,Commercial,SME,East,2026-09,1,1.0
P01831,Commercial,SME,East,2026-09,1,1.0
P01832,Commercial,SME,East,2026-09,1,1.0
P01833,Commercial,SME,East,2026-09,1,1.0
P01834,Commercial,SME,East,2026-09,1,1.0
P01835,Commercial,SME,East,2026-09,1,1.0
P01836,Commercial,SME,East,2026-09,1,1.0
P01837,Commercial,SME,East,2026-09,1,1.0
P01838,Commercial,SME,East,2026-09,1,1.0
P01839,Commercial,SME,East,2026-09,1,1.0
P01840,Commercial,SME,East,2026-09,1,1.0
P01841,Commercial,SME,East,2026-09,1,1.0
P01842,Commercial,SME,East,2026-09,1,1.0
P01843,Commercial,SME,East,2026-09,1,1.0
P01844,Commercial,SME,East,2026-09,1,1.0
P01845,Commercial,SME,East,2026-09,1,1.0
P01846,Commercial,SME,East,2026-09,1,1.0
P01847,Commercial,SME,East,2026-09,1,1.0
P01848,Commercial,SME,East,2026-09,1,1.0
P01849,Commercial,SME,East,2026-09,1,1.0
P01850,Commercial,SME,East,2026-09,1,1.0
P01851,Commercial,SME,East,2026-09,1,1.0
P01852,Commercial,SME,East,2026-09,1,1.0
P01853,Commercial,SME,East,2026-09,1,1.0
P01854,Commercial,SME,East,2026-09,1,1.0
P01855,Commercial,SME,East,2026-09,1,1.0
P01856,Commercial,SME,East,2026-09,1,1.0
P01857,Commercial,SME,East,2026-09,1,1.0
P01858,Commercial,SME,East,2026-09,1,1.0
P01859,Commercial,SME,East,2026-09,1,1.0
P01860,Commercial,SME,East,2026-09,1,1.0
P01861,Commercial,SME,West,2026-09,1,1.0
P01862,Commercial,SME,West,2026-09,1,1.0
P01863,Commercial,SME,West,2026-09,1,1.0
P01864,Commercial,SME,West,2026-09,1,1.0
P01865,Commercial,SME,West,2026-09,1,1.0
P01866,Commercial,SME,West,2026-09,1,1.0
P01867,Commercial,SME,West,2026-09,1,1.0
P01868,Commercial,SME,West,2026-09,1,1.0
P01869,Commercial,SME,West,2026-09,1,1.0
P01870,Commercial,SME,West,2026-09,1,1.0
P01871,Commercial,SME,West,2026-09,1,1.0
P01872,Commercial,SME,West,2026-09,1,1.0
P01873,Commercial,SME,West,2026-09,1,1.0
P01874,Commercial,SME,West,2026-09,1,1.0
P01875,Commercial,SME,West,2026-09,1,1.0
P01876,Commercial,SME,West,2026-09,1,1.0
P01877,Commercial,SME,West,2026-09,1,1.0
P01878,Commercial,SME,West,2026-09,1,1.0
P01879,Commercial,SME,West,2026-09,1,1.0
P01880,Commercial,SME,West,2026-09,1,1.0
P01881,Commercial,SME,West,2026-09,1,1.0
P01882,Commercial,SME,West,2026-09,1,1.0
P01883,Commercial,SME,West,2026-09,1,1.0
P01884,Commercial,SME,West,2026-09,1,1.0
P01885,Commercial,SME,West,2026-09,1,1.0
P01886,Commercial,SME,West,2026-09,1,1.0
P01887,Commercial,SME,West,2026-09,1,1.0
P01888,Commercial,SME,West,2026-09,1,1.0
P01889,Commercial,SME,West,2026-09,1,1.0
P01890,Commercial,SME,West,2026-09,1,1.0
P01891,Commercial,SME,West,2026-09,1,1.0
P01892,Commercial,SME,West,2026-09,1,1.0
P01893,Commercial,SME,West,2026-09,1,1.0
P01894,Commercial,SME,West,2026-09,1,1.0
P01895,Commercial,SME,West,2026-09,1,1.0
P01896,Commercial,SME,West,2026-09,1,1.0
P01897,Commercial,SME,West,2026-09,1,1.0
P01898,Commercial,SME,West,2026-09,1,1.0
P01899,Commercial,SME,West,2026-09,1,1.0
P01900,Commercial,SME,West,2026-09,1,1.0
P01901,Commercial,SME,West,2026-09,1,1.0
P01902,Commercial,SME,West,2026-09,1,1.0
P01903,Commercial,SME,West,2026-09,1,1.0
P01904,Commercial,SME,West,2026-09,1,1.0
P01905,Commercial,SME,West,2026-09,1,1.0
P01906,Commercial,SME,West,2026-09,1,1.0
P01907,Commercial,SME,West,2026-09,1,1.0
P01908,Commercial,SME,West,2026-09,1,1.0
P01909,Commercial,SME,West,2026-09,1,1.0
P01910,Commercial,SME,West,2026-09,1,1.0
P01911,Commercial,SME,West,2026-09,1,1.0
P01912,Commercial,SME,West,2026-09,1,1.0
P01913,Commercial,SME,West,2026-09,1,1.0
P01914,Commercial,SME,West,2026-09,1,1.0
P01915,Commercial,SME,West,2026-09,1,1.0
P01916,Commercial,SME,West,2026-09,1,1.0
P01917,Commercial,SME,West,2026-09,1,1.0
P01918,Commercial,SME,West,2026-09,1,1.0
P01919,Commercial,SME,West,2026-09,1,1.0
P01920,Commercial,SME,West,2026-09,1,1.0
P01921,Commercial,SME,West,2026-09,1,1.0
P01922,Commercial,SME,West,2026-09,1,1.0
P01923,Commercial,SME,West,2026-09,1,1.0
P01924,Commercial,SME,West,2026-09,1,1.0
P01925,Commercial,SME,West,2026-09,1,1.0
P01926,Commercial,SME,West,2026-09,1,1.0
P01927,Commercial,SME,West,2026-09,1,1.0
P01928,Commercial,SME,West,2026-09,1,1.0
P01929,Commercial,SME,West,2026-09,1,1.0
P01930,Commercial,SME,West,2026-09,1,1.0
P01931,Commercial,SME,West,2026-09,1,1.0
P01932,Commercial,SME,West,2026-09,1,1.0
P01933,Commercial,SME,West,2026-09,1,1.0
P01934,Commercial,SME,West,2026-09,1,1.0
P01935,Commercial,SME,West,2026-09,1,1.0
P01936,Commercial,SME,West,2026-09,1,1.0
P01937,Commercial,SME,West,2026-09,1,1.0
P01938,Commercial,SME,West,2026-09,1,1.0
P01939,Commercial,SME,West,2026-09,1,1.0
P01940,Commercial,SME,West,2026-09,1,1.0
P01941,Commercial,SME,West,2026-09,1,1.0
P01942,Commercial,SME,West,2026-09,1,1.0
P01943,Commercial,SME,West,2026-09,1,1.0
P01944,Commercial,SME,West,2026-09,1,1.0
P01945,Commercial,SME,West,2026-09,1,1.0
P01946,Commercial,SME,West,2026-09,1,1.0
P01947,Commercial,SME,West,2026-09,1,1.0
P01948,Commercial,SME,West,2026-09,1,1.0
P01949,Commercial,SME,West,2026-09,1,1.0
P01950,Commercial,SME,West,2026-09,1,1.0
P01951,Commercial,SME,West,2026-09,1,1.0
P01952,Commercial,SME,West,2026-09,1,1.0
P01953,Commercial,SME,West,2026-09,1,1.0
P01954,Commercial,SME,West,2026-09,1,1.0
P01955,Commercial,SME,West,2026-09,1,1.0
P01956,Commercial,SME,West,2026-09,1,1.0
P01957,Commercial,SME,West,2026-09,1,1.0
P01958,Commercial,SME,West,2026-09,1,1.0
P01959,Commercial,SME,West,2026-09,1,1.0
P01960,Commercial,SME,West,2026-09,1,1.0
P01961,Commercial,SME,West,2026-09,1,1.0
P01962,Commercial,SME,West,2026-09,1,1.0
P01963,Commercial,SME,West,2026-09,1,1.0
P01964,Commercial,SME,West,2026-09,1,1.0
P01965,Commercial,SME,West,2026-09,1,1.0
P01966,Commercial,SME,West,2026-09,1,1.0
P01967,Commercial,SME,West,2026-09,1,1.0
P01968,Commercial,SME,West,2026-09,1,1.0
P01969,Commercial,SME,West,2026-09,1,1.0
P01970,Commercial,SME,West,2026-09,1,1.0
P01971,Commercial,SME,West,2026-09,1,1.0
P01972,Commercial,SME,West,2026-09,1,1.0
P01973,Commercial,SME,West,2026-09,1,1.0
P01974,Commercial,SME,West,2026-09,1,1.0
P01975,Commercial,SME,West,2026-09,1,1.0
P01976,Commercial,SME,West,2026-09,1,1.0
P01977,Commercial,SME,West,2026-09,1,1.0
P01978,Commercial,SME,West,2026-09,1,1.0
P01979,Commercial,SME,West,2026-09,1,1.0
P01980,Commercial,SME,West,2026-09,1,1.0
P01981,Commercial,SME,West,2026-09,1,1.0
P01982,Commercial,SME,West,2026-09,1,1.0
P01983,Commercial,SME,West,2026-09,1,1.0
P01984,Commercial,SME,West,2026-09,1,1.0
P01985,Commercial,SME,West,2026-09,1,1.0
P01986,Commercial,SME,West,2026-09,1,1.0
P01987,Commercial,SME,West,2026-09,1,1.0
P01988,Commercial,SME,West,2026-09,1,1.0
P01989,Commercial,SME,West,2026-09,1,1.0
P01990,Commercial,SME,West,2026-09,1,1.0
P01991,Commercial,SME,West,2026-09,1,1.0
P01992,Commercial,SME,West,2026-09,1,1.0
P01993,Commercial,SME,West,2026-09,1,1.0
P01994,Commercial,SME,West,2026-09,1,1.0
P01995,Commercial,SME,West,2026-09,1,1.0
P01996,Commercial,SME,West,2026-09,1,1.0
P01997,Commercial,SME,West,2026-09,1,1.0
P01998,Commercial,SME,West,2026-09,1,1.0
P01999,Commercial,SME,West,2026-09,1,1.0
P02000,Commercial,SME,West,2026-09,1,1.0
P02001,Commercial,SME,West,2026-09,1,1.0
P02002,Commercial,SME,West,2026-09,1,1.0
P02003,Commercial,SME,West,2026-09,1,1.0
P02004,Commercial,SME,West,2026-09,1,1.0
P02005,Commercial,SME,West,2026-09,1,1.0
P02006,Commercial,SME,West,2026-09,1,1.0
P02007,Commercial,SME,West,2026-09,1,1.0
P02008,Commercial,SME,West,2026-09,1,1.0
P02009,Commercial,SME,West,2026-09,1,1.0
P02010,Commercial,SME,West,2026-09,1,1.0
P02011,Commercial,SME,West,2026-09,1,1.0
P02012,Commercial,SME,West,2026-09,1,1.0
P02013,Commercial,SME,West,2026-09,1,1.0
P02014,Commercial,SME,West,2026-09,1,1.0
P02015,Commercial,SME,West,2026-09,1,1.0
P02016,Commercial,SME,West,2026-09,1,1.0
P02017,Commercial,SME,West,2026-09,1,1.0
P02018,Commercial,SME,West,2026-09,1,1.0
P02019,Commercial,SME,West,2026-09,1,1.0
P02020,Commercial,SME,West,2026-09,1,1.0
P02021,Commercial,SME,West,2026-09,1,1.0
P02022,Commercial,SME,West,2026-09,1,1.0
P02023,Commercial,SME,West,2026-09,1,1.0
P02024,Commercial,SME,West,2026-09,1,1.0
P02025,Commercial,SME,West,2026-09,1,1.0
P02026,Commercial,SME,West,2026-09,1,1.0
P02027,Commercial,SME,West,2026-09,1,1.0
P02028,Commercial,SME,West,2026-09,1,1.0
P02029,Commercial,SME,West,2026-09,1,1.0
P02030,Commercial,SME,West,2026-09,1,1.0
P02031,Commercial,SME,West,2026-09,1,1.0
P02032,Commercial,SME,West,2026-09,1,1.0
P02033,Commercial,SME,West,2026-09,1,1.0
P02034,Commercial,SME,West,2026-09,1,1.0
P02035,Commercial,SME,West,2026-09,1,1.0
P02036,Commercial,SME,West,2026-09,1,1.0
P02037,Commercial,SME,West,2026-09,1,1.0
P02038,Commercial,SME,West,2026-09,1,1.0
P02039,Commercial,SME,West,2026-09,1,1.0
P02040,Commercial,SME,West,2026-09,1,1.0
P02041,Commercial,SME,West,2026-09,1,1.0
P02042,Commercial,SME,West,2026-09,1,1.0
P02043,Commercial,SME,West,2026-09,1,1.0
P02044,Commercial,SME,West,2026-09,1,1.0
P02045,Commercial,SME,West,2026-09,1,1.0
P02046,Commercial,SME,West,2026-09,1,1.0
P02047,Commercial,SME,West,2026-09,1,1.0
P02048,Commercial,SME,West,2026-09,1,1.0
P02049,Commercial,SME,West,2026-09,1,1.0
P02050,Commercial,SME,West,2026-09,1,1.0
P02051,Commercial,SME,West,2026-09,1,1.0
P02052,Commercial,SME,West,2026-09,1,1.0
P02053,Commercial,SME,West,2026-09,1,1.0
P02054,Commercial,SME,West,2026-09,1,1.0
P02055,Commercial,SME,West,2026-09,1,1.0
P02056,Commercial,SME,West,2026-09,1,1.0
P02057,Commercial,SME,West,2026-09,1,1.0
P02058,Commercial,SME,West,2026-09,1,1.0
P02059,Commercial,SME,West,2026-09,1,1.0
P02060,Commercial,SME,West,2026-09,1,1.0
P02061,Commercial,SME,West,2026-09,1,1.0
P02062,Commercial,SME,West,2026-09,1,1.0
P02063,Commercial,SME,West,2026-09,1,1.0
P02064,Commercial,SME,West,2026-09,1,1.0
P02065,Commercial,SME,West,2026-09,1,1.0
P02066,Commercial,SME,West,2026-09,1,1.0
P02067,Commercial,SME,West,2026-09,1,1.0
P02068,Commercial,SME,West,2026-09,1,1.0
P02069,Commercial,SME,West,2026-09,1,1.0
P02070,Commercial,SME,West,2026-09,1,1.0
P02071,Commercial,Property,North,2026-09,1,1.0
P02072,Commercial,Property,North,2026-09,1,1.0
P02073,Commercial,Property,North,2026-09,1,1.0
P02074,Commercial,Property,North,2026-09,1,1.0
P02075,Commercial,Property,North,2026-09,1,1.0
P02076,Commercial,Property,North,2026-09,1,1.0
P02077,Commercial,Property,North,2026-09,1,1.0
P02078,Commercial,Property,North,2026-09,1,1.0
P02079,Commercial,Property,North,2026-09,1,1.0
P02080,Commercial,Property,North,2026-09,1,1.0
P02081,Commercial,Property,North,2026-09,1,1.0
P02082,Commercial,Property,North,2026-09,1,1.0
P02083,Commercial,Property,North,2026-09,1,1.0
P02084,Commercial,Property,North,2026-09,1,1.0
P02085,Commercial,Property,North,2026-09,1,1.0
P02086,Commercial,Property,North,2026-09,1,1.0
P02087,Commercial,Property,North,2026-09,1,1.0
P02088,Commercial,Property,North,2026-09,1,1.0
P02089,Commercial,Property,North,2026-09,1,1.0
P02090,Commercial,Property,North,2026-09,1,1.0
P02091,Commercial,Property,North,2026-09,1,1.0
P02092,Commercial,Property,North,2026-09,1,1.0
P02093,Commercial,Property,North,2026-09,1,1.0
P02094,Commercial,Property,North,2026-09,1,1.0
P02095,Commercial,Property,North,2026-09,1,1.0
P02096,Commercial,Property,North,2026-09,1,1.0
P02097,Commercial,Property,North,2026-09,1,1.0
P02098,Commercial,Property,North,2026-09,1,1.0
P02099,Commercial,Property,North,2026-09,1,1.0
P02100,Commercial,Property,North,2026-09,1,1.0
P02101,Commercial,Property,North,2026-09,1,1.0
P02102,Commercial,Property,North,2026-09,1,1.0
P02103,Commercial,Property,North,2026-09,1,1.0
P02104,Commercial,Property,North,2026-09,1,1.0
P02105,Commercial,Property,North,2026-09,1,1.0
P02106,Commercial,Property,North,2026-09,1,1.0
P02107,Commercial,Property,North,2026-09,1,1.0
P02108,Commercial,Property,North,2026-09,1,1.0
P02109,Commercial,Property,North,2026-09,1,1.0
P02110,Commercial,Property,North,2026-09,1,1.0
P02111,Commercial,Property,North,2026-09,1,1.0
P02112,Commercial,Property,North,2026-09,1,1.0
P02113,Commercial,Property,North,2026-09,1,1.0
P02114,Commercial,Property,North,2026-09,1,1.0
P02115,Commercial,Property,North,2026-09,1,1.0
P02116,Commercial,Property,North,2026-09,1,1.0
P02117,Commercial,Property,North,2026-09,1,1.0
P02118,Commercial,Property,North,2026-09,1,1.0
P02119,Commercial,Property,North,2026-09,1,1.0
P02120,Commercial,Property,North,2026-09,1,1.0
P02121,Commercial,Property,North,2026-09,1,1.0
P02122,Commercial,Property,North,2026-09,1,1.0
P02123,Commercial,Property,North,2026-09,1,1.0
P02124,Commercial,Property,North,2026-09,1,1.0
P02125,Commercial,Property,North,2026-09,1,1.0
P02126,Commercial,Property,North,2026-09,1,1.0
P02127,Commercial,Property,North,2026-09,1,1.0
P02128,Commercial,Property,North,2026-09,1,1.0
P02129,Commercial,Property,North,2026-09,1,1.0
P02130,Commercial,Property,North,2026-09,1,1.0
P02131,Commercial,Property,North,2026-09,1,1.0
P02132,Commercial,Property,North,2026-09,1,1.0
P02133,Commercial,Property,North,2026-09,1,1.0
P02134,Commercial,Property,North,2026-09,1,1.0
P02135,Commercial,Property,North,2026-09,1,1.0
P02136,Commercial,Property,North,2026-09,1,1.0
P02137,Commercial,Property,North,2026-09,1,1.0
P02138,Commercial,Property,North,2026-09,1,1.0
P02139,Commercial,Property,North,2026-09,1,1.0
P02140,Commercial,Property,North,2026-09,1,1.0
P02141,Commercial,Property,North,2026-09,1,1.0
P02142,Commercial,Property,North,2026-09,1,1.0
P02143,Commercial,Property,North,2026-09,1,1.0
P02144,Commercial,Property,North,2026-09,1,1.0
P02145,Commercial,Property,North,2026-09,1,1.0
P02146,Commercial,Property,North,2026-09,1,1.0
P02147,Commercial,Property,North,2026-09,1,1.0
P02148,Commercial,Property,North,2026-09,1,1.0
P02149,Commercial,Property,North,2026-09,1,1.0
P02150,Commercial,Property,North,2026-09,1,1.0
P02151,Commercial,Property,North,2026-09,1,1.0
P02152,Commercial,Property,North,2026-09,1,1.0
P02153,Commercial,Property,North,2026-09,1,1.0
P02154,Commercial,Property,North,2026-09,1,1.0
P02155,Commercial,Property,North,2026-09,1,1.0
P02156,Commercial,Property,North,2026-09,1,1.0
P02157,Commercial,Property,North,2026-09,1,1.0
P02158,Commercial,Property,North,2026-09,1,1.0
P02159,Commercial,Property,North,2026-09,1,1.0
P02160,Commercial,Property,North,2026-09,1,1.0
P02161,Commercial,Property,North,2026-09,1,1.0
P02162,Commercial,Property,North,2026-09,1,1.0
P02163,Commercial,Property,North,2026-09,1,1.0
P02164,Commercial,Property,North,2026-09,1,1.0
P02165,Commercial,Property,North,2026-09,1,1.0
P02166,Commercial,Property,North,2026-09,1,1.0
P02167,Commercial,Property,North,2026-09,1,1.0
P02168,Commercial,Property,North,2026-09,1,1.0
P02169,Commercial,Property,North,2026-09,1,1.0
P02170,Commercial,Property,North,2026-09,1,1.0
P02171,Commercial,Property,North,2026-09,1,1.0
P02172,Commercial,Property,North,2026-09,1,1.0
P02173,Commercial,Property,North,2026-09,1,1.0
P02174,Commercial,Property,North,2026-09,1,1.0
P02175,Commercial,Property,North,2026-09,1,1.0
P02176,Commercial,Property,North,2026-09,1,1.0
P02177,Commercial,Property,North,2026-09,1,1.0
P02178,Commercial,Property,North,2026-09,1,1.0
P02179,Commercial,Property,North,2026-09,1,1.0
P02180,Commercial,Property,North,2026-09,1,1.0
P02181,Commercial,Property,North,2026-09,1,1.0
P02182,Commercial,Property,North,2026-09,1,1.0
P02183,Commercial,Property,North,2026-09,1,1.0
P02184,Commercial,Property,North,2026-09,1,1.0
P02185,Commercial,Property,North,2026-09,1,1.0
P02186,Commercial,Property,North,2026-09,1,1.0
P02187,Commercial,Property,North,2026-09,1,1.0
P02188,Commercial,Property,North,2026-09,1,1.0
P02189,Commercial,Property,North,2026-09,1,1.0
P02190,Commercial,Property,North,2026-09,1,1.0
P02191,Commercial,Property,North,2026-09,1,1.0
P02192,Commercial,Property,North,2026-09,1,1.0
P02193,Commercial,Property,North,2026-09,1,1.0
P02194,Commercial,Property,North,2026-09,1,1.0
P02195,Commercial,Property,North,2026-09,1,1.0
P02196,Commercial,Property,North,2026-09,1,1.0
P02197,Commercial,Property,North,2026-09,1,1.0
P02198,Commercial,Property,North,2026-09,1,1.0
P02199,Commercial,Property,North,2026-09,1,1.0
P02200,Commercial,Property,North,2026-09,1,1.0
P02201,Commercial,Property,North,2026-09,1,1.0
P02202,Commercial,Property,North,2026-09,1,1.0
P02203,Commercial,Property,North,2026-09,1,1.0
P02204,Commercial,Property,North,2026-09,1,1.0
P02205,Commercial,Property,North,2026-09,1,1.0
P02206,Commercial,Property,North,2026-09,1,1.0
P02207,Commercial,Property,North,2026-09,1,1.0
P02208,Commercial,Property,North,2026-09,1,1.0
P02209,Commercial,Property,North,2026-09,1,1.0
P02210,Commercial,Property,North,2026-09,1,1.0
P02211,Commercial,Property,North,2026-09,1,1.0
P02212,Commercial,Property,North,2026-09,1,1.0
P02213,Commercial,Property,North,2026-09,1,1.0
P02214,Commercial,Property,North,2026-09,1,1.0
P02215,Commercial,Property,North,2026-09,1,1.0
P02216,Commercial,Property,North,2026-09,1,1.0
P02217,Commercial,Property,North,2026-09,1,1.0
P02218,Commercial,Property,North,2026-09,1,1.0
P02219,Commercial,Property,North,2026-09,1,1.0
P02220,Commercial,Property,North,2026-09,1,1.0
P02221,Commercial,Property,North,2026-09,1,1.0
P02222,Commercial,Property,North,2026-09,1,1.0
P02223,Commercial,Property,North,2026-09,1,1.0
P02224,Commercial,Property,North,2026-09,1,1.0
P02225,Commercial,Property,North,2026-09,1,1.0
P02226,Commercial,Property,North,2026-09,1,1.0
P02227,Commercial,Property,North,2026-09,1,1.0
P02228,Commercial,Property,North,2026-09,1,1.0
P02229,Commercial,Property,North,2026-09,1,1.0
P02230,Commercial,Property,North,2026-09,1,1.0
P02231,Commercial,Property,North,2026-09,1,1.0
P02232,Commercial,Property,North,2026-09,1,1.0
P02233,Commercial,Property,North,2026-09,1,1.0
P02234,Commercial,Property,North,2026-09,1,1.0
P02235,Commercial,Property,North,2026-09,1,1.0
P02236,Commercial,Property,North,2026-09,1,1.0
P02237,Commercial,Property,North,2026-09,1,1.0
P02238,Commercial,Property,North,2026-09,1,1.0
P02239,Commercial,Property,North,2026-09,1,1.0
P02240,Commercial,Property,North,2026-09,1,1.0
P02241,Commercial,Property,North,2026-09,1,1.0
P02242,Commercial,Property,North,2026-09,1,1.0
P02243,Commercial,Property,North,2026-09,1,1.0
P02244,Commercial,Property,North,2026-09,1,1.0
P02245,Commercial,Property,North,2026-09,1,1.0
P02246,Commercial,Property,North,2026-09,1,1.0
P02247,Commercial,Property,North,2026-09,1,1.0
P02248,Commercial,Property,North,2026-09,1,1.0
P02249,Commercial,Property,North,2026-09,1,1.0
P02250,Commercial,Property,North,2026-09,1,1.0
P02251,Commercial,Property,South,2026-09,1,1.0
P02252,Commercial,Property,South,2026-09,1,1.0
P02253,Commercial,Property,South,2026-09,1,1.0
P02254,Commercial,Property,South,2026-09,1,1.0
P02255,Commercial,Property,South,2026-09,1,1.0
P02256,Commercial,Property,South,2026-09,1,1.0
P02257,Commercial,Property,South,2026-09,1,1.0
P02258,Commercial,Property,South,2026-09,1,1.0
P02259,Commercial,Property,South,2026-09,1,1.0
P02260,Commercial,Property,South,2026-09,1,1.0
P02261,Commercial,Property,South,2026-09,1,1.0
P02262,Commercial,Property,South,2026-09,1,1.0
P02263,Commercial,Property,South,2026-09,1,1.0
P02264,Commercial,Property,South,2026-09,1,1.0
P02265,Commercial,Property,South,2026-09,1,1.0
P02266,Commercial,Property,South,2026-09,1,1.0
P02267,Commercial,Property,South,2026-09,1,1.0
P02268,Commercial,Property,South,2026-09,1,1.0
P02269,Commercial,Property,South,2026-09,1,1.0
P02270,Commercial,Property,South,2026-09,1,1.0
P02271,Commercial,Property,South,2026-09,1,1.0
P02272,Commercial,Property,South,2026-09,1,1.0
P02273,Commercial,Property,South,2026-09,1,1.0
P02274,Commercial,Property,South,2026-09,1,1.0
P02275,Commercial,Property,South,2026-09,1,1.0
P02276,Commercial,Property,South,2026-09,1,1.0
P02277,Commercial,Property,South,2026-09,1,1.0
P02278,Commercial,Property,South,2026-09,1,1.0
P02279,Commercial,Property,South,2026-09,1,1.0
P02280,Commercial,Property,South,2026-09,1,1.0
P02281,Commercial,Property,South,2026-09,1,1.0
P02282,Commercial,Property,South,2026-09,1,1.0
P02283,Commercial,Property,South,2026-09,1,1.0
P02284,Commercial,Property,South,2026-09,1,1.0
P02285,Commercial,Property,South,2026-09,1,1.0
P02286,Commercial,Property,South,2026-09,1,1.0
P02287,Commercial,Property,South,2026-09,1,1.0
P02288,Commercial,Property,South,2026-09,1,1.0
P02289,Commercial,Property,South,2026-09,1,1.0
P02290,Commercial,Property,South,2026-09,1,1.0
P02291,Commercial,Property,South,2026-09,1,1.0
P02292,Commercial,Property,South,2026-09,1,1.0
P02293,Commercial,Property,South,2026-09,1,1.0
P02294,Commercial,Property,South,2026-09,1,1.0
P02295,Commercial,Property,South,2026-09,1,1.0
P02296,Commercial,Property,South,2026-09,1,1.0
P02297,Commercial,Property,South,2026-09,1,1.0
P02298,Commercial,Property,South,2026-09,1,1.0
P02299,Commercial,Property,South,2026-09,1,1.0
P02300,Commercial,Property,South,2026-09,1,1.0
P02301,Commercial,Property,South,2026-09,1,1.0
P02302,Commercial,Property,South,2026-09,1,1.0
P02303,Commercial,Property,South,2026-09,1,1.0
P02304,Commercial,Property,South,2026-09,1,1.0
P02305,Commercial,Property,South,2026-09,1,1.0
P02306,Commercial,Property,South,2026-09,1,1.0
P02307,Commercial,Property,South,2026-09,1,1.0
P02308,Commercial,Property,South,2026-09,1,1.0
P02309,Commercial,Property,South,2026-09,1,1.0
P02310,Commercial,Property,South,2026-09,1,1.0
P02311,Commercial,Property,South,2026-09,1,1.0
P02312,Commercial,Property,South,2026-09,1,1.0
P02313,Commercial,Property,South,2026-09,1,1.0
P02314,Commercial,Property,South,2026-09,1,1.0
P02315,Commercial,Property,South,2026-09,1,1.0
P02316,Commercial,Property,South,2026-09,1,1.0
P02317,Commercial,Property,South,2026-09,1,1.0
P02318,Commercial,Property,South,2026-09,1,1.0
P02319,Commercial,Property,South,2026-09,1,1.0
P02320,Commercial,Property,South,2026-09,1,1.0
P02321,Commercial,Property,South,2026-09,1,1.0
P02322,Commercial,Property,South,2026-09,1,1.0
P02323,Commercial,Property,South,2026-09,1,1.0
P02324,Commercial,Property,South,2026-09,1,1.0
P02325,Commercial,Property,South,2026-09,1,1.0
P02326,Commercial,Property,South,2026-09,1,1.0
P02327,Commercial,Property,South,2026-09,1,1.0
P02328,Commercial,Property,South,2026-09,1,1.0
P02329,Commercial,Property,South,2026-09,1,1.0
P02330,Commercial,Property,South,2026-09,1,1.0
P02331,Commercial,Property,South,2026-09,1,1.0
P02332,Commercial,Property,South,2026-09,1,1.0
P02333,Commercial,Property,South,2026-09,1,1.0
P02334,Commercial,Property,South,2026-09,1,1.0
P02335,Commercial,Property,South,2026-09,1,1.0
P02336,Commercial,Property,South,2026-09,1,1.0
P02337,Commercial,Property,South,2026-09,1,1.0
P02338,Commercial,Property,South,2026-09,1,1.0
P02339,Commercial,Property,South,2026-09,1,1.0
P02340,Commercial,Property,South,2026-09,1,1.0
P02341,Commercial,Property,South,2026-09,1,1.0
P02342,Commercial,Property,South,2026-09,1,1.0
P02343,Commercial,Property,South,2026-09,1,1.0
P02344,Commercial,Property,South,2026-09,1,1.0
P02345,Commercial,Property,South,2026-09,1,1.0
P02346,Commercial,Property,South,2026-09,1,1.0
P02347,Commercial,Property,South,2026-09,1,1.0
P02348,Commercial,Property,South,2026-09,1,1.0
P02349,Commercial,Property,South,2026-09,1,1.0
P02350,Commercial,Property,South,2026-09,1,1.0
P02351,Commercial,Property,South,2026-09,1,1.0
P02352,Commercial,Property,South,2026-09,1,1.0
P02353,Commercial,Property,South,2026-09,1,1.0
P02354,Commercial,Property,South,2026-09,1,1.0
P02355,Commercial,Property,South,2026-09,1,1.0
P02356,Commercial,Property,South,2026-09,1,1.0
P02357,Commercial,Property,South,2026-09,1,1.0
P02358,Commercial,Property,South,2026-09,1,1.0
P02359,Commercial,Property,South,2026-09,1,1.0
P02360,Commercial,Property,South,2026-09,1,1.0
P02361,Commercial,Property,South,2026-09,1,1.0
P02362,Commercial,Property,South,2026-09,1,1.0
P02363,Commercial,Property,South,2026-09,1,1.0
P02364,Commercial,Property,South,2026-09,1,1.0
P02365,Commercial,Property,South,2026-09,1,1.0
P02366,Commercial,Property,South,2026-09,1,1.0
P02367,Commercial,Property,South,2026-09,1,1.0
P02368,Commercial,Property,South,2026-09,1,1.0
P02369,Commercial,Property,South,2026-09,1,1.0
P02370,Commercial,Property,South,2026-09,1,1.0
P02371,Commercial,Property,South,2026-09,1,1.0
P02372,Commercial,Property,South,2026-09,1,1.0
P02373,Commercial,Property,South,2026-09,1,1.0
P02374,Commercial,Property,South,2026-09,1,1.0
P02375,Commercial,Property,South,2026-09,1,1.0
P02376,Commercial,Property,South,2026-09,1,1.0
P02377,Commercial,Property,South,2026-09,1,1.0
P02378,Commercial,Property,South,2026-09,1,1.0
P02379,Commercial,Property,South,2026-09,1,1.0
P02380,Commercial,Property,South,2026-09,1,1.0
P02381,Commercial,Property,South,2026-09,1,1.0
P02382,Commercial,Property,South,2026-09,1,1.0
P02383,Commercial,Property,South,2026-09,1,1.0
P02384,Commercial,Property,South,2026-09,1,1.0
P02385,Commercial,Property,South,2026-09,1,1.0
P02386,Commercial,Property,South,2026-09,1,1.0
P02387,Commercial,Property,South,2026-09,1,1.0
P02388,Commercial,Property,South,2026-09,1,1.0
P02389,Commercial,Property,South,2026-09,1,1.0
P02390,Commercial,Property,South,2026-09,1,1.0
P02391,Commercial,Property,South,2026-09,1,1.0
P02392,Commercial,Property,South,2026-09,1,1.0
P02393,Commercial,Property,South,2026-09,1,1.0
P02394,Commercial,Property,South,2026-09,1,1.0
P02395,Commercial,Property,South,2026-09,1,1.0
P02396,Commercial,Property,South,2026-09,1,1.0
P02397,Commercial,Property,South,2026-09,1,1.0
P02398,Commercial,Property,South,2026-09,1,1.0
P02399,Commercial,Property,South,2026-09,1,1.0
P02400,Commercial,Property,South,2026-09,1,1.0
P02401,Commercial,Property,South,2026-09,1,1.0
P02402,Commercial,Property,South,2026-09,1,1.0
P02403,Commercial,Property,South,2026-09,1,1.0
P02404,Commercial,Property,South,2026-09,1,1.0
P02405,Commercial,Property,South,2026-09,1,1.0
P02406,Commercial,Property,South,2026-09,1,1.0
P02407,Commercial,Property,South,2026-09,1,1.0
P02408,Commercial,Property,South,2026-09,1,1.0
P02409,Commercial,Property,South,2026-09,1,1.0
P02410,Commercial,Property,South,2026-09,1,1.0
P02411,Commercial,Property,South,2026-09,1,1.0
P02412,Commercial,Property,South,2026-09,1,1.0
P02413,Commercial,Property,South,2026-09,1,1.0
P02414,Commercial,Property,South,2026-09,1,1.0
P02415,Commercial,Property,South,2026-09,1,1.0
P02416,Commercial,Property,South,2026-09,1,1.0
P02417,Commercial,Property,South,2026-09,1,1.0
P02418,Commercial,Property,South,2026-09,1,1.0
P02419,Commercial,Property,South,2026-09,1,1.0
P02420,Commercial,Property,South,2026-09,1,1.0
P02421,Commercial,Property,East,2026-09,1,1.0
P02422,Commercial,Property,East,2026-09,1,1.0
P02423,Commercial,Property,East,2026-09,1,1.0
P02424,Commercial,Property,East,2026-09,1,1.0
P02425,Commercial,Property,East,2026-09,1,1.0
P02426,Commercial,Property,East,2026-09,1,1.0
P02427,Commercial,Property,East,2026-09,1,1.0
P02428,Commercial,Property,East,2026-09,1,1.0
P02429,Commercial,Property,East,2026-09,1,1.0
P02430,Commercial,Property,East,2026-09,1,1.0
P02431,Commercial,Property,East,2026-09,1,1.0
P02432,Commercial,Property,East,2026-09,1,1.0
P02433,Commercial,Property,East,2026-09,1,1.0
P02434,Commercial,Property,East,2026-09,1,1.0
P02435,Commercial,Property,East,2026-09,1,1.0
P02436,Commercial,Property,East,2026-09,1,1.0
P02437,Commercial,Property,East,2026-09,1,1.0
P02438,Commercial,Property,East,2026-09,1,1.0
P02439,Commercial,Property,East,2026-09,1,1.0
P02440,Commercial,Property,East,2026-09,1,1.0
P02441,Commercial,Property,East,2026-09,1,1.0
P02442,Commercial,Property,East,2026-09,1,1.0
P02443,Commercial,Property,East,2026-09,1,1.0
P02444,Commercial,Property,East,2026-09,1,1.0
P02445,Commercial,Property,East,2026-09,1,1.0
P02446,Commercial,Property,East,2026-09,1,1.0
P02447,Commercial,Property,East,2026-09,1,1.0
P02448,Commercial,Property,East,2026-09,1,1.0
P02449,Commercial,Property,East,2026-09,1,1.0
P02450,Commercial,Property,East,2026-09,1,1.0
P02451,Commercial,Property,East,2026-09,1,1.0
P02452,Commercial,Property,East,2026-09,1,1.0
P02453,Commercial,Property,East,2026-09,1,1.0
P02454,Commercial,Property,East,2026-09,1,1.0
P02455,Commercial,Property,East,2026-09,1,1.0
P02456,Commercial,Property,East,2026-09,1,1.0
P02457,Commercial,Property,East,2026-09,1,1.0
P02458,Commercial,Property,East,2026-09,1,1.0
P02459,Commercial,Property,East,2026-09,1,1.0
P02460,Commercial,Property,East,2026-09,1,1.0
P02461,Commercial,Property,East,2026-09,1,1.0
P02462,Commercial,Property,East,2026-09,1,1.0
P02463,Commercial,Property,East,2026-09,1,1.0
P02464,Commercial,Property,East,2026-09,1,1.0
P02465,Commercial,Property,East,2026-09,1,1.0
P02466,Commercial,Property,East,2026-09,1,1.0
P02467,Commercial,Property,East,2026-09,1,1.0
P02468,Commercial,Property,East,2026-09,1,1.0
P02469,Commercial,Property,East,2026-09,1,1.0
P02470,Commercial,Property,East,2026-09,1,1.0
P02471,Commercial,Property,East,2026-09,1,1.0
P02472,Commercial,Property,East,2026-09,1,1.0
P02473,Commercial,Property,East,2026-09,1,1.0
P02474,Commercial,Property,East,2026-09,1,1.0
P02475,Commercial,Property,East,2026-09,1,1.0
P02476,Commercial,Property,East,2026-09,1,1.0
P02477,Commercial,Property,East,2026-09,1,1.0
P02478,Commercial,Property,East,2026-09,1,1.0
P02479,Commercial,Property,East,2026-09,1,1.0
P02480,Commercial,Property,East,2026-09,1,1.0
P02481,Commercial,Property,East,2026-09,1,1.0
P02482,Commercial,Property,East,2026-09,1,1.0
P02483,Commercial,Property,East,2026-09,1,1.0
P02484,Commercial,Property,East,2026-09,1,1.0
P02485,Commercial,Property,East,2026-09,1,1.0
P02486,Commercial,Property,East,2026-09,1,1.0
P02487,Commercial,Property,East,2026-09,1,1.0
P02488,Commercial,Property,East,2026-09,1,1.0
P02489,Commercial,Property,East,2026-09,1,1.0
P02490,Commercial,Property,East,2026-09,1,1.0
P02491,Commercial,Property,East,2026-09,1,1.0
P02492,Commercial,Property,East,2026-09,1,1.0
P02493,Commercial,Property,East,2026-09,1,1.0
P02494,Commercial,Property,East,2026-09,1,1.0
P02495,Commercial,Property,East,2026-09,1,1.0
P02496,Commercial,Property,East,2026-09,1,1.0
P02497,Commercial,Property,East,2026-09,1,1.0
P02498,Commercial,Property,East,2026-09,1,1.0
P02499,Commercial,Property,East,2026-09,1,1.0
P02500,Commercial,Property,East,2026-09,1,1.0
P02501,Commercial,Property,East,2026-09,1,1.0
P02502,Commercial,Property,East,2026-09,1,1.0
P02503,Commercial,Property,East,2026-09,1,1.0
P02504,Commercial,Property,East,2026-09,1,1.0
P02505,Commercial,Property,East,2026-09,1,1.0
P02506,Commercial,Property,East,2026-09,1,1.0
P02507,Commercial,Property,East,2026-09,1,1.0
P02508,Commercial,Property,East,2026-09,1,1.0
P02509,Commercial,Property,East,2026-09,1,1.0
P02510,Commercial,Property,East,2026-09,1,1.0
P02511,Commercial,Property,East,2026-09,1,1.0
P02512,Commercial,Property,East,2026-09,1,1.0
P02513,Commercial,Property,East,2026-09,1,1.0
P02514,Commercial,Property,East,2026-09,1,1.0
P02515,Commercial,Property,East,2026-09,1,1.0
P02516,Commercial,Property,East,2026-09,1,1.0
P02517,Commercial,Property,East,2026-09,1,1.0
P02518,Commercial,Property,East,2026-09,1,1.0
P02519,Commercial,Property,East,2026-09,1,1.0
P02520,Commercial,Property,East,2026-09,1,1.0
P02521,Commercial,Property,East,2026-09,1,1.0
P02522,Commercial,Property,East,2026-09,1,1.0
P02523,Commercial,Property,East,2026-09,1,1.0
P02524,Commercial,Property,East,2026-09,1,1.0
P02525,Commercial,Property,East,2026-09,1,1.0
P02526,Commercial,Property,East,2026-09,1,1.0
P02527,Commercial,Property,East,2026-09,1,1.0
P02528,Commercial,Property,East,2026-09,1,1.0
P02529,Commercial,Property,East,2026-09,1,1.0
P02530,Commercial,Property,East,2026-09,1,1.0
P02531,Commercial,Property,East,2026-09,1,1.0
P02532,Commercial,Property,East,2026-09,1,1.0
P02533,Commercial,Property,East,2026-09,1,1.0
P02534,Commercial,Property,East,2026-09,1,1.0
P02535,Commercial,Property,East,2026-09,1,1.0
P02536,Commercial,Property,East,2026-09,1,1.0
P02537,Commercial,Property,East,2026-09,1,1.0
P02538,Commercial,Property,East,2026-09,1,1.0
P02539,Commercial,Property,East,2026-09,1,1.0
P02540,Commercial,Property,East,2026-09,1,1.0
P02541,Commercial,Property,East,2026-09,1,1.0
P02542,Commercial,Property,East,2026-09,1,1.0
P02543,Commercial,Property,East,2026-09,1,1.0
P02544,Commercial,Property,East,2026-09,1,1.0
P02545,Commercial,Property,East,2026-09,1,1.0
P02546,Commercial,Property,East,2026-09,1,1.0
P02547,Commercial,Property,East,2026-09,1,1.0
P02548,Commercial,Property,East,2026-09,1,1.0
P02549,Commercial,Property,East,2026-09,1,1.0
P02550,Commercial,Property,East,2026-09,1,1.0
P02551,Commercial,Property,East,2026-09,1,1.0
P02552,Commercial,Property,East,2026-09,1,1.0
P02553,Commercial,Property,East,2026-09,1,1.0
P02554,Commercial,Property,East,2026-09,1,1.0
P02555,Commercial,Property,East,2026-09,1,1.0
P02556,Commercial,Property,East,2026-09,1,1.0
P02557,Commercial,Property,East,2026-09,1,1.0
P02558,Commercial,Property,East,2026-09,1,1.0
P02559,Commercial,Property,East,2026-09,1,1.0
P02560,Commercial,Property,East,2026-09,1,1.0
P02561,Commercial,Property,East,2026-09,1,1.0
P02562,Commercial,Property,East,2026-09,1,1.0
P02563,Commercial,Property,East,2026-09,1,1.0
P02564,Commercial,Property,East,2026-09,1,1.0
P02565,Commercial,Property,East,2026-09,1,1.0
P02566,Commercial,Property,East,2026-09,1,1.0
P02567,Commercial,Property,East,2026-09,1,1.0
P02568,Commercial,Property,East,2026-09,1,1.0
P02569,Commercial,Property,East,2026-09,1,1.0
P02570,Commercial,Property,East,2026-09,1,1.0
P02571,Commercial,Property,West,2026-09,1,1.0
P02572,Commercial,Property,West,2026-09,1,1.0
P02573,Commercial,Property,West,2026-09,1,1.0
P02574,Commercial,Property,West,2026-09,1,1.0
P02575,Commercial,Property,West,2026-09,1,1.0
P02576,Commercial,Property,West,2026-09,1,1.0
P02577,Commercial,Property,West,2026-09,1,1.0
P02578,Commercial,Property,West,2026-09,1,1.0
P02579,Commercial,Property,West,2026-09,1,1.0
P02580,Commercial,Property,West,2026-09,1,1.0
P02581,Commercial,Property,West,2026-09,1,1.0
P02582,Commercial,Property,West,2026-09,1,1.0
P02583,Commercial,Property,West,2026-09,1,1.0
P02584,Commercial,Property,West,2026-09,1,1.0
P02585,Commercial,Property,West,2026-09,1,1.0
P02586,Commercial,Property,West,2026-09,1,1.0
P02587,Commercial,Property,West,2026-09,1,1.0
P02588,Commercial,Property,West,2026-09,1,1.0
P02589,Commercial,Property,West,2026-09,1,1.0
P02590,Commercial,Property,West,2026-09,1,1.0
P02591,Commercial,Property,West,2026-09,1,1.0
P02592,Commercial,Property,West,2026-09,1,1.0
P02593,Commercial,Property,West,2026-09,1,1.0
P02594,Commercial,Property,West,2026-09,1,1.0
P02595,Commercial,Property,West,2026-09,1,1.0
P02596,Commercial,Property,West,2026-09,1,1.0
P02597,Commercial,Property,West,2026-09,1,1.0
P02598,Commercial,Property,West,2026-09,1,1.0
P02599,Commercial,Property,West,2026-09,1,1.0
P02600,Commercial,Property,West,2026-09,1,1.0
P02601,Commercial,Property,West,2026-09,1,1.0
P02602,Commercial,Property,West,2026-09,1,1.0
P02603,Commercial,Property,West,2026-09,1,1.0
P02604,Commercial,Property,West,2026-09,1,1.0
P02605,Commercial,Property,West,2026-09,1,1.0
P02606,Commercial,Property,West,2026-09,1,1.0
P02607,Commercial,Property,West,2026-09,1,1.0
P02608,Commercial,Property,West,2026-09,1,1.0
P02609,Commercial,Property,West,2026-09,1,1.0
P02610,Commercial,Property,West,2026-09,1,1.0
P02611,Commercial,Property,West,2026-09,1,1.0
P02612,Commercial,Property,West,2026-09,1,1.0
P02613,Commercial,Property,West,2026-09,1,1.0
P02614,Commercial,Property,West,2026-09,1,1.0
P02615,Commercial,Property,West,2026-09,1,1.0
P02616,Commercial,Property,West,2026-09,1,1.0
P02617,Commercial,Property,West,2026-09,1,1.0
P02618,Commercial,Property,West,2026-09,1,1.0
P02619,Commercial,Property,West,2026-09,1,1.0
P02620,Commercial,Property,West,2026-09,1,1.0
P02621,Commercial,Property,West,2026-09,1,1.0
P02622,Commercial,Property,West,2026-09,1,1.0
P02623,Commercial,Property,West,2026-09,1,1.0
P02624,Commercial,Property,West,2026-09,1,1.0
P02625,Commercial,Property,West,2026-09,1,1.0
P02626,Commercial,Property,West,2026-09,1,1.0
P02627,Commercial,Property,West,2026-09,1,1.0
P02628,Commercial,Property,West,2026-09,1,1.0
P02629,Commercial,Property,West,2026-09,1,1.0
P02630,Commercial,Property,West,2026-09,1,1.0
P02631,Commercial,Property,West,2026-09,1,1.0
P02632,Commercial,Property,West,2026-09,1,1.0
P02633,Commercial,Property,West,2026-09,1,1.0
P02634,Commercial,Property,West,2026-09,1,1.0
P02635,Commercial,Property,West,2026-09,1,1.0
P02636,Commercial,Property,West,2026-09,1,1.0
P02637,Commercial,Property,West,2026-09,1,1.0
P02638,Commercial,Property,West,2026-09,1,1.0
P02639,Commercial,Property,West,2026-09,1,1.0
P02640,Commercial,Property,West,2026-09,1,1.0
P02641,Commercial,Property,West,2026-09,1,1.0
P02642,Commercial,Property,West,2026-09,1,1.0
P02643,Commercial,Property,West,2026-09,1,1.0
P02644,Commercial,Property,West,2026-09,1,1.0
P02645,Commercial,Property,West,2026-09,1,1.0
P02646,Commercial,Property,West,2026-09,1,1.0
P02647,Commercial,Property,West,2026-09,1,1.0
P02648,Commercial,Property,West,2026-09,1,1.0
P02649,Commercial,Property,West,2026-09,1,1.0
P02650,Commercial,Property,West,2026-09,1,1.0
P02651,Commercial,Property,West,2026-09,1,1.0
P02652,Commercial,Property,West,2026-09,1,1.0
P02653,Commercial,Property,West,2026-09,1,1.0
P02654,Commercial,Property,West,2026-09,1,1.0
P02655,Commercial,Property,West,2026-09,1,1.0
P02656,Commercial,Property,West,2026-09,1,1.0
P02657,Commercial,Property,West,2026-09,1,1.0
P02658,Commercial,Property,West,2026-09,1,1.0
P02659,Commercial,Property,West,2026-09,1,1.0
P02660,Commercial,Property,West,2026-09,1,1.0
P02661,Commercial,Property,West,2026-09,1,1.0
P02662,Commercial,Property,West,2026-09,1,1.0
P02663,Commercial,Property,West,2026-09,1,1.0
P02664,Commercial,Property,West,2026-09,1,1.0
P02665,Commercial,Property,West,2026-09,1,1.0
P02666,Commercial,Property,West,2026-09,1,1.0
P02667,Commercial,Property,West,2026-09,1,1.0
P02668,Commercial,Property,West,2026-09,1,1.0
P02669,Commercial,Property,West,2026-09,1,1.0
P02670,Commercial,Property,West,2026-09,1,1.0
P02671,Commercial,Property,West,2026-09,1,1.0
P02672,Commercial,Property,West,2026-09,1,1.0
P02673,Commercial,Property,West,2026-09,1,1.0
P02674,Commercial,Property,West,2026-09,1,1.0
P02675,Commercial,Property,West,2026-09,1,1.0
P02676,Commercial,Property,West,2026-09,1,1.0
P02677,Commercial,Property,West,2026-09,1,1.0
P02678,Commercial,Property,West,2026-09,1,1.0
P02679,Commercial,Property,West,2026-09,1,1.0
P02680,Commercial,Property,West,2026-09,1,1.0
P02681,Commercial,Property,West,2026-09,1,1.0
P02682,Commercial,Property,West,2026-09,1,1.0
P02683,Commercial,Property,West,2026-09,1,1.0
P02684,Commercial,Property,West,2026-09,1,1.0
P02685,Commercial,Property,West,2026-09,1,1.0
P02686,Commercial,Property,West,2026-09,1,1.0
P02687,Commercial,Property,West,2026-09,1,1.0
P02688,Commercial,Property,West,2026-09,1,1.0
P02689,Commercial,Property,West,2026-09,1,1.0
P02690,Commercial,Property,West,2026-09,1,1.0
P02691,Commercial,Property,West,2026-09,1,1.0
P02692,Commercial,Property,West,2026-09,1,1.0
P02693,Commercial,Property,West,2026-09,1,1.0
P02694,Commercial,Property,West,2026-09,1,1.0
P02695,Commercial,Property,West,2026-09,1,1.0
P02696,Commercial,Property,West,2026-09,1,1.0
P02697,Commercial,Property,West,2026-09,1,1.0
P02698,Commercial,Property,West,2026-09,1,1.0
P02699,Commercial,Property,West,2026-09,1,1.0
P02700,Commercial,Property,West,2026-09,1,1.0
P02701,Commercial,Property,West,2026-09,1,1.0
P02702,Commercial,Property,West,2026-09,1,1.0
P02703,Commercial,Property,West,2026-09,1,1.0
P02704,Commercial,Property,West,2026-09,1,1.0
P02705,Commercial,Property,West,2026-09,1,1.0
P02706,Commercial,Property,West,2026-09,1,1.0
P02707,Commercial,Property,West,2026-09,1,1.0
P02708,Commercial,Property,West,2026-09,1,1.0
P02709,Commercial,Property,West,2026-09,1,1.0
P02710,Commercial,Property,West,2026-09,1,1.0
P02711,Commercial,Property,West,2026-09,1,1.0
P02712,Commercial,Property,West,2026-09,1,1.0
P02713,Commercial,Property,West,2026-09,1,1.0
P02714,Commercial,Property,West,2026-09,1,1.0
P02715,Commercial,Property,West,2026-09,1,1.0
P02716,Commercial,Property,West,2026-09,1,1.0
P02717,Commercial,Property,West,2026-09,1,1.0
P02718,Commercial,Property,West,2026-09,1,1.0
P02719,Commercial,Property,West,2026-09,1,1.0
P02720,Commercial,Property,West,2026-09,1,1.0
P02721,Commercial,Marine Cargo,West,2026-09,1,1.0
P02722,Commercial,Marine Cargo,West,2026-09,1,1.0
P02723,Commercial,Marine Cargo,West,2026-09,1,1.0
P02724,Motor,Motor,North,2026-09,1,1.0
P02725,Motor,Motor,North,2026-09,1,1.0
P02726,Motor,Motor,North,2026-09,1,1.0
P02727,Motor,Motor,North,2026-09,1,1.0
P02728,Motor,Motor,North,2026-09,1,1.0
P02729,Motor,Motor,North,2026-09,1,1.0
P02730,Motor,Motor,North,2026-09,1,1.0
P02731,Motor,Motor,North,2026-09,1,1.0
P02732,Motor,Motor,North,2026-09,1,1.0
P02733,Motor,Motor,North,2026-09,1,1.0
P02734,Motor,Motor,North,2026-09,1,1.0
P02735,Motor,Motor,North,2026-09,1,1.0
P02736,Motor,Motor,North,2026-09,1,1.0
P02737,Motor,Motor,North,2026-09,1,1.0
P02738,Motor,Motor,North,2026-09,1,1.0
P02739,Motor,Motor,North,2026-09,1,1.0
P02740,Motor,Motor,North,2026-09,1,1.0
P02741,Motor,Motor,North,2026-09,1,1.0
P02742,Motor,Motor,North,2026-09,1,1.0
P02743,Motor,Motor,North,2026-09,1,1.0
P02744,Motor,Motor,North,2026-09,1,1.0
P02745,Motor,Motor,North,2026-09,1,1.0
P02746,Motor,Motor,North,2026-09,1,1.0
P02747,Motor,Motor,North,2026-09,1,1.0
P02748,Motor,Motor,North,2026-09,1,1.0
P02749,Motor,Motor,North,2026-09,1,1.0
P02750,Motor,Motor,North,2026-09,1,1.0
P02751,Motor,Motor,North,2026-09,1,1.0
P02752,Motor,Motor,North,2026-09,1,1.0
P02753,Motor,Motor,North,2026-09,1,1.0
P02754,Motor,Motor,North,2026-09,1,1.0
P02755,Motor,Motor,North,2026-09,1,1.0
P02756,Motor,Motor,North,2026-09,1,1.0
P02757,Motor,Motor,North,2026-09,1,1.0
P02758,Motor,Motor,North,2026-09,1,1.0
P02759,Motor,Motor,North,2026-09,1,1.0
P02760,Motor,Motor,North,2026-09,1,1.0
P02761,Motor,Motor,North,2026-09,1,1.0
P02762,Motor,Motor,North,2026-09,1,1.0
P02763,Motor,Motor,North,2026-09,1,1.0
P02764,Motor,Motor,North,2026-09,1,1.0
P02765,Motor,Motor,North,2026-09,1,1.0
P02766,Motor,Motor,North,2026-09,1,1.0
P02767,Motor,Motor,North,2026-09,1,1.0
P02768,Motor,Motor,North,2026-09,1,1.0
P02769,Motor,Motor,North,2026-09,1,1.0
P02770,Motor,Motor,North,2026-09,1,1.0
P02771,Motor,Motor,North,2026-09,1,1.0
P02772,Motor,Motor,North,2026-09,1,1.0
P02773,Motor,Motor,North,2026-09,1,1.0
P02774,Motor,Motor,North,2026-09,1,1.0
P02775,Motor,Motor,North,2026-09,1,1.0
P02776,Motor,Motor,North,2026-09,1,1.0
P02777,Motor,Motor,North,2026-09,1,1.0
P02778,Motor,Motor,North,2026-09,1,1.0
P02779,Motor,Motor,North,2026-09,1,1.0
P02780,Motor,Motor,North,2026-09,1,1.0
P02781,Motor,Motor,North,2026-09,1,1.0
P02782,Motor,Motor,North,2026-09,1,1.0
P02783,Motor,Motor,North,2026-09,1,1.0
P02784,Motor,Motor,North,2026-09,1,1.0
P02785,Motor,Motor,North,2026-09,1,1.0
P02786,Motor,Motor,North,2026-09,1,1.0
P02787,Motor,Motor,North,2026-09,1,1.0
P02788,Motor,Motor,North,2026-09,1,1.0
P02789,Motor,Motor,North,2026-09,1,1.0
P02790,Motor,Motor,North,2026-09,1,1.0
P02791,Motor,Motor,North,2026-09,1,1.0
P02792,Motor,Motor,North,2026-09,1,1.0
P02793,Motor,Motor,North,2026-09,1,1.0
P02794,Motor,Motor,North,2026-09,1,1.0
P02795,Motor,Motor,North,2026-09,1,1.0
P02796,Motor,Motor,North,2026-09,1,1.0
P02797,Motor,Motor,North,2026-09,1,1.0
P02798,Motor,Motor,North,2026-09,1,1.0
P02799,Motor,Motor,North,2026-09,1,1.0
P02800,Motor,Motor,North,2026-09,1,1.0
P02801,Motor,Motor,North,2026-09,1,1.0
P02802,Motor,Motor,North,2026-09,1,1.0
P02803,Motor,Motor,North,2026-09,1,1.0
P02804,Motor,Motor,North,2026-09,1,1.0
P02805,Motor,Motor,North,2026-09,1,1.0
P02806,Motor,Motor,North,2026-09,1,1.0
P02807,Motor,Motor,North,2026-09,1,1.0
P02808,Motor,Motor,North,2026-09,1,1.0
P02809,Motor,Motor,North,2026-09,1,1.0
P02810,Motor,Motor,North,2026-09,1,1.0
P02811,Motor,Motor,North,2026-09,1,1.0
P02812,Motor,Motor,North,2026-09,1,1.0
P02813,Motor,Motor,North,2026-09,1,1.0
P02814,Motor,Motor,North,2026-09,1,1.0
P02815,Motor,Motor,North,2026-09,1,1.0
P02816,Motor,Motor,North,2026-09,1,1.0
P02817,Motor,Motor,North,2026-09,1,1.0
P02818,Motor,Motor,North,2026-09,1,1.0
P02819,Motor,Motor,North,2026-09,1,1.0
P02820,Motor,Motor,North,2026-09,1,1.0
P02821,Motor,Motor,North,2026-09,1,1.0
P02822,Motor,Motor,North,2026-09,1,1.0
P02823,Motor,Motor,North,2026-09,1,1.0
P02824,Motor,Motor,North,2026-09,1,1.0
P02825,Motor,Motor,North,2026-09,1,1.0
P02826,Motor,Motor,North,2026-09,1,1.0
P02827,Motor,Motor,North,2026-09,1,1.0
P02828,Motor,Motor,North,2026-09,1,1.0
P02829,Motor,Motor,North,2026-09,1,1.0
P02830,Motor,Motor,North,2026-09,1,1.0
P02831,Motor,Motor,North,2026-09,1,1.0
P02832,Motor,Motor,North,2026-09,1,1.0
P02833,Motor,Motor,North,2026-09,1,1.0
P02834,Motor,Motor,North,2026-09,1,1.0
P02835,Motor,Motor,North,2026-09,1,1.0
P02836,Motor,Motor,North,2026-09,1,1.0
P02837,Motor,Motor,North,2026-09,1,1.0
P02838,Motor,Motor,North,2026-09,1,1.0
P02839,Motor,Motor,North,2026-09,1,1.0
P02840,Motor,Motor,North,2026-09,1,1.0
P02841,Motor,Motor,North,2026-09,1,1.0
P02842,Motor,Motor,North,2026-09,1,1.0
P02843,Motor,Motor,North,2026-09,1,1.0
P02844,Motor,Motor,North,2026-09,1,1.0
P02845,Motor,Motor,North,2026-09,1,1.0
P02846,Motor,Motor,North,2026-09,1,1.0
P02847,Motor,Motor,North,2026-09,1,1.0
P02848,Motor,Motor,North,2026-09,1,1.0
P02849,Motor,Motor,North,2026-09,1,1.0
P02850,Motor,Motor,North,2026-09,1,1.0
P02851,Motor,Motor,North,2026-09,1,1.0
P02852,Motor,Motor,North,2026-09,1,1.0
P02853,Motor,Motor,North,2026-09,1,1.0
P02854,Motor,Motor,North,2026-09,1,1.0
P02855,Motor,Motor,North,2026-09,1,1.0
P02856,Motor,Motor,North,2026-09,1,1.0
P02857,Motor,Motor,North,2026-09,1,1.0
P02858,Motor,Motor,North,2026-09,1,1.0
P02859,Motor,Motor,North,2026-09,1,1.0
P02860,Motor,Motor,North,2026-09,1,1.0
P02861,Motor,Motor,North,2026-09,1,1.0
P02862,Motor,Motor,North,2026-09,1,1.0
P02863,Motor,Motor,North,2026-09,1,1.0
P02864,Motor,Motor,North,2026-09,1,1.0
P02865,Motor,Motor,North,2026-09,1,1.0
P02866,Motor,Motor,North,2026-09,1,1.0
P02867,Motor,Motor,North,2026-09,1,1.0
P02868,Motor,Motor,North,2026-09,1,1.0
P02869,Motor,Motor,North,2026-09,1,1.0
P02870,Motor,Motor,North,2026-09,1,1.0
P02871,Motor,Motor,North,2026-09,1,1.0
P02872,Motor,Motor,North,2026-09,1,1.0
P02873,Motor,Motor,North,2026-09,1,1.0
P02874,Motor,Motor,North,2026-09,1,1.0
P02875,Motor,Motor,North,2026-09,1,1.0
P02876,Motor,Motor,North,2026-09,1,1.0
P02877,Motor,Motor,North,2026-09,1,1.0
P02878,Motor,Motor,North,2026-09,1,1.0
P02879,Motor,Motor,North,2026-09,1,1.0
P02880,Motor,Motor,North,2026-09,1,1.0
P02881,Motor,Motor,North,2026-09,1,1.0
P02882,Motor,Motor,North,2026-09,1,1.0
P02883,Motor,Motor,North,2026-09,1,1.0
P02884,Motor,Motor,North,2026-09,1,1.0
P02885,Motor,Motor,North,2026-09,1,1.0
P02886,Motor,Motor,North,2026-09,1,1.0
P02887,Motor,Motor,North,2026-09,1,1.0
P02888,Motor,Motor,North,2026-09,1,1.0
P02889,Motor,Motor,North,2026-09,1,1.0
P02890,Motor,Motor,North,2026-09,1,1.0
P02891,Motor,Motor,North,2026-09,1,1.0
P02892,Motor,Motor,North,2026-09,1,1.0
P02893,Motor,Motor,North,2026-09,1,1.0
P02894,Motor,Motor,North,2026-09,1,1.0
P02895,Motor,Motor,North,2026-09,1,1.0
P02896,Motor,Motor,North,2026-09,1,1.0
P02897,Motor,Motor,North,2026-09,1,1.0
P02898,Motor,Motor,North,2026-09,1,1.0
P02899,Motor,Motor,North,2026-09,1,1.0
P02900,Motor,Motor,North,2026-09,1,1.0
P02901,Motor,Motor,North,2026-09,1,1.0
P02902,Motor,Motor,North,2026-09,1,1.0
P02903,Motor,Motor,North,2026-09,1,1.0
P02904,Motor,Motor,North,2026-09,1,1.0
P02905,Motor,Motor,North,2026-09,1,1.0
P02906,Motor,Motor,North,2026-09,1,1.0
P02907,Motor,Motor,North,2026-09,1,1.0
P02908,Motor,Motor,North,2026-09,1,1.0
P02909,Motor,Motor,North,2026-09,1,1.0
P02910,Motor,Motor,North,2026-09,1,1.0
P02911,Motor,Motor,North,2026-09,1,1.0
P02912,Motor,Motor,North,2026-09,1,1.0
P02913,Motor,Motor,North,2026-09,1,1.0
P02914,Motor,Motor,North,2026-09,1,1.0
P02915,Motor,Motor,North,2026-09,1,1.0
P02916,Motor,Motor,North,2026-09,1,1.0
P02917,Motor,Motor,North,2026-09,1,1.0
P02918,Motor,Motor,North,2026-09,1,1.0
P02919,Motor,Motor,North,2026-09,1,1.0
P02920,Motor,Motor,North,2026-09,1,1.0
P02921,Motor,Motor,North,2026-09,1,1.0
P02922,Motor,Motor,North,2026-09,1,1.0
P02923,Motor,Motor,North,2026-09,1,1.0
P02924,Motor,Motor,North,2026-09,1,1.0
P02925,Motor,Motor,North,2026-09,1,1.0
P02926,Motor,Motor,North,2026-09,1,1.0
P02927,Motor,Motor,North,2026-09,1,1.0
P02928,Motor,Motor,North,2026-09,1,1.0
P02929,Motor,Motor,North,2026-09,1,1.0
P02930,Motor,Motor,North,2026-09,1,1.0
P02931,Motor,Motor,North,2026-09,1,1.0
P02932,Motor,Motor,North,2026-09,1,1.0
P02933,Motor,Motor,North,2026-09,1,1.0
P02934,Motor,Motor,North,2026-09,1,1.0
P02935,Motor,Motor,North,2026-09,1,1.0
P02936,Motor,Motor,North,2026-09,1,1.0
P02937,Motor,Motor,North,2026-09,1,1.0
P02938,Motor,Motor,North,2026-09,1,1.0
P02939,Motor,Motor,North,2026-09,1,1.0
P02940,Motor,Motor,North,2026-09,1,1.0
P02941,Motor,Motor,North,2026-09,1,1.0
P02942,Motor,Motor,North,2026-09,1,1.0
P02943,Motor,Motor,North,2026-09,1,1.0
P02944,Motor,Motor,North,2026-09,1,1.0
P02945,Motor,Motor,North,2026-09,1,1.0
P02946,Motor,Motor,North,2026-09,1,1.0
P02947,Motor,Motor,North,2026-09,1,1.0
P02948,Motor,Motor,North,2026-09,1,1.0
P02949,Motor,Motor,North,2026-09,1,1.0
P02950,Motor,Motor,North,2026-09,1,1.0
P02951,Motor,Motor,North,2026-09,1,1.0
P02952,Motor,Motor,North,2026-09,1,1.0
P02953,Motor,Motor,North,2026-09,1,1.0
P02954,Motor,Motor,North,2026-09,1,1.0
P02955,Motor,Motor,North,2026-09,1,1.0
P02956,Motor,Motor,North,2026-09,1,1.0
P02957,Motor,Motor,North,2026-09,1,1.0
P02958,Motor,Motor,North,2026-09,1,1.0
P02959,Motor,Motor,North,2026-09,1,1.0
P02960,Motor,Motor,North,2026-09,1,1.0
P02961,Motor,Motor,North,2026-09,1,1.0
P02962,Motor,Motor,North,2026-09,1,1.0
P02963,Motor,Motor,North,2026-09,1,1.0
P02964,Motor,Motor,North,2026-09,1,1.0
P02965,Motor,Motor,North,2026-09,1,1.0
P02966,Motor,Motor,North,2026-09,1,1.0
P02967,Motor,Motor,North,2026-09,1,1.0
P02968,Motor,Motor,North,2026-09,1,1.0
P02969,Motor,Motor,North,2026-09,1,1.0
P02970,Motor,Motor,North,2026-09,1,1.0
P02971,Motor,Motor,North,2026-09,1,1.0
P02972,Motor,Motor,North,2026-09,1,1.0
P02973,Motor,Motor,North,2026-09,1,1.0
P02974,Motor,Motor,North,2026-09,1,1.0
P02975,Motor,Motor,North,2026-09,1,1.0
P02976,Motor,Motor,North,2026-09,1,1.0
P02977,Motor,Motor,North,2026-09,1,1.0
P02978,Motor,Motor,North,2026-09,1,1.0
P02979,Motor,Motor,North,2026-09,1,1.0
P02980,Motor,Motor,North,2026-09,1,1.0
P02981,Motor,Motor,North,2026-09,1,1.0
P02982,Motor,Motor,North,2026-09,1,1.0
P02983,Motor,Motor,North,2026-09,1,1.0
P02984,Motor,Motor,North,2026-09,1,1.0
P02985,Motor,Motor,North,2026-09,1,1.0
P02986,Motor,Motor,North,2026-09,1,1.0
P02987,Motor,Motor,North,2026-09,1,1.0
P02988,Motor,Motor,North,2026-09,1,1.0
P02989,Motor,Motor,North,2026-09,1,1.0
P02990,Motor,Motor,North,2026-09,1,1.0
P02991,Motor,Motor,North,2026-09,1,1.0
P02992,Motor,Motor,North,2026-09,1,1.0
P02993,Motor,Motor,North,2026-09,1,1.0
P02994,Motor,Motor,North,2026-09,1,1.0
P02995,Motor,Motor,North,2026-09,1,1.0
P02996,Motor,Motor,North,2026-09,1,1.0
P02997,Motor,Motor,North,2026-09,1,1.0
P02998,Motor,Motor,North,2026-09,1,1.0
P02999,Motor,Motor,North,2026-09,1,1.0
P03000,Motor,Motor,North,2026-09,1,1.0
P03001,Motor,Motor,North,2026-09,1,1.0
P03002,Motor,Motor,North,2026-09,1,1.0
P03003,Motor,Motor,North,2026-09,1,1.0
P03004,Motor,Motor,North,2026-09,1,1.0
P03005,Motor,Motor,North,2026-09,1,1.0
P03006,Motor,Motor,North,2026-09,1,1.0
P03007,Motor,Motor,North,2026-09,1,1.0
P03008,Motor,Motor,North,2026-09,1,1.0
P03009,Motor,Motor,North,2026-09,1,1.0
P03010,Motor,Motor,North,2026-09,1,1.0
P03011,Motor,Motor,North,2026-09,1,1.0
P03012,Motor,Motor,North,2026-09,1,1.0
P03013,Motor,Motor,North,2026-09,1,1.0
P03014,Motor,Motor,North,2026-09,1,1.0
P03015,Motor,Motor,North,2026-09,1,1.0
P03016,Motor,Motor,North,2026-09,1,1.0
P03017,Motor,Motor,North,2026-09,1,1.0
P03018,Motor,Motor,North,2026-09,1,1.0
P03019,Motor,Motor,North,2026-09,1,1.0
P03020,Motor,Motor,North,2026-09,1,1.0
P03021,Motor,Motor,North,2026-09,1,1.0
P03022,Motor,Motor,North,2026-09,1,1.0
P03023,Motor,Motor,North,2026-09,1,1.0
P03024,Motor,Motor,North,2026-09,1,1.0
P03025,Motor,Motor,North,2026-09,1,1.0
P03026,Motor,Motor,North,2026-09,1,1.0
P03027,Motor,Motor,North,2026-09,1,1.0
P03028,Motor,Motor,North,2026-09,1,1.0
P03029,Motor,Motor,North,2026-09,1,1.0
P03030,Motor,Motor,North,2026-09,1,1.0
P03031,Motor,Motor,North,2026-09,1,1.0
P03032,Motor,Motor,North,2026-09,1,1.0
P03033,Motor,Motor,North,2026-09,1,1.0
P03034,Motor,Motor,North,2026-09,1,1.0
P03035,Motor,Motor,North,2026-09,1,1.0
P03036,Motor,Motor,North,2026-09,1,1.0
P03037,Motor,Motor,North,2026-09,1,1.0
P03038,Motor,Motor,North,2026-09,1,1.0
P03039,Motor,Motor,North,2026-09,1,1.0
P03040,Motor,Motor,North,2026-09,1,1.0
P03041,Motor,Motor,North,2026-09,1,1.0
P03042,Motor,Motor,North,2026-09,1,1.0
P03043,Motor,Motor,North,2026-09,1,1.0
P03044,Motor,Motor,North,2026-09,1,1.0
P03045,Motor,Motor,North,2026-09,1,1.0
P03046,Motor,Motor,North,2026-09,1,1.0
P03047,Motor,Motor,North,2026-09,1,1.0
P03048,Motor,Motor,North,2026-09,1,1.0
P03049,Motor,Motor,North,2026-09,1,1.0
P03050,Motor,Motor,North,2026-09,1,1.0
P03051,Motor,Motor,North,2026-09,1,1.0
P03052,Motor,Motor,North,2026-09,1,1.0
P03053,Motor,Motor,North,2026-09,1,1.0
P03054,Motor,Motor,North,2026-09,1,1.0
P03055,Motor,Motor,North,2026-09,1,1.0
P03056,Motor,Motor,North,2026-09,1,1.0
P03057,Motor,Motor,North,2026-09,1,1.0
P03058,Motor,Motor,North,2026-09,1,1.0
P03059,Motor,Motor,North,2026-09,1,1.0
P03060,Motor,Motor,North,2026-09,1,1.0
P03061,Motor,Motor,North,2026-09,1,1.0
P03062,Motor,Motor,North,2026-09,1,1.0
P03063,Motor,Motor,North,2026-09,1,1.0
P03064,Motor,Motor,North,2026-09,1,1.0
P03065,Motor,Motor,North,2026-09,1,1.0
P03066,Motor,Motor,North,2026-09,1,1.0
P03067,Motor,Motor,North,2026-09,1,1.0
P03068,Motor,Motor,North,2026-09,1,1.0
P03069,Motor,Motor,North,2026-09,1,1.0
P03070,Motor,Motor,North,2026-09,1,1.0
P03071,Motor,Motor,North,2026-09,1,1.0
P03072,Motor,Motor,North,2026-09,1,1.0
P03073,Motor,Motor,North,2026-09,1,1.0
P03074,Motor,Motor,North,2026-09,1,1.0
P03075,Motor,Motor,North,2026-09,1,1.0
P03076,Motor,Motor,North,2026-09,1,1.0
P03077,Motor,Motor,North,2026-09,1,1.0
P03078,Motor,Motor,North,2026-09,1,1.0
P03079,Motor,Motor,North,2026-09,1,1.0
P03080,Motor,Motor,North,2026-09,1,1.0
P03081,Motor,Motor,North,2026-09,1,1.0
P03082,Motor,Motor,North,2026-09,1,1.0
P03083,Motor,Motor,North,2026-09,1,1.0
P03084,Motor,Motor,North,2026-09,1,1.0
P03085,Motor,Motor,North,2026-09,1,1.0
P03086,Motor,Motor,North,2026-09,1,1.0
P03087,Motor,Motor,North,2026-09,1,1.0
P03088,Motor,Motor,North,2026-09,1,1.0
P03089,Motor,Motor,North,2026-09,1,1.0
P03090,Motor,Motor,North,2026-09,1,1.0
P03091,Motor,Motor,North,2026-09,1,1.0
P03092,Motor,Motor,North,2026-09,1,1.0
P03093,Motor,Motor,North,2026-09,1,1.0
P03094,Motor,Motor,North,2026-09,1,1.0
P03095,Motor,Motor,North,2026-09,1,1.0
P03096,Motor,Motor,North,2026-09,1,1.0
P03097,Motor,Motor,North,2026-09,1,1.0
P03098,Motor,Motor,North,2026-09,1,1.0
P03099,Motor,Motor,North,2026-09,1,1.0
P03100,Motor,Motor,North,2026-09,1,1.0
P03101,Motor,Motor,North,2026-09,1,1.0
P03102,Motor,Motor,North,2026-09,1,1.0
P03103,Motor,Motor,North,2026-09,1,1.0
P03104,Motor,Motor,North,2026-09,1,1.0
P03105,Motor,Motor,North,2026-09,1,1.0
P03106,Motor,Motor,North,2026-09,1,1.0
P03107,Motor,Motor,North,2026-09,1,1.0
P03108,Motor,Motor,North,2026-09,1,1.0
P03109,Motor,Motor,North,2026-09,1,1.0
P03110,Motor,Motor,North,2026-09,1,1.0
P03111,Motor,Motor,North,2026-09,1,1.0
P03112,Motor,Motor,North,2026-09,1,1.0
P03113,Motor,Motor,North,2026-09,1,1.0
P03114,Motor,Motor,North,2026-09,1,1.0
P03115,Motor,Motor,North,2026-09,1,1.0
P03116,Motor,Motor,North,2026-09,1,1.0
P03117,Motor,Motor,North,2026-09,1,1.0
P03118,Motor,Motor,North,2026-09,1,1.0
P03119,Motor,Motor,North,2026-09,1,1.0
P03120,Motor,Motor,North,2026-09,1,1.0
P03121,Motor,Motor,North,2026-09,1,1.0
P03122,Motor,Motor,North,2026-09,1,1.0
P03123,Motor,Motor,North,2026-09,1,1.0
P03124,Motor,Motor,North,2026-09,1,1.0
P03125,Motor,Motor,North,2026-09,1,1.0
P03126,Motor,Motor,North,2026-09,1,1.0
P03127,Motor,Motor,North,2026-09,1,1.0
P03128,Motor,Motor,North,2026-09,1,1.0
P03129,Motor,Motor,North,2026-09,1,1.0
P03130,Motor,Motor,North,2026-09,1,1.0
P03131,Motor,Motor,North,2026-09,1,1.0
P03132,Motor,Motor,North,2026-09,1,1.0
P03133,Motor,Motor,North,2026-09,1,1.0
P03134,Motor,Motor,North,2026-09,1,1.0
P03135,Motor,Motor,North,2026-09,1,1.0
P03136,Motor,Motor,North,2026-09,1,1.0
P03137,Motor,Motor,North,2026-09,1,1.0
P03138,Motor,Motor,North,2026-09,1,1.0
P03139,Motor,Motor,North,2026-09,1,1.0
P03140,Motor,Motor,North,2026-09,1,1.0
P03141,Motor,Motor,North,2026-09,1,1.0
P03142,Motor,Motor,North,2026-09,1,1.0
P03143,Motor,Motor,North,2026-09,1,1.0
P03144,Motor,Motor,North,2026-09,1,1.0
P03145,Motor,Motor,North,2026-09,1,1.0
P03146,Motor,Motor,North,2026-09,1,1.0
P03147,Motor,Motor,North,2026-09,1,1.0
P03148,Motor,Motor,North,2026-09,1,1.0
P03149,Motor,Motor,North,2026-09,1,1.0
P03150,Motor,Motor,North,2026-09,1,1.0
P03151,Motor,Motor,North,2026-09,1,1.0
P03152,Motor,Motor,North,2026-09,1,1.0
P03153,Motor,Motor,North,2026-09,1,1.0
P03154,Motor,Motor,North,2026-09,1,1.0
P03155,Motor,Motor,North,2026-09,1,1.0
P03156,Motor,Motor,North,2026-09,1,1.0
P03157,Motor,Motor,North,2026-09,1,1.0
P03158,Motor,Motor,North,2026-09,1,1.0
P03159,Motor,Motor,North,2026-09,1,1.0
P03160,Motor,Motor,North,2026-09,1,1.0
P03161,Motor,Motor,North,2026-09,1,1.0
P03162,Motor,Motor,North,2026-09,1,1.0
P03163,Motor,Motor,North,2026-09,1,1.0
P03164,Motor,Motor,North,2026-09,1,1.0
P03165,Motor,Motor,North,2026-09,1,1.0
P03166,Motor,Motor,North,2026-09,1,1.0
P03167,Motor,Motor,North,2026-09,1,1.0
P03168,Motor,Motor,North,2026-09,1,1.0
P03169,Motor,Motor,North,2026-09,1,1.0
P03170,Motor,Motor,North,2026-09,1,1.0
P03171,Motor,Motor,North,2026-09,1,1.0
P03172,Motor,Motor,North,2026-09,1,1.0
P03173,Motor,Motor,North,2026-09,1,1.0
P03174,Motor,Motor,North,2026-09,1,1.0
P03175,Motor,Motor,North,2026-09,1,1.0
P03176,Motor,Motor,North,2026-09,1,1.0
P03177,Motor,Motor,North,2026-09,1,1.0
P03178,Motor,Motor,North,2026-09,1,1.0
P03179,Motor,Motor,North,2026-09,1,1.0
P03180,Motor,Motor,North,2026-09,1,1.0
P03181,Motor,Motor,North,2026-09,1,1.0
P03182,Motor,Motor,North,2026-09,1,1.0
P03183,Motor,Motor,North,2026-09,1,1.0
P03184,Motor,Motor,North,2026-09,1,1.0
P03185,Motor,Motor,North,2026-09,1,1.0
P03186,Motor,Motor,North,2026-09,1,1.0
P03187,Motor,Motor,North,2026-09,1,1.0
P03188,Motor,Motor,North,2026-09,1,1.0
P03189,Motor,Motor,North,2026-09,1,1.0
P03190,Motor,Motor,North,2026-09,1,1.0
P03191,Motor,Motor,North,2026-09,1,1.0
P03192,Motor,Motor,North,2026-09,1,1.0
P03193,Motor,Motor,North,2026-09,1,1.0
P03194,Motor,Motor,North,2026-09,1,1.0
P03195,Motor,Motor,North,2026-09,1,1.0
P03196,Motor,Motor,North,2026-09,1,1.0
P03197,Motor,Motor,North,2026-09,1,1.0
P03198,Motor,Motor,North,2026-09,1,1.0
P03199,Motor,Motor,North,2026-09,1,1.0
P03200,Motor,Motor,North,2026-09,1,1.0
P03201,Motor,Motor,North,2026-09,1,1.0
P03202,Motor,Motor,North,2026-09,1,1.0
P03203,Motor,Motor,North,2026-09,1,1.0
P03204,Motor,Motor,South,2026-09,1,1.0
P03205,Motor,Motor,South,2026-09,1,1.0
P03206,Motor,Motor,South,2026-09,1,1.0
P03207,Motor,Motor,South,2026-09,1,1.0
P03208,Motor,Motor,South,2026-09,1,1.0
P03209,Motor,Motor,South,2026-09,1,1.0
P03210,Motor,Motor,South,2026-09,1,1.0
P03211,Motor,Motor,South,2026-09,1,1.0
P03212,Motor,Motor,South,2026-09,1,1.0
P03213,Motor,Motor,South,2026-09,1,1.0
P03214,Motor,Motor,South,2026-09,1,1.0
P03215,Motor,Motor,South,2026-09,1,1.0
P03216,Motor,Motor,South,2026-09,1,1.0
P03217,Motor,Motor,South,2026-09,1,1.0
P03218,Motor,Motor,South,2026-09,1,1.0
P03219,Motor,Motor,South,2026-09,1,1.0
P03220,Motor,Motor,South,2026-09,1,1.0
P03221,Motor,Motor,South,2026-09,1,1.0
P03222,Motor,Motor,South,2026-09,1,1.0
P03223,Motor,Motor,South,2026-09,1,1.0
P03224,Motor,Motor,South,2026-09,1,1.0
P03225,Motor,Motor,South,2026-09,1,1.0
P03226,Motor,Motor,South,2026-09,1,1.0
P03227,Motor,Motor,South,2026-09,1,1.0
P03228,Motor,Motor,South,2026-09,1,1.0
P03229,Motor,Motor,South,2026-09,1,1.0
P03230,Motor,Motor,South,2026-09,1,1.0
P03231,Motor,Motor,South,2026-09,1,1.0
P03232,Motor,Motor,South,2026-09,1,1.0
P03233,Motor,Motor,South,2026-09,1,1.0
P03234,Motor,Motor,South,2026-09,1,1.0
P03235,Motor,Motor,South,2026-09,1,1.0
P03236,Motor,Motor,South,2026-09,1,1.0
P03237,Motor,Motor,South,2026-09,1,1.0
P03238,Motor,Motor,South,2026-09,1,1.0
P03239,Motor,Motor,South,2026-09,1,1.0
P03240,Motor,Motor,South,2026-09,1,1.0
P03241,Motor,Motor,South,2026-09,1,1.0
P03242,Motor,Motor,South,2026-09,1,1.0
P03243,Motor,Motor,South,2026-09,1,1.0
P03244,Motor,Motor,South,2026-09,1,1.0
P03245,Motor,Motor,South,2026-09,1,1.0
P03246,Motor,Motor,South,2026-09,1,1.0
P03247,Motor,Motor,South,2026-09,1,1.0
P03248,Motor,Motor,South,2026-09,1,1.0
P03249,Motor,Motor,South,2026-09,1,1.0
P03250,Motor,Motor,South,2026-09,1,1.0
P03251,Motor,Motor,South,2026-09,1,1.0
P03252,Motor,Motor,South,2026-09,1,1.0
P03253,Motor,Motor,South,2026-09,1,1.0
P03254,Motor,Motor,South,2026-09,1,1.0
P03255,Motor,Motor,South,2026-09,1,1.0
P03256,Motor,Motor,South,2026-09,1,1.0
P03257,Motor,Motor,South,2026-09,1,1.0
P03258,Motor,Motor,South,2026-09,1,1.0
P03259,Motor,Motor,South,2026-09,1,1.0
P03260,Motor,Motor,South,2026-09,1,1.0
P03261,Motor,Motor,South,2026-09,1,1.0
P03262,Motor,Motor,South,2026-09,1,1.0
P03263,Motor,Motor,South,2026-09,1,1.0
P03264,Motor,Motor,South,2026-09,1,1.0
P03265,Motor,Motor,South,2026-09,1,1.0
P03266,Motor,Motor,South,2026-09,1,1.0
P03267,Motor,Motor,South,2026-09,1,1.0
P03268,Motor,Motor,South,2026-09,1,1.0
P03269,Motor,Motor,South,2026-09,1,1.0
P03270,Motor,Motor,South,2026-09,1,1.0
P03271,Motor,Motor,South,2026-09,1,1.0
P03272,Motor,Motor,South,2026-09,1,1.0
P03273,Motor,Motor,South,2026-09,1,1.0
P03274,Motor,Motor,South,2026-09,1,1.0
P03275,Motor,Motor,South,2026-09,1,1.0
P03276,Motor,Motor,South,2026-09,1,1.0
P03277,Motor,Motor,South,2026-09,1,1.0
P03278,Motor,Motor,South,2026-09,1,1.0
P03279,Motor,Motor,South,2026-09,1,1.0
P03280,Motor,Motor,South,2026-09,1,1.0
P03281,Motor,Motor,South,2026-09,1,1.0
P03282,Motor,Motor,South,2026-09,1,1.0
P03283,Motor,Motor,South,2026-09,1,1.0
P03284,Motor,Motor,South,2026-09,1,1.0
P03285,Motor,Motor,South,2026-09,1,1.0
P03286,Motor,Motor,South,2026-09,1,1.0
P03287,Motor,Motor,South,2026-09,1,1.0
P03288,Motor,Motor,South,2026-09,1,1.0
P03289,Motor,Motor,South,2026-09,1,1.0
P03290,Motor,Motor,South,2026-09,1,1.0
P03291,Motor,Motor,South,2026-09,1,1.0
P03292,Motor,Motor,South,2026-09,1,1.0
P03293,Motor,Motor,South,2026-09,1,1.0
P03294,Motor,Motor,South,2026-09,1,1.0
P03295,Motor,Motor,South,2026-09,1,1.0
P03296,Motor,Motor,South,2026-09,1,1.0
P03297,Motor,Motor,South,2026-09,1,1.0
P03298,Motor,Motor,South,2026-09,1,1.0
P03299,Motor,Motor,South,2026-09,1,1.0
P03300,Motor,Motor,South,2026-09,1,1.0
P03301,Motor,Motor,South,2026-09,1,1.0
P03302,Motor,Motor,South,2026-09,1,1.0
P03303,Motor,Motor,South,2026-09,1,1.0
P03304,Motor,Motor,South,2026-09,1,1.0
P03305,Motor,Motor,South,2026-09,1,1.0
P03306,Motor,Motor,South,2026-09,1,1.0
P03307,Motor,Motor,South,2026-09,1,1.0
P03308,Motor,Motor,South,2026-09,1,1.0
P03309,Motor,Motor,South,2026-09,1,1.0
P03310,Motor,Motor,South,2026-09,1,1.0
P03311,Motor,Motor,South,2026-09,1,1.0
P03312,Motor,Motor,South,2026-09,1,1.0
P03313,Motor,Motor,South,2026-09,1,1.0
P03314,Motor,Motor,South,2026-09,1,1.0
P03315,Motor,Motor,South,2026-09,1,1.0
P03316,Motor,Motor,South,2026-09,1,1.0
P03317,Motor,Motor,South,2026-09,1,1.0
P03318,Motor,Motor,South,2026-09,1,1.0
P03319,Motor,Motor,South,2026-09,1,1.0
P03320,Motor,Motor,South,2026-09,1,1.0
P03321,Motor,Motor,South,2026-09,1,1.0
P03322,Motor,Motor,South,2026-09,1,1.0
P03323,Motor,Motor,South,2026-09,1,1.0
P03324,Motor,Motor,South,2026-09,1,1.0
P03325,Motor,Motor,South,2026-09,1,1.0
P03326,Motor,Motor,South,2026-09,1,1.0
P03327,Motor,Motor,South,2026-09,1,1.0
P03328,Motor,Motor,South,2026-09,1,1.0
P03329,Motor,Motor,South,2026-09,1,1.0
P03330,Motor,Motor,South,2026-09,1,1.0
P03331,Motor,Motor,South,2026-09,1,1.0
P03332,Motor,Motor,South,2026-09,1,1.0
P03333,Motor,Motor,South,2026-09,1,1.0
P03334,Motor,Motor,South,2026-09,1,1.0
P03335,Motor,Motor,South,2026-09,1,1.0
P03336,Motor,Motor,South,2026-09,1,1.0
P03337,Motor,Motor,South,2026-09,1,1.0
P03338,Motor,Motor,South,2026-09,1,1.0
P03339,Motor,Motor,South,2026-09,1,1.0
P03340,Motor,Motor,South,2026-09,1,1.0
P03341,Motor,Motor,South,2026-09,1,1.0
P03342,Motor,Motor,South,2026-09,1,1.0
P03343,Motor,Motor,South,2026-09,1,1.0
P03344,Motor,Motor,South,2026-09,1,1.0
P03345,Motor,Motor,South,2026-09,1,1.0
P03346,Motor,Motor,South,2026-09,1,1.0
P03347,Motor,Motor,South,2026-09,1,1.0
P03348,Motor,Motor,South,2026-09,1,1.0
P03349,Motor,Motor,South,2026-09,1,1.0
P03350,Motor,Motor,South,2026-09,1,1.0
P03351,Motor,Motor,South,2026-09,1,1.0
P03352,Motor,Motor,South,2026-09,1,1.0
P03353,Motor,Motor,South,2026-09,1,1.0
P03354,Motor,Motor,South,2026-09,1,1.0
P03355,Motor,Motor,South,2026-09,1,1.0
P03356,Motor,Motor,South,2026-09,1,1.0
P03357,Motor,Motor,South,2026-09,1,1.0
P03358,Motor,Motor,South,2026-09,1,1.0
P03359,Motor,Motor,South,2026-09,1,1.0
P03360,Motor,Motor,South,2026-09,1,1.0
P03361,Motor,Motor,South,2026-09,1,1.0
P03362,Motor,Motor,South,2026-09,1,1.0
P03363,Motor,Motor,South,2026-09,1,1.0
P03364,Motor,Motor,South,2026-09,1,1.0
P03365,Motor,Motor,South,2026-09,1,1.0
P03366,Motor,Motor,South,2026-09,1,1.0
P03367,Motor,Motor,South,2026-09,1,1.0
P03368,Motor,Motor,South,2026-09,1,1.0
P03369,Motor,Motor,South,2026-09,1,1.0
P03370,Motor,Motor,South,2026-09,1,1.0
P03371,Motor,Motor,South,2026-09,1,1.0
P03372,Motor,Motor,South,2026-09,1,1.0
P03373,Motor,Motor,South,2026-09,1,1.0
P03374,Motor,Motor,South,2026-09,1,1.0
P03375,Motor,Motor,South,2026-09,1,1.0
P03376,Motor,Motor,South,2026-09,1,1.0
P03377,Motor,Motor,South,2026-09,1,1.0
P03378,Motor,Motor,South,2026-09,1,1.0
P03379,Motor,Motor,South,2026-09,1,1.0
P03380,Motor,Motor,South,2026-09,1,1.0
P03381,Motor,Motor,South,2026-09,1,1.0
P03382,Motor,Motor,South,2026-09,1,1.0
P03383,Motor,Motor,South,2026-09,1,1.0
P03384,Motor,Motor,South,2026-09,1,1.0
P03385,Motor,Motor,South,2026-09,1,1.0
P03386,Motor,Motor,South,2026-09,1,1.0
P03387,Motor,Motor,South,2026-09,1,1.0
P03388,Motor,Motor,South,2026-09,1,1.0
P03389,Motor,Motor,South,2026-09,1,1.0
P03390,Motor,Motor,South,2026-09,1,1.0
P03391,Motor,Motor,South,2026-09,1,1.0
P03392,Motor,Motor,South,2026-09,1,1.0
P03393,Motor,Motor,South,2026-09,1,1.0
P03394,Motor,Motor,South,2026-09,1,1.0
P03395,Motor,Motor,South,2026-09,1,1.0
P03396,Motor,Motor,South,2026-09,1,1.0
P03397,Motor,Motor,South,2026-09,1,1.0
P03398,Motor,Motor,South,2026-09,1,1.0
P03399,Motor,Motor,South,2026-09,1,1.0
P03400,Motor,Motor,South,2026-09,1,1.0
P03401,Motor,Motor,South,2026-09,1,1.0
P03402,Motor,Motor,South,2026-09,1,1.0
P03403,Motor,Motor,South,2026-09,1,1.0
P03404,Motor,Motor,South,2026-09,1,1.0
P03405,Motor,Motor,South,2026-09,1,1.0
P03406,Motor,Motor,South,2026-09,1,1.0
P03407,Motor,Motor,South,2026-09,1,1.0
P03408,Motor,Motor,South,2026-09,1,1.0
P03409,Motor,Motor,South,2026-09,1,1.0
P03410,Motor,Motor,South,2026-09,1,1.0
P03411,Motor,Motor,South,2026-09,1,1.0
P03412,Motor,Motor,South,2026-09,1,1.0
P03413,Motor,Motor,South,2026-09,1,1.0
P03414,Motor,Motor,South,2026-09,1,1.0
P03415,Motor,Motor,South,2026-09,1,1.0
P03416,Motor,Motor,South,2026-09,1,1.0
P03417,Motor,Motor,South,2026-09,1,1.0
P03418,Motor,Motor,South,2026-09,1,1.0
P03419,Motor,Motor,South,2026-09,1,1.0
P03420,Motor,Motor,South,2026-09,1,1.0
P03421,Motor,Motor,South,2026-09,1,1.0
P03422,Motor,Motor,South,2026-09,1,1.0
P03423,Motor,Motor,South,2026-09,1,1.0
P03424,Motor,Motor,South,2026-09,1,1.0
P03425,Motor,Motor,South,2026-09,1,1.0
P03426,Motor,Motor,South,2026-09,1,1.0
P03427,Motor,Motor,South,2026-09,1,1.0
P03428,Motor,Motor,South,2026-09,1,1.0
P03429,Motor,Motor,South,2026-09,1,1.0
P03430,Motor,Motor,South,2026-09,1,1.0
P03431,Motor,Motor,South,2026-09,1,1.0
P03432,Motor,Motor,South,2026-09,1,1.0
P03433,Motor,Motor,South,2026-09,1,1.0
P03434,Motor,Motor,South,2026-09,1,1.0
P03435,Motor,Motor,South,2026-09,1,1.0
P03436,Motor,Motor,South,2026-09,1,1.0
P03437,Motor,Motor,South,2026-09,1,1.0
P03438,Motor,Motor,South,2026-09,1,1.0
P03439,Motor,Motor,South,2026-09,1,1.0
P03440,Motor,Motor,South,2026-09,1,1.0
P03441,Motor,Motor,South,2026-09,1,1.0
P03442,Motor,Motor,South,2026-09,1,1.0
P03443,Motor,Motor,South,2026-09,1,1.0
P03444,Motor,Motor,South,2026-09,1,1.0
P03445,Motor,Motor,South,2026-09,1,1.0
P03446,Motor,Motor,South,2026-09,1,1.0
P03447,Motor,Motor,South,2026-09,1,1.0
P03448,Motor,Motor,South,2026-09,1,1.0
P03449,Motor,Motor,South,2026-09,1,1.0
P03450,Motor,Motor,South,2026-09,1,1.0
P03451,Motor,Motor,South,2026-09,1,1.0
P03452,Motor,Motor,South,2026-09,1,1.0
P03453,Motor,Motor,South,2026-09,1,1.0
P03454,Motor,Motor,South,2026-09,1,1.0
P03455,Motor,Motor,South,2026-09,1,1.0
P03456,Motor,Motor,South,2026-09,1,1.0
P03457,Motor,Motor,South,2026-09,1,1.0
P03458,Motor,Motor,South,2026-09,1,1.0
P03459,Motor,Motor,South,2026-09,1,1.0
P03460,Motor,Motor,South,2026-09,1,1.0
P03461,Motor,Motor,South,2026-09,1,1.0
P03462,Motor,Motor,South,2026-09,1,1.0
P03463,Motor,Motor,South,2026-09,1,1.0
P03464,Motor,Motor,South,2026-09,1,1.0
P03465,Motor,Motor,South,2026-09,1,1.0
P03466,Motor,Motor,South,2026-09,1,1.0
P03467,Motor,Motor,South,2026-09,1,1.0
P03468,Motor,Motor,South,2026-09,1,1.0
P03469,Motor,Motor,South,2026-09,1,1.0
P03470,Motor,Motor,South,2026-09,1,1.0
P03471,Motor,Motor,South,2026-09,1,1.0
P03472,Motor,Motor,South,2026-09,1,1.0
P03473,Motor,Motor,South,2026-09,1,1.0
P03474,Motor,Motor,South,2026-09,1,1.0
P03475,Motor,Motor,South,2026-09,1,1.0
P03476,Motor,Motor,South,2026-09,1,1.0
P03477,Motor,Motor,South,2026-09,1,1.0
P03478,Motor,Motor,South,2026-09,1,1.0
P03479,Motor,Motor,South,2026-09,1,1.0
P03480,Motor,Motor,South,2026-09,1,1.0
P03481,Motor,Motor,South,2026-09,1,1.0
P03482,Motor,Motor,South,2026-09,1,1.0
P03483,Motor,Motor,South,2026-09,1,1.0
P03484,Motor,Motor,South,2026-09,1,1.0
P03485,Motor,Motor,South,2026-09,1,1.0
P03486,Motor,Motor,South,2026-09,1,1.0
P03487,Motor,Motor,South,2026-09,1,1.0
P03488,Motor,Motor,South,2026-09,1,1.0
P03489,Motor,Motor,South,2026-09,1,1.0
P03490,Motor,Motor,South,2026-09,1,1.0
P03491,Motor,Motor,South,2026-09,1,1.0
P03492,Motor,Motor,South,2026-09,1,1.0
P03493,Motor,Motor,South,2026-09,1,1.0
P03494,Motor,Motor,South,2026-09,1,1.0
P03495,Motor,Motor,South,2026-09,1,1.0
P03496,Motor,Motor,South,2026-09,1,1.0
P03497,Motor,Motor,South,2026-09,1,1.0
P03498,Motor,Motor,South,2026-09,1,1.0
P03499,Motor,Motor,South,2026-09,1,1.0
P03500,Motor,Motor,South,2026-09,1,1.0
P03501,Motor,Motor,South,2026-09,1,1.0
P03502,Motor,Motor,South,2026-09,1,1.0
P03503,Motor,Motor,South,2026-09,1,1.0
P03504,Motor,Motor,South,2026-09,1,1.0
P03505,Motor,Motor,South,2026-09,1,1.0
P03506,Motor,Motor,South,2026-09,1,1.0
P03507,Motor,Motor,South,2026-09,1,1.0
P03508,Motor,Motor,South,2026-09,1,1.0
P03509,Motor,Motor,South,2026-09,1,1.0
P03510,Motor,Motor,South,2026-09,1,1.0
P03511,Motor,Motor,South,2026-09,1,1.0
P03512,Motor,Motor,South,2026-09,1,1.0
P03513,Motor,Motor,South,2026-09,1,1.0
P03514,Motor,Motor,South,2026-09,1,1.0
P03515,Motor,Motor,South,2026-09,1,1.0
P03516,Motor,Motor,South,2026-09,1,1.0
P03517,Motor,Motor,South,2026-09,1,1.0
P03518,Motor,Motor,South,2026-09,1,1.0
P03519,Motor,Motor,South,2026-09,1,1.0
P03520,Motor,Motor,South,2026-09,1,1.0
P03521,Motor,Motor,South,2026-09,1,1.0
P03522,Motor,Motor,South,2026-09,1,1.0
P03523,Motor,Motor,South,2026-09,1,1.0
P03524,Motor,Motor,South,2026-09,1,1.0
P03525,Motor,Motor,South,2026-09,1,1.0
P03526,Motor,Motor,South,2026-09,1,1.0
P03527,Motor,Motor,South,2026-09,1,1.0
P03528,Motor,Motor,South,2026-09,1,1.0
P03529,Motor,Motor,South,2026-09,1,1.0
P03530,Motor,Motor,South,2026-09,1,1.0
P03531,Motor,Motor,South,2026-09,1,1.0
P03532,Motor,Motor,South,2026-09,1,1.0
P03533,Motor,Motor,South,2026-09,1,1.0
P03534,Motor,Motor,South,2026-09,1,1.0
P03535,Motor,Motor,South,2026-09,1,1.0
P03536,Motor,Motor,South,2026-09,1,1.0
P03537,Motor,Motor,South,2026-09,1,1.0
P03538,Motor,Motor,South,2026-09,1,1.0
P03539,Motor,Motor,South,2026-09,1,1.0
P03540,Motor,Motor,South,2026-09,1,1.0
P03541,Motor,Motor,South,2026-09,1,1.0
P03542,Motor,Motor,South,2026-09,1,1.0
P03543,Motor,Motor,South,2026-09,1,1.0
P03544,Motor,Motor,South,2026-09,1,1.0
P03545,Motor,Motor,South,2026-09,1,1.0
P03546,Motor,Motor,South,2026-09,1,1.0
P03547,Motor,Motor,South,2026-09,1,1.0
P03548,Motor,Motor,South,2026-09,1,1.0
P03549,Motor,Motor,South,2026-09,1,1.0
P03550,Motor,Motor,South,2026-09,1,1.0
P03551,Motor,Motor,South,2026-09,1,1.0
P03552,Motor,Motor,South,2026-09,1,1.0
P03553,Motor,Motor,South,2026-09,1,1.0
P03554,Motor,Motor,South,2026-09,1,1.0
P03555,Motor,Motor,South,2026-09,1,1.0
P03556,Motor,Motor,South,2026-09,1,1.0
P03557,Motor,Motor,South,2026-09,1,1.0
P03558,Motor,Motor,South,2026-09,1,1.0
P03559,Motor,Motor,South,2026-09,1,1.0
P03560,Motor,Motor,South,2026-09,1,1.0
P03561,Motor,Motor,South,2026-09,1,1.0
P03562,Motor,Motor,South,2026-09,1,1.0
P03563,Motor,Motor,South,2026-09,1,1.0
P03564,Motor,Motor,South,2026-09,1,1.0
P03565,Motor,Motor,South,2026-09,1,1.0
P03566,Motor,Motor,South,2026-09,1,1.0
P03567,Motor,Motor,South,2026-09,1,1.0
P03568,Motor,Motor,South,2026-09,1,1.0
P03569,Motor,Motor,South,2026-09,1,1.0
P03570,Motor,Motor,South,2026-09,1,1.0
P03571,Motor,Motor,South,2026-09,1,1.0
P03572,Motor,Motor,South,2026-09,1,1.0
P03573,Motor,Motor,South,2026-09,1,1.0
P03574,Motor,Motor,South,2026-09,1,1.0
P03575,Motor,Motor,South,2026-09,1,1.0
P03576,Motor,Motor,South,2026-09,1,1.0
P03577,Motor,Motor,South,2026-09,1,1.0
P03578,Motor,Motor,South,2026-09,1,1.0
P03579,Motor,Motor,South,2026-09,1,1.0
P03580,Motor,Motor,South,2026-09,1,1.0
P03581,Motor,Motor,South,2026-09,1,1.0
P03582,Motor,Motor,South,2026-09,1,1.0
P03583,Motor,Motor,South,2026-09,1,1.0
P03584,Motor,Motor,South,2026-09,1,1.0
P03585,Motor,Motor,South,2026-09,1,1.0
P03586,Motor,Motor,South,2026-09,1,1.0
P03587,Motor,Motor,South,2026-09,1,1.0
P03588,Motor,Motor,South,2026-09,1,1.0
P03589,Motor,Motor,South,2026-09,1,1.0
P03590,Motor,Motor,South,2026-09,1,1.0
P03591,Motor,Motor,South,2026-09,1,1.0
P03592,Motor,Motor,South,2026-09,1,1.0
P03593,Motor,Motor,South,2026-09,1,1.0
P03594,Motor,Motor,South,2026-09,1,1.0
P03595,Motor,Motor,South,2026-09,1,1.0
P03596,Motor,Motor,South,2026-09,1,1.0
P03597,Motor,Motor,South,2026-09,1,1.0
P03598,Motor,Motor,South,2026-09,1,1.0
P03599,Motor,Motor,South,2026-09,1,1.0
P03600,Motor,Motor,South,2026-09,1,1.0
P03601,Motor,Motor,South,2026-09,1,1.0
P03602,Motor,Motor,South,2026-09,1,1.0
P03603,Motor,Motor,South,2026-09,1,1.0
P03604,Motor,Motor,South,2026-09,1,1.0
P03605,Motor,Motor,South,2026-09,1,1.0
P03606,Motor,Motor,South,2026-09,1,1.0
P03607,Motor,Motor,South,2026-09,1,1.0
P03608,Motor,Motor,South,2026-09,1,1.0
P03609,Motor,Motor,South,2026-09,1,1.0
P03610,Motor,Motor,South,2026-09,1,1.0
P03611,Motor,Motor,South,2026-09,1,1.0
P03612,Motor,Motor,South,2026-09,1,1.0
P03613,Motor,Motor,South,2026-09,1,1.0
P03614,Motor,Motor,South,2026-09,1,1.0
P03615,Motor,Motor,South,2026-09,1,1.0
P03616,Motor,Motor,South,2026-09,1,1.0
P03617,Motor,Motor,South,2026-09,1,1.0
P03618,Motor,Motor,South,2026-09,1,1.0
P03619,Motor,Motor,South,2026-09,1,1.0
P03620,Motor,Motor,South,2026-09,1,1.0
P03621,Motor,Motor,South,2026-09,1,1.0
P03622,Motor,Motor,South,2026-09,1,1.0
P03623,Motor,Motor,South,2026-09,1,1.0
P03624,Motor,Motor,South,2026-09,1,1.0
P03625,Motor,Motor,South,2026-09,1,1.0
P03626,Motor,Motor,South,2026-09,1,1.0
P03627,Motor,Motor,South,2026-09,1,1.0
P03628,Motor,Motor,South,2026-09,1,1.0
P03629,Motor,Motor,South,2026-09,1,1.0
P03630,Motor,Motor,South,2026-09,1,1.0
P03631,Motor,Motor,South,2026-09,1,1.0
P03632,Motor,Motor,South,2026-09,1,1.0
P03633,Motor,Motor,South,2026-09,1,1.0
P03634,Motor,Motor,South,2026-09,1,1.0
P03635,Motor,Motor,South,2026-09,1,1.0
P03636,Motor,Motor,South,2026-09,1,1.0
P03637,Motor,Motor,South,2026-09,1,1.0
P03638,Motor,Motor,South,2026-09,1,1.0
P03639,Motor,Motor,South,2026-09,1,1.0
P03640,Motor,Motor,South,2026-09,1,1.0
P03641,Motor,Motor,South,2026-09,1,1.0
P03642,Motor,Motor,South,2026-09,1,1.0
P03643,Motor,Motor,South,2026-09,1,1.0
P03644,Motor,Motor,South,2026-09,1,1.0
P03645,Motor,Motor,South,2026-09,1,1.0
P03646,Motor,Motor,South,2026-09,1,1.0
P03647,Motor,Motor,South,2026-09,1,1.0
P03648,Motor,Motor,South,2026-09,1,1.0
P03649,Motor,Motor,South,2026-09,1,1.0
P03650,Motor,Motor,South,2026-09,1,1.0
P03651,Motor,Motor,South,2026-09,1,1.0
P03652,Motor,Motor,South,2026-09,1,1.0
P03653,Motor,Motor,South,2026-09,1,1.0
P03654,Motor,Motor,South,2026-09,1,1.0
P03655,Motor,Motor,South,2026-09,1,1.0
P03656,Motor,Motor,South,2026-09,1,1.0
P03657,Motor,Motor,South,2026-09,1,1.0
P03658,Motor,Motor,South,2026-09,1,1.0
P03659,Motor,Motor,South,2026-09,1,1.0
P03660,Motor,Motor,South,2026-09,1,1.0
P03661,Motor,Motor,South,2026-09,1,1.0
P03662,Motor,Motor,South,2026-09,1,1.0
P03663,Motor,Motor,South,2026-09,1,1.0
P03664,Motor,Motor,South,2026-09,1,1.0
P03665,Motor,Motor,South,2026-09,1,1.0
P03666,Motor,Motor,South,2026-09,1,1.0
P03667,Motor,Motor,South,2026-09,1,1.0
P03668,Motor,Motor,South,2026-09,1,1.0
P03669,Motor,Motor,South,2026-09,1,1.0
P03670,Motor,Motor,South,2026-09,1,1.0
P03671,Motor,Motor,South,2026-09,1,1.0
P03672,Motor,Motor,South,2026-09,1,1.0
P03673,Motor,Motor,South,2026-09,1,1.0
P03674,Motor,Motor,East,2026-09,1,1.0
P03675,Motor,Motor,East,2026-09,1,1.0
P03676,Motor,Motor,East,2026-09,1,1.0
P03677,Motor,Motor,East,2026-09,1,1.0
P03678,Motor,Motor,East,2026-09,1,1.0
P03679,Motor,Motor,East,2026-09,1,1.0
P03680,Motor,Motor,East,2026-09,1,1.0
P03681,Motor,Motor,East,2026-09,1,1.0
P03682,Motor,Motor,East,2026-09,1,1.0
P03683,Motor,Motor,East,2026-09,1,1.0
P03684,Motor,Motor,East,2026-09,1,1.0
P03685,Motor,Motor,East,2026-09,1,1.0
P03686,Motor,Motor,East,2026-09,1,1.0
P03687,Motor,Motor,East,2026-09,1,1.0
P03688,Motor,Motor,East,2026-09,1,1.0
P03689,Motor,Motor,East,2026-09,1,1.0
P03690,Motor,Motor,East,2026-09,1,1.0
P03691,Motor,Motor,East,2026-09,1,1.0
P03692,Motor,Motor,East,2026-09,1,1.0
P03693,Motor,Motor,East,2026-09,1,1.0
P03694,Motor,Motor,East,2026-09,1,1.0
P03695,Motor,Motor,East,2026-09,1,1.0
P03696,Motor,Motor,East,2026-09,1,1.0
P03697,Motor,Motor,East,2026-09,1,1.0
P03698,Motor,Motor,East,2026-09,1,1.0
P03699,Motor,Motor,East,2026-09,1,1.0
P03700,Motor,Motor,East,2026-09,1,1.0
P03701,Motor,Motor,East,2026-09,1,1.0
P03702,Motor,Motor,East,2026-09,1,1.0
P03703,Motor,Motor,East,2026-09,1,1.0
P03704,Motor,Motor,East,2026-09,1,1.0
P03705,Motor,Motor,East,2026-09,1,1.0
P03706,Motor,Motor,East,2026-09,1,1.0
P03707,Motor,Motor,East,2026-09,1,1.0
P03708,Motor,Motor,East,2026-09,1,1.0
P03709,Motor,Motor,East,2026-09,1,1.0
P03710,Motor,Motor,East,2026-09,1,1.0
P03711,Motor,Motor,East,2026-09,1,1.0
P03712,Motor,Motor,East,2026-09,1,1.0
P03713,Motor,Motor,East,2026-09,1,1.0
P03714,Motor,Motor,East,2026-09,1,1.0
P03715,Motor,Motor,East,2026-09,1,1.0
P03716,Motor,Motor,East,2026-09,1,1.0
P03717,Motor,Motor,East,2026-09,1,1.0
P03718,Motor,Motor,East,2026-09,1,1.0
P03719,Motor,Motor,East,2026-09,1,1.0
P03720,Motor,Motor,East,2026-09,1,1.0
P03721,Motor,Motor,East,2026-09,1,1.0
P03722,Motor,Motor,East,2026-09,1,1.0
P03723,Motor,Motor,East,2026-09,1,1.0
P03724,Motor,Motor,East,2026-09,1,1.0
P03725,Motor,Motor,East,2026-09,1,1.0
P03726,Motor,Motor,East,2026-09,1,1.0
P03727,Motor,Motor,East,2026-09,1,1.0
P03728,Motor,Motor,East,2026-09,1,1.0
P03729,Motor,Motor,East,2026-09,1,1.0
P03730,Motor,Motor,East,2026-09,1,1.0
P03731,Motor,Motor,East,2026-09,1,1.0
P03732,Motor,Motor,East,2026-09,1,1.0
P03733,Motor,Motor,East,2026-09,1,1.0
P03734,Motor,Motor,East,2026-09,1,1.0
P03735,Motor,Motor,East,2026-09,1,1.0
P03736,Motor,Motor,East,2026-09,1,1.0
P03737,Motor,Motor,East,2026-09,1,1.0
P03738,Motor,Motor,East,2026-09,1,1.0
P03739,Motor,Motor,East,2026-09,1,1.0
P03740,Motor,Motor,East,2026-09,1,1.0
P03741,Motor,Motor,East,2026-09,1,1.0
P03742,Motor,Motor,East,2026-09,1,1.0
P03743,Motor,Motor,East,2026-09,1,1.0
P03744,Motor,Motor,East,2026-09,1,1.0
P03745,Motor,Motor,East,2026-09,1,1.0
P03746,Motor,Motor,East,2026-09,1,1.0
P03747,Motor,Motor,East,2026-09,1,1.0
P03748,Motor,Motor,East,2026-09,1,1.0
P03749,Motor,Motor,East,2026-09,1,1.0
P03750,Motor,Motor,East,2026-09,1,1.0
P03751,Motor,Motor,East,2026-09,1,1.0
P03752,Motor,Motor,East,2026-09,1,1.0
P03753,Motor,Motor,East,2026-09,1,1.0
P03754,Motor,Motor,East,2026-09,1,1.0
P03755,Motor,Motor,East,2026-09,1,1.0
P03756,Motor,Motor,East,2026-09,1,1.0
P03757,Motor,Motor,East,2026-09,1,1.0
P03758,Motor,Motor,East,2026-09,1,1.0
P03759,Motor,Motor,East,2026-09,1,1.0
P03760,Motor,Motor,East,2026-09,1,1.0
P03761,Motor,Motor,East,2026-09,1,1.0
P03762,Motor,Motor,East,2026-09,1,1.0
P03763,Motor,Motor,East,2026-09,1,1.0
P03764,Motor,Motor,East,2026-09,1,1.0
P03765,Motor,Motor,East,2026-09,1,1.0
P03766,Motor,Motor,East,2026-09,1,1.0
P03767,Motor,Motor,East,2026-09,1,1.0
P03768,Motor,Motor,East,2026-09,1,1.0
P03769,Motor,Motor,East,2026-09,1,1.0
P03770,Motor,Motor,East,2026-09,1,1.0
P03771,Motor,Motor,East,2026-09,1,1.0
P03772,Motor,Motor,East,2026-09,1,1.0
P03773,Motor,Motor,East,2026-09,1,1.0
P03774,Motor,Motor,East,2026-09,1,1.0
P03775,Motor,Motor,East,2026-09,1,1.0
P03776,Motor,Motor,East,2026-09,1,1.0
P03777,Motor,Motor,East,2026-09,1,1.0
P03778,Motor,Motor,East,2026-09,1,1.0
P03779,Motor,Motor,East,2026-09,1,1.0
P03780,Motor,Motor,East,2026-09,1,1.0
P03781,Motor,Motor,East,2026-09,1,1.0
P03782,Motor,Motor,East,2026-09,1,1.0
P03783,Motor,Motor,East,2026-09,1,1.0
P03784,Motor,Motor,East,2026-09,1,1.0
P03785,Motor,Motor,East,2026-09,1,1.0
P03786,Motor,Motor,East,2026-09,1,1.0
P03787,Motor,Motor,East,2026-09,1,1.0
P03788,Motor,Motor,East,2026-09,1,1.0
P03789,Motor,Motor,East,2026-09,1,1.0
P03790,Motor,Motor,East,2026-09,1,1.0
P03791,Motor,Motor,East,2026-09,1,1.0
P03792,Motor,Motor,East,2026-09,1,1.0
P03793,Motor,Motor,East,2026-09,1,1.0
P03794,Motor,Motor,East,2026-09,1,1.0
P03795,Motor,Motor,East,2026-09,1,1.0
P03796,Motor,Motor,East,2026-09,1,1.0
P03797,Motor,Motor,East,2026-09,1,1.0
P03798,Motor,Motor,East,2026-09,1,1.0
P03799,Motor,Motor,East,2026-09,1,1.0
P03800,Motor,Motor,East,2026-09,1,1.0
P03801,Motor,Motor,East,2026-09,1,1.0
P03802,Motor,Motor,East,2026-09,1,1.0
P03803,Motor,Motor,East,2026-09,1,1.0
P03804,Motor,Motor,East,2026-09,1,1.0
P03805,Motor,Motor,East,2026-09,1,1.0
P03806,Motor,Motor,East,2026-09,1,1.0
P03807,Motor,Motor,East,2026-09,1,1.0
P03808,Motor,Motor,East,2026-09,1,1.0
P03809,Motor,Motor,East,2026-09,1,1.0
P03810,Motor,Motor,East,2026-09,1,1.0
P03811,Motor,Motor,East,2026-09,1,1.0
P03812,Motor,Motor,East,2026-09,1,1.0
P03813,Motor,Motor,East,2026-09,1,1.0
P03814,Motor,Motor,East,2026-09,1,1.0
P03815,Motor,Motor,East,2026-09,1,1.0
P03816,Motor,Motor,East,2026-09,1,1.0
P03817,Motor,Motor,East,2026-09,1,1.0
P03818,Motor,Motor,East,2026-09,1,1.0
P03819,Motor,Motor,East,2026-09,1,1.0
P03820,Motor,Motor,East,2026-09,1,1.0
P03821,Motor,Motor,East,2026-09,1,1.0
P03822,Motor,Motor,East,2026-09,1,1.0
P03823,Motor,Motor,East,2026-09,1,1.0
P03824,Motor,Motor,East,2026-09,1,1.0
P03825,Motor,Motor,East,2026-09,1,1.0
P03826,Motor,Motor,East,2026-09,1,1.0
P03827,Motor,Motor,East,2026-09,1,1.0
P03828,Motor,Motor,East,2026-09,1,1.0
P03829,Motor,Motor,East,2026-09,1,1.0
P03830,Motor,Motor,East,2026-09,1,1.0
P03831,Motor,Motor,East,2026-09,1,1.0
P03832,Motor,Motor,East,2026-09,1,1.0
P03833,Motor,Motor,East,2026-09,1,1.0
P03834,Motor,Motor,East,2026-09,1,1.0
P03835,Motor,Motor,East,2026-09,1,1.0
P03836,Motor,Motor,East,2026-09,1,1.0
P03837,Motor,Motor,East,2026-09,1,1.0
P03838,Motor,Motor,East,2026-09,1,1.0
P03839,Motor,Motor,East,2026-09,1,1.0
P03840,Motor,Motor,East,2026-09,1,1.0
P03841,Motor,Motor,East,2026-09,1,1.0
P03842,Motor,Motor,East,2026-09,1,1.0
P03843,Motor,Motor,East,2026-09,1,1.0
P03844,Motor,Motor,East,2026-09,1,1.0
P03845,Motor,Motor,East,2026-09,1,1.0
P03846,Motor,Motor,East,2026-09,1,1.0
P03847,Motor,Motor,East,2026-09,1,1.0
P03848,Motor,Motor,East,2026-09,1,1.0
P03849,Motor,Motor,East,2026-09,1,1.0
P03850,Motor,Motor,East,2026-09,1,1.0
P03851,Motor,Motor,East,2026-09,1,1.0
P03852,Motor,Motor,East,2026-09,1,1.0
P03853,Motor,Motor,East,2026-09,1,1.0
P03854,Motor,Motor,East,2026-09,1,1.0
P03855,Motor,Motor,East,2026-09,1,1.0
P03856,Motor,Motor,East,2026-09,1,1.0
P03857,Motor,Motor,East,2026-09,1,1.0
P03858,Motor,Motor,East,2026-09,1,1.0
P03859,Motor,Motor,East,2026-09,1,1.0
P03860,Motor,Motor,East,2026-09,1,1.0
P03861,Motor,Motor,East,2026-09,1,1.0
P03862,Motor,Motor,East,2026-09,1,1.0
P03863,Motor,Motor,East,2026-09,1,1.0
P03864,Motor,Motor,East,2026-09,1,1.0
P03865,Motor,Motor,East,2026-09,1,1.0
P03866,Motor,Motor,East,2026-09,1,1.0
P03867,Motor,Motor,East,2026-09,1,1.0
P03868,Motor,Motor,East,2026-09,1,1.0
P03869,Motor,Motor,East,2026-09,1,1.0
P03870,Motor,Motor,East,2026-09,1,1.0
P03871,Motor,Motor,East,2026-09,1,1.0
P03872,Motor,Motor,East,2026-09,1,1.0
P03873,Motor,Motor,East,2026-09,1,1.0
P03874,Motor,Motor,East,2026-09,1,1.0
P03875,Motor,Motor,East,2026-09,1,1.0
P03876,Motor,Motor,East,2026-09,1,1.0
P03877,Motor,Motor,East,2026-09,1,1.0
P03878,Motor,Motor,East,2026-09,1,1.0
P03879,Motor,Motor,East,2026-09,1,1.0
P03880,Motor,Motor,East,2026-09,1,1.0
P03881,Motor,Motor,East,2026-09,1,1.0
P03882,Motor,Motor,East,2026-09,1,1.0
P03883,Motor,Motor,East,2026-09,1,1.0
P03884,Motor,Motor,East,2026-09,1,1.0
P03885,Motor,Motor,East,2026-09,1,1.0
P03886,Motor,Motor,East,2026-09,1,1.0
P03887,Motor,Motor,East,2026-09,1,1.0
P03888,Motor,Motor,East,2026-09,1,1.0
P03889,Motor,Motor,East,2026-09,1,1.0
P03890,Motor,Motor,East,2026-09,1,1.0
P03891,Motor,Motor,East,2026-09,1,1.0
P03892,Motor,Motor,East,2026-09,1,1.0
P03893,Motor,Motor,East,2026-09,1,1.0
P03894,Motor,Motor,East,2026-09,1,1.0
P03895,Motor,Motor,East,2026-09,1,1.0
P03896,Motor,Motor,East,2026-09,1,1.0
P03897,Motor,Motor,East,2026-09,1,1.0
P03898,Motor,Motor,East,2026-09,1,1.0
P03899,Motor,Motor,East,2026-09,1,1.0
P03900,Motor,Motor,East,2026-09,1,1.0
P03901,Motor,Motor,East,2026-09,1,1.0
P03902,Motor,Motor,East,2026-09,1,1.0
P03903,Motor,Motor,East,2026-09,1,1.0
P03904,Motor,Motor,East,2026-09,1,1.0
P03905,Motor,Motor,East,2026-09,1,1.0
P03906,Motor,Motor,East,2026-09,1,1.0
P03907,Motor,Motor,East,2026-09,1,1.0
P03908,Motor,Motor,East,2026-09,1,1.0
P03909,Motor,Motor,East,2026-09,1,1.0
P03910,Motor,Motor,East,2026-09,1,1.0
P03911,Motor,Motor,East,2026-09,1,1.0
P03912,Motor,Motor,East,2026-09,1,1.0
P03913,Motor,Motor,East,2026-09,1,1.0
P03914,Motor,Motor,East,2026-09,1,1.0
P03915,Motor,Motor,East,2026-09,1,1.0
P03916,Motor,Motor,East,2026-09,1,1.0
P03917,Motor,Motor,East,2026-09,1,1.0
P03918,Motor,Motor,East,2026-09,1,1.0
P03919,Motor,Motor,East,2026-09,1,1.0
P03920,Motor,Motor,East,2026-09,1,1.0
P03921,Motor,Motor,East,2026-09,1,1.0
P03922,Motor,Motor,East,2026-09,1,1.0
P03923,Motor,Motor,East,2026-09,1,1.0
P03924,Motor,Motor,East,2026-09,1,1.0
P03925,Motor,Motor,East,2026-09,1,1.0
P03926,Motor,Motor,East,2026-09,1,1.0
P03927,Motor,Motor,East,2026-09,1,1.0
P03928,Motor,Motor,East,2026-09,1,1.0
P03929,Motor,Motor,East,2026-09,1,1.0
P03930,Motor,Motor,East,2026-09,1,1.0
P03931,Motor,Motor,East,2026-09,1,1.0
P03932,Motor,Motor,East,2026-09,1,1.0
P03933,Motor,Motor,East,2026-09,1,1.0
P03934,Motor,Motor,East,2026-09,1,1.0
P03935,Motor,Motor,East,2026-09,1,1.0
P03936,Motor,Motor,East,2026-09,1,1.0
P03937,Motor,Motor,East,2026-09,1,1.0
P03938,Motor,Motor,East,2026-09,1,1.0
P03939,Motor,Motor,East,2026-09,1,1.0
P03940,Motor,Motor,East,2026-09,1,1.0
P03941,Motor,Motor,East,2026-09,1,1.0
P03942,Motor,Motor,East,2026-09,1,1.0
P03943,Motor,Motor,East,2026-09,1,1.0
P03944,Motor,Motor,East,2026-09,1,1.0
P03945,Motor,Motor,East,2026-09,1,1.0
P03946,Motor,Motor,East,2026-09,1,1.0
P03947,Motor,Motor,East,2026-09,1,1.0
P03948,Motor,Motor,East,2026-09,1,1.0
P03949,Motor,Motor,East,2026-09,1,1.0
P03950,Motor,Motor,East,2026-09,1,1.0
P03951,Motor,Motor,East,2026-09,1,1.0
P03952,Motor,Motor,East,2026-09,1,1.0
P03953,Motor,Motor,East,2026-09,1,1.0
P03954,Motor,Motor,East,2026-09,1,1.0
P03955,Motor,Motor,East,2026-09,1,1.0
P03956,Motor,Motor,East,2026-09,1,1.0
P03957,Motor,Motor,East,2026-09,1,1.0
P03958,Motor,Motor,East,2026-09,1,1.0
P03959,Motor,Motor,East,2026-09,1,1.0
P03960,Motor,Motor,East,2026-09,1,1.0
P03961,Motor,Motor,East,2026-09,1,1.0
P03962,Motor,Motor,East,2026-09,1,1.0
P03963,Motor,Motor,East,2026-09,1,1.0
P03964,Motor,Motor,East,2026-09,1,1.0
P03965,Motor,Motor,East,2026-09,1,1.0
P03966,Motor,Motor,East,2026-09,1,1.0
P03967,Motor,Motor,East,2026-09,1,1.0
P03968,Motor,Motor,East,2026-09,1,1.0
P03969,Motor,Motor,East,2026-09,1,1.0
P03970,Motor,Motor,East,2026-09,1,1.0
P03971,Motor,Motor,East,2026-09,1,1.0
P03972,Motor,Motor,East,2026-09,1,1.0
P03973,Motor,Motor,East,2026-09,1,1.0
P03974,Motor,Motor,East,2026-09,1,1.0
P03975,Motor,Motor,East,2026-09,1,1.0
P03976,Motor,Motor,East,2026-09,1,1.0
P03977,Motor,Motor,East,2026-09,1,1.0
P03978,Motor,Motor,East,2026-09,1,1.0
P03979,Motor,Motor,East,2026-09,1,1.0
P03980,Motor,Motor,East,2026-09,1,1.0
P03981,Motor,Motor,East,2026-09,1,1.0
P03982,Motor,Motor,East,2026-09,1,1.0
P03983,Motor,Motor,East,2026-09,1,1.0
P03984,Motor,Motor,East,2026-09,1,1.0
P03985,Motor,Motor,East,2026-09,1,1.0
P03986,Motor,Motor,East,2026-09,1,1.0
P03987,Motor,Motor,East,2026-09,1,1.0
P03988,Motor,Motor,East,2026-09,1,1.0
P03989,Motor,Motor,East,2026-09,1,1.0
P03990,Motor,Motor,East,2026-09,1,1.0
P03991,Motor,Motor,East,2026-09,1,1.0
P03992,Motor,Motor,East,2026-09,1,1.0
P03993,Motor,Motor,East,2026-09,1,1.0
P03994,Motor,Motor,East,2026-09,1,1.0
P03995,Motor,Motor,East,2026-09,1,1.0
P03996,Motor,Motor,East,2026-09,1,1.0
P03997,Motor,Motor,East,2026-09,1,1.0
P03998,Motor,Motor,East,2026-09,1,1.0
P03999,Motor,Motor,East,2026-09,1,1.0
P04000,Motor,Motor,East,2026-09,1,1.0
P04001,Motor,Motor,East,2026-09,1,1.0
P04002,Motor,Motor,East,2026-09,1,1.0
P04003,Motor,Motor,East,2026-09,1,1.0
P04004,Motor,Motor,East,2026-09,1,1.0
P04005,Motor,Motor,East,2026-09,1,1.0
P04006,Motor,Motor,East,2026-09,1,1.0
P04007,Motor,Motor,East,2026-09,1,1.0
P04008,Motor,Motor,East,2026-09,1,1.0
P04009,Motor,Motor,East,2026-09,1,1.0
P04010,Motor,Motor,East,2026-09,1,1.0
P04011,Motor,Motor,East,2026-09,1,1.0
P04012,Motor,Motor,East,2026-09,1,1.0
P04013,Motor,Motor,East,2026-09,1,1.0
P04014,Motor,Motor,East,2026-09,1,1.0
P04015,Motor,Motor,East,2026-09,1,1.0
P04016,Motor,Motor,East,2026-09,1,1.0
P04017,Motor,Motor,East,2026-09,1,1.0
P04018,Motor,Motor,East,2026-09,1,1.0
P04019,Motor,Motor,East,2026-09,1,1.0
P04020,Motor,Motor,East,2026-09,1,1.0
P04021,Motor,Motor,East,2026-09,1,1.0
P04022,Motor,Motor,East,2026-09,1,1.0
P04023,Motor,Motor,East,2026-09,1,1.0
P04024,Motor,Motor,East,2026-09,1,1.0
P04025,Motor,Motor,East,2026-09,1,1.0
P04026,Motor,Motor,East,2026-09,1,1.0
P04027,Motor,Motor,East,2026-09,1,1.0
P04028,Motor,Motor,East,2026-09,1,1.0
P04029,Motor,Motor,East,2026-09,1,1.0
P04030,Motor,Motor,East,2026-09,1,1.0
P04031,Motor,Motor,East,2026-09,1,1.0
P04032,Motor,Motor,East,2026-09,1,1.0
P04033,Motor,Motor,East,2026-09,1,1.0
P04034,Motor,Motor,East,2026-09,1,1.0
P04035,Motor,Motor,East,2026-09,1,1.0
P04036,Motor,Motor,East,2026-09,1,1.0
P04037,Motor,Motor,East,2026-09,1,1.0
P04038,Motor,Motor,East,2026-09,1,1.0
P04039,Motor,Motor,East,2026-09,1,1.0
P04040,Motor,Motor,East,2026-09,1,1.0
P04041,Motor,Motor,East,2026-09,1,1.0
P04042,Motor,Motor,East,2026-09,1,1.0
P04043,Motor,Motor,East,2026-09,1,1.0
P04044,Motor,Motor,East,2026-09,1,1.0
P04045,Motor,Motor,East,2026-09,1,1.0
P04046,Motor,Motor,East,2026-09,1,1.0
P04047,Motor,Motor,East,2026-09,1,1.0
P04048,Motor,Motor,East,2026-09,1,1.0
P04049,Motor,Motor,East,2026-09,1,1.0
P04050,Motor,Motor,East,2026-09,1,1.0
P04051,Motor,Motor,East,2026-09,1,1.0
P04052,Motor,Motor,East,2026-09,1,1.0
P04053,Motor,Motor,East,2026-09,1,1.0
P04054,Motor,Motor,East,2026-09,1,1.0
P04055,Motor,Motor,East,2026-09,1,1.0
P04056,Motor,Motor,East,2026-09,1,1.0
P04057,Motor,Motor,East,2026-09,1,1.0
P04058,Motor,Motor,East,2026-09,1,1.0
P04059,Motor,Motor,East,2026-09,1,1.0
P04060,Motor,Motor,East,2026-09,1,1.0
P04061,Motor,Motor,East,2026-09,1,1.0
P04062,Motor,Motor,East,2026-09,1,1.0
P04063,Motor,Motor,East,2026-09,1,1.0
P04064,Motor,Motor,East,2026-09,1,1.0
P04065,Motor,Motor,East,2026-09,1,1.0
P04066,Motor,Motor,East,2026-09,1,1.0
P04067,Motor,Motor,East,2026-09,1,1.0
P04068,Motor,Motor,East,2026-09,1,1.0
P04069,Motor,Motor,East,2026-09,1,1.0
P04070,Motor,Motor,East,2026-09,1,1.0
P04071,Motor,Motor,East,2026-09,1,1.0
P04072,Motor,Motor,East,2026-09,1,1.0
P04073,Motor,Motor,East,2026-09,1,1.0
P04074,Motor,Motor,East,2026-09,1,1.0
P04075,Motor,Motor,East,2026-09,1,1.0
P04076,Motor,Motor,East,2026-09,1,1.0
P04077,Motor,Motor,East,2026-09,1,1.0
P04078,Motor,Motor,East,2026-09,1,1.0
P04079,Motor,Motor,East,2026-09,1,1.0
P04080,Motor,Motor,East,2026-09,1,1.0
P04081,Motor,Motor,East,2026-09,1,1.0
P04082,Motor,Motor,East,2026-09,1,1.0
P04083,Motor,Motor,East,2026-09,1,1.0
P04084,Motor,Motor,East,2026-09,1,1.0
P04085,Motor,Motor,East,2026-09,1,1.0
P04086,Motor,Motor,East,2026-09,1,1.0
P04087,Motor,Motor,East,2026-09,1,1.0
P04088,Motor,Motor,East,2026-09,1,1.0
P04089,Motor,Motor,East,2026-09,1,1.0
P04090,Motor,Motor,East,2026-09,1,1.0
P04091,Motor,Motor,East,2026-09,1,1.0
P04092,Motor,Motor,East,2026-09,1,1.0
P04093,Motor,Motor,East,2026-09,1,1.0
P04094,Motor,Motor,East,2026-09,1,1.0
P04095,Motor,Motor,East,2026-09,1,1.0
P04096,Motor,Motor,East,2026-09,1,1.0
P04097,Motor,Motor,East,2026-09,1,1.0
P04098,Motor,Motor,East,2026-09,1,1.0
P04099,Motor,Motor,East,2026-09,1,1.0
P04100,Motor,Motor,East,2026-09,1,1.0
P04101,Motor,Motor,East,2026-09,1,1.0
P04102,Motor,Motor,East,2026-09,1,1.0
P04103,Motor,Motor,East,2026-09,1,1.0
P04104,Motor,Motor,East,2026-09,1,1.0
P04105,Motor,Motor,East,2026-09,1,1.0
P04106,Motor,Motor,East,2026-09,1,1.0
P04107,Motor,Motor,East,2026-09,1,1.0
P04108,Motor,Motor,East,2026-09,1,1.0
P04109,Motor,Motor,East,2026-09,1,1.0
P04110,Motor,Motor,East,2026-09,1,1.0
P04111,Motor,Motor,East,2026-09,1,1.0
P04112,Motor,Motor,East,2026-09,1,1.0
P04113,Motor,Motor,East,2026-09,1,1.0
P04114,Motor,Motor,West,2026-09,1,1.0
P04115,Motor,Motor,West,2026-09,1,1.0
P04116,Motor,Motor,West,2026-09,1,1.0
P04117,Motor,Motor,West,2026-09,1,1.0
P04118,Motor,Motor,West,2026-09,1,1.0
P04119,Motor,Motor,West,2026-09,1,1.0
P04120,Motor,Motor,West,2026-09,1,1.0
P04121,Motor,Motor,West,2026-09,1,1.0
P04122,Motor,Motor,West,2026-09,1,1.0
P04123,Motor,Motor,West,2026-09,1,1.0
P04124,Motor,Motor,West,2026-09,1,1.0
P04125,Motor,Motor,West,2026-09,1,1.0
P04126,Motor,Motor,West,2026-09,1,1.0
P04127,Motor,Motor,West,2026-09,1,1.0
P04128,Motor,Motor,West,2026-09,1,1.0
P04129,Motor,Motor,West,2026-09,1,1.0
P04130,Motor,Motor,West,2026-09,1,1.0
P04131,Motor,Motor,West,2026-09,1,1.0
P04132,Motor,Motor,West,2026-09,1,1.0
P04133,Motor,Motor,West,2026-09,1,1.0
P04134,Motor,Motor,West,2026-09,1,1.0
P04135,Motor,Motor,West,2026-09,1,1.0
P04136,Motor,Motor,West,2026-09,1,1.0
P04137,Motor,Motor,West,2026-09,1,1.0
P04138,Motor,Motor,West,2026-09,1,1.0
P04139,Motor,Motor,West,2026-09,1,1.0
P04140,Motor,Motor,West,2026-09,1,1.0
P04141,Motor,Motor,West,2026-09,1,1.0
P04142,Motor,Motor,West,2026-09,1,1.0
P04143,Motor,Motor,West,2026-09,1,1.0
P04144,Motor,Motor,West,2026-09,1,1.0
P04145,Motor,Motor,West,2026-09,1,1.0
P04146,Motor,Motor,West,2026-09,1,1.0
P04147,Motor,Motor,West,2026-09,1,1.0
P04148,Motor,Motor,West,2026-09,1,1.0
P04149,Motor,Motor,West,2026-09,1,1.0
P04150,Motor,Motor,West,2026-09,1,1.0
P04151,Motor,Motor,West,2026-09,1,1.0
P04152,Motor,Motor,West,2026-09,1,1.0
P04153,Motor,Motor,West,2026-09,1,1.0
P04154,Motor,Motor,West,2026-09,1,1.0
P04155,Motor,Motor,West,2026-09,1,1.0
P04156,Motor,Motor,West,2026-09,1,1.0
P04157,Motor,Motor,West,2026-09,1,1.0
P04158,Motor,Motor,West,2026-09,1,1.0
P04159,Motor,Motor,West,2026-09,1,1.0
P04160,Motor,Motor,West,2026-09,1,1.0
P04161,Motor,Motor,West,2026-09,1,1.0
P04162,Motor,Motor,West,2026-09,1,1.0
P04163,Motor,Motor,West,2026-09,1,1.0
P04164,Motor,Motor,West,2026-09,1,1.0
P04165,Motor,Motor,West,2026-09,1,1.0
P04166,Motor,Motor,West,2026-09,1,1.0
P04167,Motor,Motor,West,2026-09,1,1.0
P04168,Motor,Motor,West,2026-09,1,1.0
P04169,Motor,Motor,West,2026-09,1,1.0
P04170,Motor,Motor,West,2026-09,1,1.0
P04171,Motor,Motor,West,2026-09,1,1.0
P04172,Motor,Motor,West,2026-09,1,1.0
P04173,Motor,Motor,West,2026-09,1,1.0
P04174,Motor,Motor,West,2026-09,1,1.0
P04175,Motor,Motor,West,2026-09,1,1.0
P04176,Motor,Motor,West,2026-09,1,1.0
P04177,Motor,Motor,West,2026-09,1,1.0
P04178,Motor,Motor,West,2026-09,1,1.0
P04179,Motor,Motor,West,2026-09,1,1.0
P04180,Motor,Motor,West,2026-09,1,1.0
P04181,Motor,Motor,West,2026-09,1,1.0
P04182,Motor,Motor,West,2026-09,1,1.0
P04183,Motor,Motor,West,2026-09,1,1.0
P04184,Motor,Motor,West,2026-09,1,1.0
P04185,Motor,Motor,West,2026-09,1,1.0
P04186,Motor,Motor,West,2026-09,1,1.0
P04187,Motor,Motor,West,2026-09,1,1.0
P04188,Motor,Motor,West,2026-09,1,1.0
P04189,Motor,Motor,West,2026-09,1,1.0
P04190,Motor,Motor,West,2026-09,1,1.0
P04191,Motor,Motor,West,2026-09,1,1.0
P04192,Motor,Motor,West,2026-09,1,1.0
P04193,Motor,Motor,West,2026-09,1,1.0
P04194,Motor,Motor,West,2026-09,1,1.0
P04195,Motor,Motor,West,2026-09,1,1.0
P04196,Motor,Motor,West,2026-09,1,1.0
P04197,Motor,Motor,West,2026-09,1,1.0
P04198,Motor,Motor,West,2026-09,1,1.0
P04199,Motor,Motor,West,2026-09,1,1.0
P04200,Motor,Motor,West,2026-09,1,1.0
P04201,Motor,Motor,West,2026-09,1,1.0
P04202,Motor,Motor,West,2026-09,1,1.0
P04203,Motor,Motor,West,2026-09,1,1.0
P04204,Motor,Motor,West,2026-09,1,1.0
P04205,Motor,Motor,West,2026-09,1,1.0
P04206,Motor,Motor,West,2026-09,1,1.0
P04207,Motor,Motor,West,2026-09,1,1.0
P04208,Motor,Motor,West,2026-09,1,1.0
P04209,Motor,Motor,West,2026-09,1,1.0
P04210,Motor,Motor,West,2026-09,1,1.0
P04211,Motor,Motor,West,2026-09,1,1.0
P04212,Motor,Motor,West,2026-09,1,1.0
P04213,Motor,Motor,West,2026-09,1,1.0
P04214,Motor,Motor,West,2026-09,1,1.0
P04215,Motor,Motor,West,2026-09,1,1.0
P04216,Motor,Motor,West,2026-09,1,1.0
P04217,Motor,Motor,West,2026-09,1,1.0
P04218,Motor,Motor,West,2026-09,1,1.0
P04219,Motor,Motor,West,2026-09,1,1.0
P04220,Motor,Motor,West,2026-09,1,1.0
P04221,Motor,Motor,West,2026-09,1,1.0
P04222,Motor,Motor,West,2026-09,1,1.0
P04223,Motor,Motor,West,2026-09,1,1.0
P04224,Motor,Motor,West,2026-09,1,1.0
P04225,Motor,Motor,West,2026-09,1,1.0
P04226,Motor,Motor,West,2026-09,1,1.0
P04227,Motor,Motor,West,2026-09,1,1.0
P04228,Motor,Motor,West,2026-09,1,1.0
P04229,Motor,Motor,West,2026-09,1,1.0
P04230,Motor,Motor,West,2026-09,1,1.0
P04231,Motor,Motor,West,2026-09,1,1.0
P04232,Motor,Motor,West,2026-09,1,1.0
P04233,Motor,Motor,West,2026-09,1,1.0
P04234,Motor,Motor,West,2026-09,1,1.0
P04235,Motor,Motor,West,2026-09,1,1.0
P04236,Motor,Motor,West,2026-09,1,1.0
P04237,Motor,Motor,West,2026-09,1,1.0
P04238,Motor,Motor,West,2026-09,1,1.0
P04239,Motor,Motor,West,2026-09,1,1.0
P04240,Motor,Motor,West,2026-09,1,1.0
P04241,Motor,Motor,West,2026-09,1,1.0
P04242,Motor,Motor,West,2026-09,1,1.0
P04243,Motor,Motor,West,2026-09,1,1.0
P04244,Motor,Motor,West,2026-09,1,1.0
P04245,Motor,Motor,West,2026-09,1,1.0
P04246,Motor,Motor,West,2026-09,1,1.0
P04247,Motor,Motor,West,2026-09,1,1.0
P04248,Motor,Motor,West,2026-09,1,1.0
P04249,Motor,Motor,West,2026-09,1,1.0
P04250,Motor,Motor,West,2026-09,1,1.0
P04251,Motor,Motor,West,2026-09,1,1.0
P04252,Motor,Motor,West,2026-09,1,1.0
P04253,Motor,Motor,West,2026-09,1,1.0
P04254,Motor,Motor,West,2026-09,1,1.0
P04255,Motor,Motor,West,2026-09,1,1.0
P04256,Motor,Motor,West,2026-09,1,1.0
P04257,Motor,Motor,West,2026-09,1,1.0
P04258,Motor,Motor,West,2026-09,1,1.0
P04259,Motor,Motor,West,2026-09,1,1.0
P04260,Motor,Motor,West,2026-09,1,1.0
P04261,Motor,Motor,West,2026-09,1,1.0
P04262,Motor,Motor,West,2026-09,1,1.0
P04263,Motor,Motor,West,2026-09,1,1.0
P04264,Motor,Motor,West,2026-09,1,1.0
P04265,Motor,Motor,West,2026-09,1,1.0
P04266,Motor,Motor,West,2026-09,1,1.0
P04267,Motor,Motor,West,2026-09,1,1.0
P04268,Motor,Motor,West,2026-09,1,1.0
P04269,Motor,Motor,West,2026-09,1,1.0
P04270,Motor,Motor,West,2026-09,1,1.0
P04271,Motor,Motor,West,2026-09,1,1.0
P04272,Motor,Motor,West,2026-09,1,1.0
P04273,Motor,Motor,West,2026-09,1,1.0
P04274,Motor,Motor,West,2026-09,1,1.0
P04275,Motor,Motor,West,2026-09,1,1.0
P04276,Motor,Motor,West,2026-09,1,1.0
P04277,Motor,Motor,West,2026-09,1,1.0
P04278,Motor,Motor,West,2026-09,1,1.0
P04279,Motor,Motor,West,2026-09,1,1.0
P04280,Motor,Motor,West,2026-09,1,1.0
P04281,Motor,Motor,West,2026-09,1,1.0
P04282,Motor,Motor,West,2026-09,1,1.0
P04283,Motor,Motor,West,2026-09,1,1.0
P04284,Motor,Motor,West,2026-09,1,1.0
P04285,Motor,Motor,West,2026-09,1,1.0
P04286,Motor,Motor,West,2026-09,1,1.0
P04287,Motor,Motor,West,2026-09,1,1.0
P04288,Motor,Motor,West,2026-09,1,1.0
P04289,Motor,Motor,West,2026-09,1,1.0
P04290,Motor,Motor,West,2026-09,1,1.0
P04291,Motor,Motor,West,2026-09,1,1.0
P04292,Motor,Motor,West,2026-09,1,1.0
P04293,Motor,Motor,West,2026-09,1,1.0
P04294,Motor,Motor,West,2026-09,1,1.0
P04295,Motor,Motor,West,2026-09,1,1.0
P04296,Motor,Motor,West,2026-09,1,1.0
P04297,Motor,Motor,West,2026-09,1,1.0
P04298,Motor,Motor,West,2026-09,1,1.0
P04299,Motor,Motor,West,2026-09,1,1.0
P04300,Motor,Motor,West,2026-09,1,1.0
P04301,Motor,Motor,West,2026-09,1,1.0
P04302,Motor,Motor,West,2026-09,1,1.0
P04303,Motor,Motor,West,2026-09,1,1.0
P04304,Motor,Motor,West,2026-09,1,1.0
P04305,Motor,Motor,West,2026-09,1,1.0
P04306,Motor,Motor,West,2026-09,1,1.0
P04307,Motor,Motor,West,2026-09,1,1.0
P04308,Motor,Motor,West,2026-09,1,1.0
P04309,Motor,Motor,West,2026-09,1,1.0
P04310,Motor,Motor,West,2026-09,1,1.0
P04311,Motor,Motor,West,2026-09,1,1.0
P04312,Motor,Motor,West,2026-09,1,1.0
P04313,Motor,Motor,West,2026-09,1,1.0
P04314,Motor,Motor,West,2026-09,1,1.0
P04315,Motor,Motor,West,2026-09,1,1.0
P04316,Motor,Motor,West,2026-09,1,1.0
P04317,Motor,Motor,West,2026-09,1,1.0
P04318,Motor,Motor,West,2026-09,1,1.0
P04319,Motor,Motor,West,2026-09,1,1.0
P04320,Motor,Motor,West,2026-09,1,1.0
P04321,Motor,Motor,West,2026-09,1,1.0
P04322,Motor,Motor,West,2026-09,1,1.0
P04323,Motor,Motor,West,2026-09,1,1.0
P04324,Motor,Motor,West,2026-09,1,1.0
P04325,Motor,Motor,West,2026-09,1,1.0
P04326,Motor,Motor,West,2026-09,1,1.0
P04327,Motor,Motor,West,2026-09,1,1.0
P04328,Motor,Motor,West,2026-09,1,1.0
P04329,Motor,Motor,West,2026-09,1,1.0
P04330,Motor,Motor,West,2026-09,1,1.0
P04331,Motor,Motor,West,2026-09,1,1.0
P04332,Motor,Motor,West,2026-09,1,1.0
P04333,Motor,Motor,West,2026-09,1,1.0
P04334,Motor,Motor,West,2026-09,1,1.0
P04335,Motor,Motor,West,2026-09,1,1.0
P04336,Motor,Motor,West,2026-09,1,1.0
P04337,Motor,Motor,West,2026-09,1,1.0
P04338,Motor,Motor,West,2026-09,1,1.0
P04339,Motor,Motor,West,2026-09,1,1.0
P04340,Motor,Motor,West,2026-09,1,1.0
P04341,Motor,Motor,West,2026-09,1,1.0
P04342,Motor,Motor,West,2026-09,1,1.0
P04343,Motor,Motor,West,2026-09,1,1.0
P04344,Motor,Motor,West,2026-09,1,1.0
P04345,Motor,Motor,West,2026-09,1,1.0
P04346,Motor,Motor,West,2026-09,1,1.0
P04347,Motor,Motor,West,2026-09,1,1.0
P04348,Motor,Motor,West,2026-09,1,1.0
P04349,Motor,Motor,West,2026-09,1,1.0
P04350,Motor,Motor,West,2026-09,1,1.0
P04351,Motor,Motor,West,2026-09,1,1.0
P04352,Motor,Motor,West,2026-09,1,1.0
P04353,Motor,Motor,West,2026-09,1,1.0
P04354,Motor,Motor,West,2026-09,1,1.0
P04355,Motor,Motor,West,2026-09,1,1.0
P04356,Motor,Motor,West,2026-09,1,1.0
P04357,Motor,Motor,West,2026-09,1,1.0
P04358,Motor,Motor,West,2026-09,1,1.0
P04359,Motor,Motor,West,2026-09,1,1.0
P04360,Motor,Motor,West,2026-09,1,1.0
P04361,Motor,Motor,West,2026-09,1,1.0
P04362,Motor,Motor,West,2026-09,1,1.0
P04363,Motor,Motor,West,2026-09,1,1.0
P04364,Motor,Motor,West,2026-09,1,1.0
P04365,Motor,Motor,West,2026-09,1,1.0
P04366,Motor,Motor,West,2026-09,1,1.0
P04367,Motor,Motor,West,2026-09,1,1.0
P04368,Motor,Motor,West,2026-09,1,1.0
P04369,Motor,Motor,West,2026-09,1,1.0
P04370,Motor,Motor,West,2026-09,1,1.0
P04371,Motor,Motor,West,2026-09,1,1.0
P04372,Motor,Motor,West,2026-09,1,1.0
P04373,Motor,Motor,West,2026-09,1,1.0
P04374,Motor,Motor,West,2026-09,1,1.0
P04375,Motor,Motor,West,2026-09,1,1.0
P04376,Motor,Motor,West,2026-09,1,1.0
P04377,Motor,Motor,West,2026-09,1,1.0
P04378,Motor,Motor,West,2026-09,1,1.0
P04379,Motor,Motor,West,2026-09,1,1.0
P04380,Motor,Motor,West,2026-09,1,1.0
P04381,Motor,Motor,West,2026-09,1,1.0
P04382,Motor,Motor,West,2026-09,1,1.0
P04383,Motor,Motor,West,2026-09,1,1.0
P04384,Motor,Motor,West,2026-09,1,1.0
P04385,Motor,Motor,West,2026-09,1,1.0
P04386,Motor,Motor,West,2026-09,1,1.0
P04387,Motor,Motor,West,2026-09,1,1.0
P04388,Motor,Motor,West,2026-09,1,1.0
P04389,Motor,Motor,West,2026-09,1,1.0
P04390,Motor,Motor,West,2026-09,1,1.0
P04391,Motor,Motor,West,2026-09,1,1.0
P04392,Motor,Motor,West,2026-09,1,1.0
P04393,Motor,Motor,West,2026-09,1,1.0
P04394,Motor,Motor,West,2026-09,1,1.0
P04395,Motor,Motor,West,2026-09,1,1.0
P04396,Motor,Motor,West,2026-09,1,1.0
P04397,Motor,Motor,West,2026-09,1,1.0
P04398,Motor,Motor,West,2026-09,1,1.0
P04399,Motor,Motor,West,2026-09,1,1.0
P04400,Motor,Motor,West,2026-09,1,1.0
P04401,Motor,Motor,West,2026-09,1,1.0
P04402,Motor,Motor,West,2026-09,1,1.0
P04403,Motor,Motor,West,2026-09,1,1.0
P04404,Motor,Motor,West,2026-09,1,1.0
P04405,Motor,Motor,West,2026-09,1,1.0
P04406,Motor,Motor,West,2026-09,1,1.0
P04407,Motor,Motor,West,2026-09,1,1.0
P04408,Motor,Motor,West,2026-09,1,1.0
P04409,Motor,Motor,West,2026-09,1,1.0
P04410,Motor,Motor,West,2026-09,1,1.0
P04411,Motor,Motor,West,2026-09,1,1.0
P04412,Motor,Motor,West,2026-09,1,1.0
P04413,Motor,Motor,West,2026-09,1,1.0
P04414,Motor,Motor,West,2026-09,1,1.0
P04415,Motor,Motor,West,2026-09,1,1.0
P04416,Motor,Motor,West,2026-09,1,1.0
P04417,Motor,Motor,West,2026-09,1,1.0
P04418,Motor,Motor,West,2026-09,1,1.0
P04419,Motor,Motor,West,2026-09,1,1.0
P04420,Motor,Motor,West,2026-09,1,1.0
P04421,Motor,Motor,West,2026-09,1,1.0
P04422,Motor,Motor,West,2026-09,1,1.0
P04423,Motor,Motor,West,2026-09,1,1.0
P04424,Motor,Motor,West,2026-09,1,1.0
P04425,Motor,Motor,West,2026-09,1,1.0
P04426,Motor,Motor,West,2026-09,1,1.0
P04427,Motor,Motor,West,2026-09,1,1.0
P04428,Motor,Motor,West,2026-09,1,1.0
P04429,Motor,Motor,West,2026-09,1,1.0
P04430,Motor,Motor,West,2026-09,1,1.0
P04431,Motor,Motor,West,2026-09,1,1.0
P04432,Motor,Motor,West,2026-09,1,1.0
P04433,Motor,Motor,West,2026-09,1,1.0
P04434,Motor,Motor,West,2026-09,1,1.0
P04435,Motor,Motor,West,2026-09,1,1.0
P04436,Motor,Motor,West,2026-09,1,1.0
P04437,Motor,Motor,West,2026-09,1,1.0
P04438,Motor,Motor,West,2026-09,1,1.0
P04439,Motor,Motor,West,2026-09,1,1.0
P04440,Motor,Motor,West,2026-09,1,1.0
P04441,Motor,Motor,West,2026-09,1,1.0
P04442,Motor,Motor,West,2026-09,1,1.0
P04443,Motor,Motor,West,2026-09,1,1.0
P04444,Motor,Motor,West,2026-09,1,1.0
P04445,Motor,Motor,West,2026-09,1,1.0
P04446,Motor,Motor,West,2026-09,1,1.0
P04447,Motor,Motor,West,2026-09,1,1.0
P04448,Motor,Motor,West,2026-09,1,1.0
P04449,Motor,Motor,West,2026-09,1,1.0
P04450,Motor,Motor,West,2026-09,1,1.0
P04451,Motor,Motor,West,2026-09,1,1.0
P04452,Motor,Motor,West,2026-09,1,1.0
P04453,Motor,Motor,West,2026-09,1,1.0
P04454,Motor,Motor,West,2026-09,1,1.0
P04455,Motor,Motor,West,2026-09,1,1.0
P04456,Motor,Motor,West,2026-09,1,1.0
P04457,Motor,Motor,West,2026-09,1,1.0
P04458,Motor,Motor,West,2026-09,1,1.0
P04459,Motor,Motor,West,2026-09,1,1.0
P04460,Motor,Motor,West,2026-09,1,1.0
P04461,Motor,Motor,West,2026-09,1,1.0
P04462,Motor,Motor,West,2026-09,1,1.0
P04463,Motor,Motor,West,2026-09,1,1.0
P04464,Motor,Motor,West,2026-09,1,1.0
P04465,Motor,Motor,West,2026-09,1,1.0
P04466,Motor,Motor,West,2026-09,1,1.0
P04467,Motor,Motor,West,2026-09,1,1.0
P04468,Motor,Motor,West,2026-09,1,1.0
P04469,Motor,Motor,West,2026-09,1,1.0
P04470,Motor,Motor,West,2026-09,1,1.0
P04471,Motor,Motor,West,2026-09,1,1.0
P04472,Motor,Motor,West,2026-09,1,1.0
P04473,Motor,Motor,West,2026-09,1,1.0
P04474,Motor,Motor,West,2026-09,1,1.0
P04475,Motor,Motor,West,2026-09,1,1.0
P04476,Motor,Motor,West,2026-09,1,1.0
P04477,Motor,Motor,West,2026-09,1,1.0
P04478,Motor,Motor,West,2026-09,1,1.0
P04479,Motor,Motor,West,2026-09,1,1.0
P04480,Motor,Motor,West,2026-09,1,1.0
P04481,Motor,Motor,West,2026-09,1,1.0
P04482,Motor,Motor,West,2026-09,1,1.0
P04483,Motor,Motor,West,2026-09,1,1.0
P04484,Motor,Motor,West,2026-09,1,1.0
P04485,Motor,Motor,West,2026-09,1,1.0
P04486,Motor,Motor,West,2026-09,1,1.0
P04487,Motor,Motor,West,2026-09,1,1.0
P04488,Motor,Motor,West,2026-09,1,1.0
P04489,Motor,Motor,West,2026-09,1,1.0
P04490,Motor,Motor,West,2026-09,1,1.0
P04491,Motor,Motor,West,2026-09,1,1.0
P04492,Motor,Motor,West,2026-09,1,1.0
P04493,Motor,Motor,West,2026-09,1,1.0
P04494,Motor,Motor,West,2026-09,1,1.0
P04495,Motor,Motor,West,2026-09,1,1.0
P04496,Motor,Motor,West,2026-09,1,1.0
P04497,Motor,Motor,West,2026-09,1,1.0
P04498,Motor,Motor,West,2026-09,1,1.0
P04499,Motor,Motor,West,2026-09,1,1.0
P04500,Motor,Motor,West,2026-09,1,1.0
P04501,Motor,Motor,West,2026-09,1,1.0
P04502,Motor,Motor,West,2026-09,1,1.0
P04503,Motor,Motor,West,2026-09,1,1.0
P04504,Motor,Motor,West,2026-09,1,1.0
P04505,Motor,Motor,West,2026-09,1,1.0
P04506,Motor,Motor,West,2026-09,1,1.0
P04507,Motor,Motor,West,2026-09,1,1.0
P04508,Motor,Motor,West,2026-09,1,1.0
P04509,Motor,Motor,West,2026-09,1,1.0
P04510,Motor,Motor,West,2026-09,1,1.0
P04511,Motor,Motor,West,2026-09,1,1.0
P04512,Motor,Motor,West,2026-09,1,1.0
P04513,Motor,Motor,West,2026-09,1,1.0
P04514,Motor,Motor,West,2026-09,1,1.0
P04515,Motor,Motor,West,2026-09,1,1.0
P04516,Motor,Motor,West,2026-09,1,1.0
P04517,Motor,Motor,West,2026-09,1,1.0
P04518,Motor,Motor,West,2026-09,1,1.0
P04519,Motor,Motor,West,2026-09,1,1.0
P04520,Motor,Motor,West,2026-09,1,1.0
P04521,Motor,Motor,West,2026-09,1,1.0
P04522,Motor,Motor,West,2026-09,1,1.0
P04523,Motor,Motor,West,2026-09,1,1.0
P04524,Health,Health,North,2026-09,1,1.0
P04525,Health,Health,North,2026-09,1,1.0
P04526,Health,Health,North,2026-09,1,1.0
P04527,Health,Health,North,2026-09,1,1.0
P04528,Health,Health,North,2026-09,1,1.0
P04529,Health,Health,North,2026-09,1,1.0
P04530,Health,Health,North,2026-09,1,1.0
P04531,Health,Health,North,2026-09,1,1.0
P04532,Health,Health,North,2026-09,1,1.0
P04533,Health,Health,North,2026-09,1,1.0
P04534,Health,Health,North,2026-09,1,1.0
P04535,Health,Health,North,2026-09,1,1.0
P04536,Health,Health,North,2026-09,1,1.0
P04537,Health,Health,North,2026-09,1,1.0
P04538,Health,Health,North,2026-09,1,1.0
P04539,Health,Health,North,2026-09,1,1.0
P04540,Health,Health,North,2026-09,1,1.0
P04541,Health,Health,North,2026-09,1,1.0
P04542,Health,Health,North,2026-09,1,1.0
P04543,Health,Health,North,2026-09,1,1.0
P04544,Health,Health,North,2026-09,1,1.0
P04545,Health,Health,North,2026-09,1,1.0
P04546,Health,Health,North,2026-09,1,1.0
P04547,Health,Health,North,2026-09,1,1.0
P04548,Health,Health,North,2026-09,1,1.0
P04549,Health,Health,North,2026-09,1,1.0
P04550,Health,Health,North,2026-09,1,1.0
P04551,Health,Health,North,2026-09,1,1.0
P04552,Health,Health,North,2026-09,1,1.0
P04553,Health,Health,North,2026-09,1,1.0
P04554,Health,Health,North,2026-09,1,1.0
P04555,Health,Health,North,2026-09,1,1.0
P04556,Health,Health,North,2026-09,1,1.0
P04557,Health,Health,North,2026-09,1,1.0
P04558,Health,Health,North,2026-09,1,1.0
P04559,Health,Health,North,2026-09,1,1.0
P04560,Health,Health,North,2026-09,1,1.0
P04561,Health,Health,North,2026-09,1,1.0
P04562,Health,Health,North,2026-09,1,1.0
P04563,Health,Health,North,2026-09,1,1.0
P04564,Health,Health,North,2026-09,1,1.0
P04565,Health,Health,North,2026-09,1,1.0
P04566,Health,Health,North,2026-09,1,1.0
P04567,Health,Health,North,2026-09,1,1.0
P04568,Health,Health,North,2026-09,1,1.0
P04569,Health,Health,North,2026-09,1,1.0
P04570,Health,Health,North,2026-09,1,1.0
P04571,Health,Health,North,2026-09,1,1.0
P04572,Health,Health,North,2026-09,1,1.0
P04573,Health,Health,North,2026-09,1,1.0
P04574,Health,Health,North,2026-09,1,1.0
P04575,Health,Health,North,2026-09,1,1.0
P04576,Health,Health,North,2026-09,1,1.0
P04577,Health,Health,North,2026-09,1,1.0
P04578,Health,Health,North,2026-09,1,1.0
P04579,Health,Health,North,2026-09,1,1.0
P04580,Health,Health,North,2026-09,1,1.0
P04581,Health,Health,North,2026-09,1,1.0
P04582,Health,Health,North,2026-09,1,1.0
P04583,Health,Health,North,2026-09,1,1.0
P04584,Health,Health,North,2026-09,1,1.0
P04585,Health,Health,North,2026-09,1,1.0
P04586,Health,Health,North,2026-09,1,1.0
P04587,Health,Health,North,2026-09,1,1.0
P04588,Health,Health,North,2026-09,1,1.0
P04589,Health,Health,North,2026-09,1,1.0
P04590,Health,Health,North,2026-09,1,1.0
P04591,Health,Health,North,2026-09,1,1.0
P04592,Health,Health,North,2026-09,1,1.0
P04593,Health,Health,North,2026-09,1,1.0
P04594,Health,Health,North,2026-09,1,1.0
P04595,Health,Health,North,2026-09,1,1.0
P04596,Health,Health,North,2026-09,1,1.0
P04597,Health,Health,North,2026-09,1,1.0
P04598,Health,Health,North,2026-09,1,1.0
P04599,Health,Health,North,2026-09,1,1.0
P04600,Health,Health,North,2026-09,1,1.0
P04601,Health,Health,North,2026-09,1,1.0
P04602,Health,Health,North,2026-09,1,1.0
P04603,Health,Health,North,2026-09,1,1.0
P04604,Health,Health,North,2026-09,1,1.0
P04605,Health,Health,North,2026-09,1,1.0
P04606,Health,Health,North,2026-09,1,1.0
P04607,Health,Health,North,2026-09,1,1.0
P04608,Health,Health,North,2026-09,1,1.0
P04609,Health,Health,North,2026-09,1,1.0
P04610,Health,Health,North,2026-09,1,1.0
P04611,Health,Health,North,2026-09,1,1.0
P04612,Health,Health,North,2026-09,1,1.0
P04613,Health,Health,North,2026-09,1,1.0
P04614,Health,Health,North,2026-09,1,1.0
P04615,Health,Health,North,2026-09,1,1.0
P04616,Health,Health,North,2026-09,1,1.0
P04617,Health,Health,North,2026-09,1,1.0
P04618,Health,Health,North,2026-09,1,1.0
P04619,Health,Health,North,2026-09,1,1.0
P04620,Health,Health,North,2026-09,1,1.0
P04621,Health,Health,North,2026-09,1,1.0
P04622,Health,Health,North,2026-09,1,1.0
P04623,Health,Health,North,2026-09,1,1.0
P04624,Health,Health,North,2026-09,1,1.0
P04625,Health,Health,North,2026-09,1,1.0
P04626,Health,Health,North,2026-09,1,1.0
P04627,Health,Health,North,2026-09,1,1.0
P04628,Health,Health,North,2026-09,1,1.0
P04629,Health,Health,North,2026-09,1,1.0
P04630,Health,Health,North,2026-09,1,1.0
P04631,Health,Health,North,2026-09,1,1.0
P04632,Health,Health,North,2026-09,1,1.0
P04633,Health,Health,North,2026-09,1,1.0
P04634,Health,Health,North,2026-09,1,1.0
P04635,Health,Health,North,2026-09,1,1.0
P04636,Health,Health,North,2026-09,1,1.0
P04637,Health,Health,North,2026-09,1,1.0
P04638,Health,Health,North,2026-09,1,1.0
P04639,Health,Health,North,2026-09,1,1.0
P04640,Health,Health,North,2026-09,1,1.0
P04641,Health,Health,North,2026-09,1,1.0
P04642,Health,Health,North,2026-09,1,1.0
P04643,Health,Health,North,2026-09,1,1.0
P04644,Health,Health,North,2026-09,1,1.0
P04645,Health,Health,North,2026-09,1,1.0
P04646,Health,Health,North,2026-09,1,1.0
P04647,Health,Health,North,2026-09,1,1.0
P04648,Health,Health,North,2026-09,1,1.0
P04649,Health,Health,North,2026-09,1,1.0
P04650,Health,Health,North,2026-09,1,1.0
P04651,Health,Health,North,2026-09,1,1.0
P04652,Health,Health,North,2026-09,1,1.0
P04653,Health,Health,North,2026-09,1,1.0
P04654,Health,Health,North,2026-09,1,1.0
P04655,Health,Health,North,2026-09,1,1.0
P04656,Health,Health,North,2026-09,1,1.0
P04657,Health,Health,North,2026-09,1,1.0
P04658,Health,Health,North,2026-09,1,1.0
P04659,Health,Health,North,2026-09,1,1.0
P04660,Health,Health,North,2026-09,1,1.0
P04661,Health,Health,North,2026-09,1,1.0
P04662,Health,Health,North,2026-09,1,1.0
P04663,Health,Health,North,2026-09,1,1.0
P04664,Health,Health,North,2026-09,1,1.0
P04665,Health,Health,North,2026-09,1,1.0
P04666,Health,Health,North,2026-09,1,1.0
P04667,Health,Health,North,2026-09,1,1.0
P04668,Health,Health,North,2026-09,1,1.0
P04669,Health,Health,North,2026-09,1,1.0
P04670,Health,Health,North,2026-09,1,1.0
P04671,Health,Health,North,2026-09,1,1.0
P04672,Health,Health,North,2026-09,1,1.0
P04673,Health,Health,North,2026-09,1,1.0
P04674,Health,Health,North,2026-09,1,1.0
P04675,Health,Health,North,2026-09,1,1.0
P04676,Health,Health,North,2026-09,1,1.0
P04677,Health,Health,North,2026-09,1,1.0
P04678,Health,Health,North,2026-09,1,1.0
P04679,Health,Health,North,2026-09,1,1.0
P04680,Health,Health,North,2026-09,1,1.0
P04681,Health,Health,North,2026-09,1,1.0
P04682,Health,Health,North,2026-09,1,1.0
P04683,Health,Health,North,2026-09,1,1.0
P04684,Health,Health,North,2026-09,1,1.0
P04685,Health,Health,North,2026-09,1,1.0
P04686,Health,Health,North,2026-09,1,1.0
P04687,Health,Health,North,2026-09,1,1.0
P04688,Health,Health,North,2026-09,1,1.0
P04689,Health,Health,North,2026-09,1,1.0
P04690,Health,Health,North,2026-09,1,1.0
P04691,Health,Health,North,2026-09,1,1.0
P04692,Health,Health,North,2026-09,1,1.0
P04693,Health,Health,North,2026-09,1,1.0
P04694,Health,Health,North,2026-09,1,1.0
P04695,Health,Health,North,2026-09,1,1.0
P04696,Health,Health,North,2026-09,1,1.0
P04697,Health,Health,North,2026-09,1,1.0
P04698,Health,Health,North,2026-09,1,1.0
P04699,Health,Health,North,2026-09,1,1.0
P04700,Health,Health,North,2026-09,1,1.0
P04701,Health,Health,North,2026-09,1,1.0
P04702,Health,Health,North,2026-09,1,1.0
P04703,Health,Health,North,2026-09,1,1.0
P04704,Health,Health,North,2026-09,1,1.0
P04705,Health,Health,North,2026-09,1,1.0
P04706,Health,Health,North,2026-09,1,1.0
P04707,Health,Health,North,2026-09,1,1.0
P04708,Health,Health,North,2026-09,1,1.0
P04709,Health,Health,North,2026-09,1,1.0
P04710,Health,Health,North,2026-09,1,1.0
P04711,Health,Health,North,2026-09,1,1.0
P04712,Health,Health,North,2026-09,1,1.0
P04713,Health,Health,North,2026-09,1,1.0
P04714,Health,Health,North,2026-09,1,1.0
P04715,Health,Health,North,2026-09,1,1.0
P04716,Health,Health,North,2026-09,1,1.0
P04717,Health,Health,North,2026-09,1,1.0
P04718,Health,Health,North,2026-09,1,1.0
P04719,Health,Health,North,2026-09,1,1.0
P04720,Health,Health,North,2026-09,1,1.0
P04721,Health,Health,North,2026-09,1,1.0
P04722,Health,Health,North,2026-09,1,1.0
P04723,Health,Health,North,2026-09,1,1.0
P04724,Health,Health,North,2026-09,1,1.0
P04725,Health,Health,North,2026-09,1,1.0
P04726,Health,Health,North,2026-09,1,1.0
P04727,Health,Health,North,2026-09,1,1.0
P04728,Health,Health,North,2026-09,1,1.0
P04729,Health,Health,North,2026-09,1,1.0
P04730,Health,Health,North,2026-09,1,1.0
P04731,Health,Health,North,2026-09,1,1.0
P04732,Health,Health,North,2026-09,1,1.0
P04733,Health,Health,North,2026-09,1,1.0
P04734,Health,Health,North,2026-09,1,1.0
P04735,Health,Health,North,2026-09,1,1.0
P04736,Health,Health,North,2026-09,1,1.0
P04737,Health,Health,North,2026-09,1,1.0
P04738,Health,Health,North,2026-09,1,1.0
P04739,Health,Health,North,2026-09,1,1.0
P04740,Health,Health,North,2026-09,1,1.0
P04741,Health,Health,North,2026-09,1,1.0
P04742,Health,Health,North,2026-09,1,1.0
P04743,Health,Health,North,2026-09,1,1.0
P04744,Health,Health,North,2026-09,1,1.0
P04745,Health,Health,North,2026-09,1,1.0
P04746,Health,Health,North,2026-09,1,1.0
P04747,Health,Health,North,2026-09,1,1.0
P04748,Health,Health,North,2026-09,1,1.0
P04749,Health,Health,North,2026-09,1,1.0
P04750,Health,Health,North,2026-09,1,1.0
P04751,Health,Health,North,2026-09,1,1.0
P04752,Health,Health,North,2026-09,1,1.0
P04753,Health,Health,North,2026-09,1,1.0
P04754,Health,Health,North,2026-09,1,1.0
P04755,Health,Health,North,2026-09,1,1.0
P04756,Health,Health,North,2026-09,1,1.0
P04757,Health,Health,North,2026-09,1,1.0
P04758,Health,Health,North,2026-09,1,1.0
P04759,Health,Health,North,2026-09,1,1.0
P04760,Health,Health,North,2026-09,1,1.0
P04761,Health,Health,North,2026-09,1,1.0
P04762,Health,Health,North,2026-09,1,1.0
P04763,Health,Health,North,2026-09,1,1.0
P04764,Health,Health,South,2026-09,1,1.0
P04765,Health,Health,South,2026-09,1,1.0
P04766,Health,Health,South,2026-09,1,1.0
P04767,Health,Health,South,2026-09,1,1.0
P04768,Health,Health,South,2026-09,1,1.0
P04769,Health,Health,South,2026-09,1,1.0
P04770,Health,Health,South,2026-09,1,1.0
P04771,Health,Health,South,2026-09,1,1.0
P04772,Health,Health,South,2026-09,1,1.0
P04773,Health,Health,South,2026-09,1,1.0
P04774,Health,Health,South,2026-09,1,1.0
P04775,Health,Health,South,2026-09,1,1.0
P04776,Health,Health,South,2026-09,1,1.0
P04777,Health,Health,South,2026-09,1,1.0
P04778,Health,Health,South,2026-09,1,1.0
P04779,Health,Health,South,2026-09,1,1.0
P04780,Health,Health,South,2026-09,1,1.0
P04781,Health,Health,South,2026-09,1,1.0
P04782,Health,Health,South,2026-09,1,1.0
P04783,Health,Health,South,2026-09,1,1.0
P04784,Health,Health,South,2026-09,1,1.0
P04785,Health,Health,South,2026-09,1,1.0
P04786,Health,Health,South,2026-09,1,1.0
P04787,Health,Health,South,2026-09,1,1.0
P04788,Health,Health,South,2026-09,1,1.0
P04789,Health,Health,South,2026-09,1,1.0
P04790,Health,Health,South,2026-09,1,1.0
P04791,Health,Health,South,2026-09,1,1.0
P04792,Health,Health,South,2026-09,1,1.0
P04793,Health,Health,South,2026-09,1,1.0
P04794,Health,Health,South,2026-09,1,1.0
P04795,Health,Health,South,2026-09,1,1.0
P04796,Health,Health,South,2026-09,1,1.0
P04797,Health,Health,South,2026-09,1,1.0
P04798,Health,Health,South,2026-09,1,1.0
P04799,Health,Health,South,2026-09,1,1.0
P04800,Health,Health,South,2026-09,1,1.0
P04801,Health,Health,South,2026-09,1,1.0
P04802,Health,Health,South,2026-09,1,1.0
P04803,Health,Health,South,2026-09,1,1.0
P04804,Health,Health,South,2026-09,1,1.0
P04805,Health,Health,South,2026-09,1,1.0
P04806,Health,Health,South,2026-09,1,1.0
P04807,Health,Health,South,2026-09,1,1.0
P04808,Health,Health,South,2026-09,1,1.0
P04809,Health,Health,South,2026-09,1,1.0
P04810,Health,Health,South,2026-09,1,1.0
P04811,Health,Health,South,2026-09,1,1.0
P04812,Health,Health,South,2026-09,1,1.0
P04813,Health,Health,South,2026-09,1,1.0
P04814,Health,Health,South,2026-09,1,1.0
P04815,Health,Health,South,2026-09,1,1.0
P04816,Health,Health,South,2026-09,1,1.0
P04817,Health,Health,South,2026-09,1,1.0
P04818,Health,Health,South,2026-09,1,1.0
P04819,Health,Health,South,2026-09,1,1.0
P04820,Health,Health,South,2026-09,1,1.0
P04821,Health,Health,South,2026-09,1,1.0
P04822,Health,Health,South,2026-09,1,1.0
P04823,Health,Health,South,2026-09,1,1.0
P04824,Health,Health,South,2026-09,1,1.0
P04825,Health,Health,South,2026-09,1,1.0
P04826,Health,Health,South,2026-09,1,1.0
P04827,Health,Health,South,2026-09,1,1.0
P04828,Health,Health,South,2026-09,1,1.0
P04829,Health,Health,South,2026-09,1,1.0
P04830,Health,Health,South,2026-09,1,1.0
P04831,Health,Health,South,2026-09,1,1.0
P04832,Health,Health,South,2026-09,1,1.0
P04833,Health,Health,South,2026-09,1,1.0
P04834,Health,Health,South,2026-09,1,1.0
P04835,Health,Health,South,2026-09,1,1.0
P04836,Health,Health,South,2026-09,1,1.0
P04837,Health,Health,South,2026-09,1,1.0
P04838,Health,Health,South,2026-09,1,1.0
P04839,Health,Health,South,2026-09,1,1.0
P04840,Health,Health,South,2026-09,1,1.0
P04841,Health,Health,South,2026-09,1,1.0
P04842,Health,Health,South,2026-09,1,1.0
P04843,Health,Health,South,2026-09,1,1.0
P04844,Health,Health,South,2026-09,1,1.0
P04845,Health,Health,South,2026-09,1,1.0
P04846,Health,Health,South,2026-09,1,1.0
P04847,Health,Health,South,2026-09,1,1.0
P04848,Health,Health,South,2026-09,1,1.0
P04849,Health,Health,South,2026-09,1,1.0
P04850,Health,Health,South,2026-09,1,1.0
P04851,Health,Health,South,2026-09,1,1.0
P04852,Health,Health,South,2026-09,1,1.0
P04853,Health,Health,South,2026-09,1,1.0
P04854,Health,Health,South,2026-09,1,1.0
P04855,Health,Health,South,2026-09,1,1.0
P04856,Health,Health,South,2026-09,1,1.0
P04857,Health,Health,South,2026-09,1,1.0
P04858,Health,Health,South,2026-09,1,1.0
P04859,Health,Health,South,2026-09,1,1.0
P04860,Health,Health,South,2026-09,1,1.0
P04861,Health,Health,South,2026-09,1,1.0
P04862,Health,Health,South,2026-09,1,1.0
P04863,Health,Health,South,2026-09,1,1.0
P04864,Health,Health,South,2026-09,1,1.0
P04865,Health,Health,South,2026-09,1,1.0
P04866,Health,Health,South,2026-09,1,1.0
P04867,Health,Health,South,2026-09,1,1.0
P04868,Health,Health,South,2026-09,1,1.0
P04869,Health,Health,South,2026-09,1,1.0
P04870,Health,Health,South,2026-09,1,1.0
P04871,Health,Health,South,2026-09,1,1.0
P04872,Health,Health,South,2026-09,1,1.0
P04873,Health,Health,South,2026-09,1,1.0
P04874,Health,Health,South,2026-09,1,1.0
P04875,Health,Health,South,2026-09,1,1.0
P04876,Health,Health,South,2026-09,1,1.0
P04877,Health,Health,South,2026-09,1,1.0
P04878,Health,Health,South,2026-09,1,1.0
P04879,Health,Health,South,2026-09,1,1.0
P04880,Health,Health,South,2026-09,1,1.0
P04881,Health,Health,South,2026-09,1,1.0
P04882,Health,Health,South,2026-09,1,1.0
P04883,Health,Health,South,2026-09,1,1.0
P04884,Health,Health,South,2026-09,1,1.0
P04885,Health,Health,South,2026-09,1,1.0
P04886,Health,Health,South,2026-09,1,1.0
P04887,Health,Health,South,2026-09,1,1.0
P04888,Health,Health,South,2026-09,1,1.0
P04889,Health,Health,South,2026-09,1,1.0
P04890,Health,Health,South,2026-09,1,1.0
P04891,Health,Health,South,2026-09,1,1.0
P04892,Health,Health,South,2026-09,1,1.0
P04893,Health,Health,South,2026-09,1,1.0
P04894,Health,Health,South,2026-09,1,1.0
P04895,Health,Health,South,2026-09,1,1.0
P04896,Health,Health,South,2026-09,1,1.0
P04897,Health,Health,South,2026-09,1,1.0
P04898,Health,Health,South,2026-09,1,1.0
P04899,Health,Health,South,2026-09,1,1.0
P04900,Health,Health,South,2026-09,1,1.0
P04901,Health,Health,South,2026-09,1,1.0
P04902,Health,Health,South,2026-09,1,1.0
P04903,Health,Health,South,2026-09,1,1.0
P04904,Health,Health,South,2026-09,1,1.0
P04905,Health,Health,South,2026-09,1,1.0
P04906,Health,Health,South,2026-09,1,1.0
P04907,Health,Health,South,2026-09,1,1.0
P04908,Health,Health,South,2026-09,1,1.0
P04909,Health,Health,South,2026-09,1,1.0
P04910,Health,Health,South,2026-09,1,1.0
P04911,Health,Health,South,2026-09,1,1.0
P04912,Health,Health,South,2026-09,1,1.0
P04913,Health,Health,South,2026-09,1,1.0
P04914,Health,Health,South,2026-09,1,1.0
P04915,Health,Health,South,2026-09,1,1.0
P04916,Health,Health,South,2026-09,1,1.0
P04917,Health,Health,South,2026-09,1,1.0
P04918,Health,Health,South,2026-09,1,1.0
P04919,Health,Health,South,2026-09,1,1.0
P04920,Health,Health,South,2026-09,1,1.0
P04921,Health,Health,South,2026-09,1,1.0
P04922,Health,Health,South,2026-09,1,1.0
P04923,Health,Health,South,2026-09,1,1.0
P04924,Health,Health,South,2026-09,1,1.0
P04925,Health,Health,South,2026-09,1,1.0
P04926,Health,Health,South,2026-09,1,1.0
P04927,Health,Health,South,2026-09,1,1.0
P04928,Health,Health,South,2026-09,1,1.0
P04929,Health,Health,South,2026-09,1,1.0
P04930,Health,Health,South,2026-09,1,1.0
P04931,Health,Health,South,2026-09,1,1.0
P04932,Health,Health,South,2026-09,1,1.0
P04933,Health,Health,South,2026-09,1,1.0
P04934,Health,Health,South,2026-09,1,1.0
P04935,Health,Health,South,2026-09,1,1.0
P04936,Health,Health,South,2026-09,1,1.0
P04937,Health,Health,South,2026-09,1,1.0
P04938,Health,Health,South,2026-09,1,1.0
P04939,Health,Health,South,2026-09,1,1.0
P04940,Health,Health,South,2026-09,1,1.0
P04941,Health,Health,South,2026-09,1,1.0
P04942,Health,Health,South,2026-09,1,1.0
P04943,Health,Health,South,2026-09,1,1.0
P04944,Health,Health,South,2026-09,1,1.0
P04945,Health,Health,South,2026-09,1,1.0
P04946,Health,Health,South,2026-09,1,1.0
P04947,Health,Health,South,2026-09,1,1.0
P04948,Health,Health,South,2026-09,1,1.0
P04949,Health,Health,South,2026-09,1,1.0
P04950,Health,Health,South,2026-09,1,1.0
P04951,Health,Health,South,2026-09,1,1.0
P04952,Health,Health,South,2026-09,1,1.0
P04953,Health,Health,South,2026-09,1,1.0
P04954,Health,Health,South,2026-09,1,1.0
P04955,Health,Health,South,2026-09,1,1.0
P04956,Health,Health,South,2026-09,1,1.0
P04957,Health,Health,South,2026-09,1,1.0
P04958,Health,Health,South,2026-09,1,1.0
P04959,Health,Health,South,2026-09,1,1.0
P04960,Health,Health,South,2026-09,1,1.0
P04961,Health,Health,South,2026-09,1,1.0
P04962,Health,Health,South,2026-09,1,1.0
P04963,Health,Health,South,2026-09,1,1.0
P04964,Health,Health,South,2026-09,1,1.0
P04965,Health,Health,South,2026-09,1,1.0
P04966,Health,Health,South,2026-09,1,1.0
P04967,Health,Health,South,2026-09,1,1.0
P04968,Health,Health,South,2026-09,1,1.0
P04969,Health,Health,South,2026-09,1,1.0
P04970,Health,Health,South,2026-09,1,1.0
P04971,Health,Health,South,2026-09,1,1.0
P04972,Health,Health,South,2026-09,1,1.0
P04973,Health,Health,South,2026-09,1,1.0
P04974,Health,Health,South,2026-09,1,1.0
P04975,Health,Health,South,2026-09,1,1.0
P04976,Health,Health,South,2026-09,1,1.0
P04977,Health,Health,South,2026-09,1,1.0
P04978,Health,Health,South,2026-09,1,1.0
P04979,Health,Health,South,2026-09,1,1.0
P04980,Health,Health,South,2026-09,1,1.0
P04981,Health,Health,South,2026-09,1,1.0
P04982,Health,Health,South,2026-09,1,1.0
P04983,Health,Health,South,2026-09,1,1.0
P04984,Health,Health,South,2026-09,1,1.0
P04985,Health,Health,South,2026-09,1,1.0
P04986,Health,Health,South,2026-09,1,1.0
P04987,Health,Health,South,2026-09,1,1.0
P04988,Health,Health,South,2026-09,1,1.0
P04989,Health,Health,South,2026-09,1,1.0
P04990,Health,Health,South,2026-09,1,1.0
P04991,Health,Health,South,2026-09,1,1.0
P04992,Health,Health,South,2026-09,1,1.0
P04993,Health,Health,South,2026-09,1,1.0
P04994,Health,Health,East,2026-09,1,1.0
P04995,Health,Health,East,2026-09,1,1.0
P04996,Health,Health,East,2026-09,1,1.0
P04997,Health,Health,East,2026-09,1,1.0
P04998,Health,Health,East,2026-09,1,1.0
P04999,Health,Health,East,2026-09,1,1.0
P05000,Health,Health,East,2026-09,1,1.0
P05001,Health,Health,East,2026-09,1,1.0
P05002,Health,Health,East,2026-09,1,1.0
P05003,Health,Health,East,2026-09,1,1.0
P05004,Health,Health,East,2026-09,1,1.0
P05005,Health,Health,East,2026-09,1,1.0
P05006,Health,Health,East,2026-09,1,1.0
P05007,Health,Health,East,2026-09,1,1.0
P05008,Health,Health,East,2026-09,1,1.0
P05009,Health,Health,East,2026-09,1,1.0
P05010,Health,Health,East,2026-09,1,1.0
P05011,Health,Health,East,2026-09,1,1.0
P05012,Health,Health,East,2026-09,1,1.0
P05013,Health,Health,East,2026-09,1,1.0
P05014,Health,Health,East,2026-09,1,1.0
P05015,Health,Health,East,2026-09,1,1.0
P05016,Health,Health,East,2026-09,1,1.0
P05017,Health,Health,East,2026-09,1,1.0
P05018,Health,Health,East,2026-09,1,1.0
P05019,Health,Health,East,2026-09,1,1.0
P05020,Health,Health,East,2026-09,1,1.0
P05021,Health,Health,East,2026-09,1,1.0
P05022,Health,Health,East,2026-09,1,1.0
P05023,Health,Health,East,2026-09,1,1.0
P05024,Health,Health,East,2026-09,1,1.0
P05025,Health,Health,East,2026-09,1,1.0
P05026,Health,Health,East,2026-09,1,1.0
P05027,Health,Health,East,2026-09,1,1.0
P05028,Health,Health,East,2026-09,1,1.0
P05029,Health,Health,East,2026-09,1,1.0
P05030,Health,Health,East,2026-09,1,1.0
P05031,Health,Health,East,2026-09,1,1.0
P05032,Health,Health,East,2026-09,1,1.0
P05033,Health,Health,East,2026-09,1,1.0
P05034,Health,Health,East,2026-09,1,1.0
P05035,Health,Health,East,2026-09,1,1.0
P05036,Health,Health,East,2026-09,1,1.0
P05037,Health,Health,East,2026-09,1,1.0
P05038,Health,Health,East,2026-09,1,1.0
P05039,Health,Health,East,2026-09,1,1.0
P05040,Health,Health,East,2026-09,1,1.0
P05041,Health,Health,East,2026-09,1,1.0
P05042,Health,Health,East,2026-09,1,1.0
P05043,Health,Health,East,2026-09,1,1.0
P05044,Health,Health,East,2026-09,1,1.0
P05045,Health,Health,East,2026-09,1,1.0
P05046,Health,Health,East,2026-09,1,1.0
P05047,Health,Health,East,2026-09,1,1.0
P05048,Health,Health,East,2026-09,1,1.0
P05049,Health,Health,East,2026-09,1,1.0
P05050,Health,Health,East,2026-09,1,1.0
P05051,Health,Health,East,2026-09,1,1.0
P05052,Health,Health,East,2026-09,1,1.0
P05053,Health,Health,East,2026-09,1,1.0
P05054,Health,Health,East,2026-09,1,1.0
P05055,Health,Health,East,2026-09,1,1.0
P05056,Health,Health,East,2026-09,1,1.0
P05057,Health,Health,East,2026-09,1,1.0
P05058,Health,Health,East,2026-09,1,1.0
P05059,Health,Health,East,2026-09,1,1.0
P05060,Health,Health,East,2026-09,1,1.0
P05061,Health,Health,East,2026-09,1,1.0
P05062,Health,Health,East,2026-09,1,1.0
P05063,Health,Health,East,2026-09,1,1.0
P05064,Health,Health,East,2026-09,1,1.0
P05065,Health,Health,East,2026-09,1,1.0
P05066,Health,Health,East,2026-09,1,1.0
P05067,Health,Health,East,2026-09,1,1.0
P05068,Health,Health,East,2026-09,1,1.0
P05069,Health,Health,East,2026-09,1,1.0
P05070,Health,Health,East,2026-09,1,1.0
P05071,Health,Health,East,2026-09,1,1.0
P05072,Health,Health,East,2026-09,1,1.0
P05073,Health,Health,East,2026-09,1,1.0
P05074,Health,Health,East,2026-09,1,1.0
P05075,Health,Health,East,2026-09,1,1.0
P05076,Health,Health,East,2026-09,1,1.0
P05077,Health,Health,East,2026-09,1,1.0
P05078,Health,Health,East,2026-09,1,1.0
P05079,Health,Health,East,2026-09,1,1.0
P05080,Health,Health,East,2026-09,1,1.0
P05081,Health,Health,East,2026-09,1,1.0
P05082,Health,Health,East,2026-09,1,1.0
P05083,Health,Health,East,2026-09,1,1.0
P05084,Health,Health,East,2026-09,1,1.0
P05085,Health,Health,East,2026-09,1,1.0
P05086,Health,Health,East,2026-09,1,1.0
P05087,Health,Health,East,2026-09,1,1.0
P05088,Health,Health,East,2026-09,1,1.0
P05089,Health,Health,East,2026-09,1,1.0
P05090,Health,Health,East,2026-09,1,1.0
P05091,Health,Health,East,2026-09,1,1.0
P05092,Health,Health,East,2026-09,1,1.0
P05093,Health,Health,East,2026-09,1,1.0
P05094,Health,Health,East,2026-09,1,1.0
P05095,Health,Health,East,2026-09,1,1.0
P05096,Health,Health,East,2026-09,1,1.0
P05097,Health,Health,East,2026-09,1,1.0
P05098,Health,Health,East,2026-09,1,1.0
P05099,Health,Health,East,2026-09,1,1.0
P05100,Health,Health,East,2026-09,1,1.0
P05101,Health,Health,East,2026-09,1,1.0
P05102,Health,Health,East,2026-09,1,1.0
P05103,Health,Health,East,2026-09,1,1.0
P05104,Health,Health,East,2026-09,1,1.0
P05105,Health,Health,East,2026-09,1,1.0
P05106,Health,Health,East,2026-09,1,1.0
P05107,Health,Health,East,2026-09,1,1.0
P05108,Health,Health,East,2026-09,1,1.0
P05109,Health,Health,East,2026-09,1,1.0
P05110,Health,Health,East,2026-09,1,1.0
P05111,Health,Health,East,2026-09,1,1.0
P05112,Health,Health,East,2026-09,1,1.0
P05113,Health,Health,East,2026-09,1,1.0
P05114,Health,Health,East,2026-09,1,1.0
P05115,Health,Health,East,2026-09,1,1.0
P05116,Health,Health,East,2026-09,1,1.0
P05117,Health,Health,East,2026-09,1,1.0
P05118,Health,Health,East,2026-09,1,1.0
P05119,Health,Health,East,2026-09,1,1.0
P05120,Health,Health,East,2026-09,1,1.0
P05121,Health,Health,East,2026-09,1,1.0
P05122,Health,Health,East,2026-09,1,1.0
P05123,Health,Health,East,2026-09,1,1.0
P05124,Health,Health,East,2026-09,1,1.0
P05125,Health,Health,East,2026-09,1,1.0
P05126,Health,Health,East,2026-09,1,1.0
P05127,Health,Health,East,2026-09,1,1.0
P05128,Health,Health,East,2026-09,1,1.0
P05129,Health,Health,East,2026-09,1,1.0
P05130,Health,Health,East,2026-09,1,1.0
P05131,Health,Health,East,2026-09,1,1.0
P05132,Health,Health,East,2026-09,1,1.0
P05133,Health,Health,East,2026-09,1,1.0
P05134,Health,Health,East,2026-09,1,1.0
P05135,Health,Health,East,2026-09,1,1.0
P05136,Health,Health,East,2026-09,1,1.0
P05137,Health,Health,East,2026-09,1,1.0
P05138,Health,Health,East,2026-09,1,1.0
P05139,Health,Health,East,2026-09,1,1.0
P05140,Health,Health,East,2026-09,1,1.0
P05141,Health,Health,East,2026-09,1,1.0
P05142,Health,Health,East,2026-09,1,1.0
P05143,Health,Health,East,2026-09,1,1.0
P05144,Health,Health,East,2026-09,1,1.0
P05145,Health,Health,East,2026-09,1,1.0
P05146,Health,Health,East,2026-09,1,1.0
P05147,Health,Health,East,2026-09,1,1.0
P05148,Health,Health,East,2026-09,1,1.0
P05149,Health,Health,East,2026-09,1,1.0
P05150,Health,Health,East,2026-09,1,1.0
P05151,Health,Health,East,2026-09,1,1.0
P05152,Health,Health,East,2026-09,1,1.0
P05153,Health,Health,East,2026-09,1,1.0
P05154,Health,Health,East,2026-09,1,1.0
P05155,Health,Health,East,2026-09,1,1.0
P05156,Health,Health,East,2026-09,1,1.0
P05157,Health,Health,East,2026-09,1,1.0
P05158,Health,Health,East,2026-09,1,1.0
P05159,Health,Health,East,2026-09,1,1.0
P05160,Health,Health,East,2026-09,1,1.0
P05161,Health,Health,East,2026-09,1,1.0
P05162,Health,Health,East,2026-09,1,1.0
P05163,Health,Health,East,2026-09,1,1.0
P05164,Health,Health,East,2026-09,1,1.0
P05165,Health,Health,East,2026-09,1,1.0
P05166,Health,Health,East,2026-09,1,1.0
P05167,Health,Health,East,2026-09,1,1.0
P05168,Health,Health,East,2026-09,1,1.0
P05169,Health,Health,East,2026-09,1,1.0
P05170,Health,Health,East,2026-09,1,1.0
P05171,Health,Health,East,2026-09,1,1.0
P05172,Health,Health,East,2026-09,1,1.0
P05173,Health,Health,East,2026-09,1,1.0
P05174,Health,Health,East,2026-09,1,1.0
P05175,Health,Health,East,2026-09,1,1.0
P05176,Health,Health,East,2026-09,1,1.0
P05177,Health,Health,East,2026-09,1,1.0
P05178,Health,Health,East,2026-09,1,1.0
P05179,Health,Health,East,2026-09,1,1.0
P05180,Health,Health,East,2026-09,1,1.0
P05181,Health,Health,East,2026-09,1,1.0
P05182,Health,Health,East,2026-09,1,1.0
P05183,Health,Health,East,2026-09,1,1.0
P05184,Health,Health,East,2026-09,1,1.0
P05185,Health,Health,East,2026-09,1,1.0
P05186,Health,Health,East,2026-09,1,1.0
P05187,Health,Health,East,2026-09,1,1.0
P05188,Health,Health,East,2026-09,1,1.0
P05189,Health,Health,East,2026-09,1,1.0
P05190,Health,Health,East,2026-09,1,1.0
P05191,Health,Health,East,2026-09,1,1.0
P05192,Health,Health,East,2026-09,1,1.0
P05193,Health,Health,East,2026-09,1,1.0
P05194,Health,Health,East,2026-09,1,1.0
P05195,Health,Health,East,2026-09,1,1.0
P05196,Health,Health,East,2026-09,1,1.0
P05197,Health,Health,East,2026-09,1,1.0
P05198,Health,Health,East,2026-09,1,1.0
P05199,Health,Health,East,2026-09,1,1.0
P05200,Health,Health,East,2026-09,1,1.0
P05201,Health,Health,East,2026-09,1,1.0
P05202,Health,Health,East,2026-09,1,1.0
P05203,Health,Health,East,2026-09,1,1.0
P05204,Health,Health,East,2026-09,1,1.0
P05205,Health,Health,East,2026-09,1,1.0
P05206,Health,Health,East,2026-09,1,1.0
P05207,Health,Health,East,2026-09,1,1.0
P05208,Health,Health,East,2026-09,1,1.0
P05209,Health,Health,East,2026-09,1,1.0
P05210,Health,Health,East,2026-09,1,1.0
P05211,Health,Health,East,2026-09,1,1.0
P05212,Health,Health,East,2026-09,1,1.0
P05213,Health,Health,East,2026-09,1,1.0
P05214,Health,Health,West,2026-09,1,1.0
P05215,Health,Health,West,2026-09,1,1.0
P05216,Health,Health,West,2026-09,1,1.0
P05217,Health,Health,West,2026-09,1,1.0
P05218,Health,Health,West,2026-09,1,1.0
P05219,Health,Health,West,2026-09,1,1.0
P05220,Health,Health,West,2026-09,1,1.0
P05221,Health,Health,West,2026-09,1,1.0
P05222,Health,Health,West,2026-09,1,1.0
P05223,Health,Health,West,2026-09,1,1.0
P05224,Health,Health,West,2026-09,1,1.0
P05225,Health,Health,West,2026-09,1,1.0
P05226,Health,Health,West,2026-09,1,1.0
P05227,Health,Health,West,2026-09,1,1.0
P05228,Health,Health,West,2026-09,1,1.0
P05229,Health,Health,West,2026-09,1,1.0
P05230,Health,Health,West,2026-09,1,1.0
P05231,Health,Health,West,2026-09,1,1.0
P05232,Health,Health,West,2026-09,1,1.0
P05233,Health,Health,West,2026-09,1,1.0
P05234,Health,Health,West,2026-09,1,1.0
P05235,Health,Health,West,2026-09,1,1.0
P05236,Health,Health,West,2026-09,1,1.0
P05237,Health,Health,West,2026-09,1,1.0
P05238,Health,Health,West,2026-09,1,1.0
P05239,Health,Health,West,2026-09,1,1.0
P05240,Health,Health,West,2026-09,1,1.0
P05241,Health,Health,West,2026-09,1,1.0
P05242,Health,Health,West,2026-09,1,1.0
P05243,Health,Health,West,2026-09,1,1.0
P05244,Health,Health,West,2026-09,1,1.0
P05245,Health,Health,West,2026-09,1,1.0
P05246,Health,Health,West,2026-09,1,1.0
P05247,Health,Health,West,2026-09,1,1.0
P05248,Health,Health,West,2026-09,1,1.0
P05249,Health,Health,West,2026-09,1,1.0
P05250,Health,Health,West,2026-09,1,1.0
P05251,Health,Health,West,2026-09,1,1.0
P05252,Health,Health,West,2026-09,1,1.0
P05253,Health,Health,West,2026-09,1,1.0
P05254,Health,Health,West,2026-09,1,1.0
P05255,Health,Health,West,2026-09,1,1.0
P05256,Health,Health,West,2026-09,1,1.0
P05257,Health,Health,West,2026-09,1,1.0
P05258,Health,Health,West,2026-09,1,1.0
P05259,Health,Health,West,2026-09,1,1.0
P05260,Health,Health,West,2026-09,1,1.0
P05261,Health,Health,West,2026-09,1,1.0
P05262,Health,Health,West,2026-09,1,1.0
P05263,Health,Health,West,2026-09,1,1.0
P05264,Health,Health,West,2026-09,1,1.0
P05265,Health,Health,West,2026-09,1,1.0
P05266,Health,Health,West,2026-09,1,1.0
P05267,Health,Health,West,2026-09,1,1.0
P05268,Health,Health,West,2026-09,1,1.0
P05269,Health,Health,West,2026-09,1,1.0
P05270,Health,Health,West,2026-09,1,1.0
P05271,Health,Health,West,2026-09,1,1.0
P05272,Health,Health,West,2026-09,1,1.0
P05273,Health,Health,West,2026-09,1,1.0
P05274,Health,Health,West,2026-09,1,1.0
P05275,Health,Health,West,2026-09,1,1.0
P05276,Health,Health,West,2026-09,1,1.0
P05277,Health,Health,West,2026-09,1,1.0
P05278,Health,Health,West,2026-09,1,1.0
P05279,Health,Health,West,2026-09,1,1.0
P05280,Health,Health,West,2026-09,1,1.0
P05281,Health,Health,West,2026-09,1,1.0
P05282,Health,Health,West,2026-09,1,1.0
P05283,Health,Health,West,2026-09,1,1.0
P05284,Health,Health,West,2026-09,1,1.0
P05285,Health,Health,West,2026-09,1,1.0
P05286,Health,Health,West,2026-09,1,1.0
P05287,Health,Health,West,2026-09,1,1.0
P05288,Health,Health,West,2026-09,1,1.0
P05289,Health,Health,West,2026-09,1,1.0
P05290,Health,Health,West,2026-09,1,1.0
P05291,Health,Health,West,2026-09,1,1.0
P05292,Health,Health,West,2026-09,1,1.0
P05293,Health,Health,West,2026-09,1,1.0
P05294,Health,Health,West,2026-09,1,1.0
P05295,Health,Health,West,2026-09,1,1.0
P05296,Health,Health,West,2026-09,1,1.0
P05297,Health,Health,West,2026-09,1,1.0
P05298,Health,Health,West,2026-09,1,1.0
P05299,Health,Health,West,2026-09,1,1.0
P05300,Health,Health,West,2026-09,1,1.0
P05301,Health,Health,West,2026-09,1,1.0
P05302,Health,Health,West,2026-09,1,1.0
P05303,Health,Health,West,2026-09,1,1.0
P05304,Health,Health,West,2026-09,1,1.0
P05305,Health,Health,West,2026-09,1,1.0
P05306,Health,Health,West,2026-09,1,1.0
P05307,Health,Health,West,2026-09,1,1.0
P05308,Health,Health,West,2026-09,1,1.0
P05309,Health,Health,West,2026-09,1,1.0
P05310,Health,Health,West,2026-09,1,1.0
P05311,Health,Health,West,2026-09,1,1.0
P05312,Health,Health,West,2026-09,1,1.0
P05313,Health,Health,West,2026-09,1,1.0
P05314,Health,Health,West,2026-09,1,1.0
P05315,Health,Health,West,2026-09,1,1.0
P05316,Health,Health,West,2026-09,1,1.0
P05317,Health,Health,West,2026-09,1,1.0
P05318,Health,Health,West,2026-09,1,1.0
P05319,Health,Health,West,2026-09,1,1.0
P05320,Health,Health,West,2026-09,1,1.0
P05321,Health,Health,West,2026-09,1,1.0
P05322,Health,Health,West,2026-09,1,1.0
P05323,Health,Health,West,2026-09,1,1.0
P05324,Health,Health,West,2026-09,1,1.0
P05325,Health,Health,West,2026-09,1,1.0
P05326,Health,Health,West,2026-09,1,1.0
P05327,Health,Health,West,2026-09,1,1.0
P05328,Health,Health,West,2026-09,1,1.0
P05329,Health,Health,West,2026-09,1,1.0
P05330,Health,Health,West,2026-09,1,1.0
P05331,Health,Health,West,2026-09,1,1.0
P05332,Health,Health,West,2026-09,1,1.0
P05333,Health,Health,West,2026-09,1,1.0
P05334,Health,Health,West,2026-09,1,1.0
P05335,Health,Health,West,2026-09,1,1.0
P05336,Health,Health,West,2026-09,1,1.0
P05337,Health,Health,West,2026-09,1,1.0
P05338,Health,Health,West,2026-09,1,1.0
P05339,Health,Health,West,2026-09,1,1.0
P05340,Health,Health,West,2026-09,1,1.0
P05341,Health,Health,West,2026-09,1,1.0
P05342,Health,Health,West,2026-09,1,1.0
P05343,Health,Health,West,2026-09,1,1.0
P05344,Health,Health,West,2026-09,1,1.0
P05345,Health,Health,West,2026-09,1,1.0
P05346,Health,Health,West,2026-09,1,1.0
P05347,Health,Health,West,2026-09,1,1.0
P05348,Health,Health,West,2026-09,1,1.0
P05349,Health,Health,West,2026-09,1,1.0
P05350,Health,Health,West,2026-09,1,1.0
P05351,Health,Health,West,2026-09,1,1.0
P05352,Health,Health,West,2026-09,1,1.0
P05353,Health,Health,West,2026-09,1,1.0
P05354,Health,Health,West,2026-09,1,1.0
P05355,Health,Health,West,2026-09,1,1.0
P05356,Health,Health,West,2026-09,1,1.0
P05357,Health,Health,West,2026-09,1,1.0
P05358,Health,Health,West,2026-09,1,1.0
P05359,Health,Health,West,2026-09,1,1.0
P05360,Health,Health,West,2026-09,1,1.0
P05361,Health,Health,West,2026-09,1,1.0
P05362,Health,Health,West,2026-09,1,1.0
P05363,Health,Health,West,2026-09,1,1.0
P05364,Health,Health,West,2026-09,1,1.0
P05365,Health,Health,West,2026-09,1,1.0
P05366,Health,Health,West,2026-09,1,1.0
P05367,Health,Health,West,2026-09,1,1.0
P05368,Health,Health,West,2026-09,1,1.0
P05369,Health,Health,West,2026-09,1,1.0
P05370,Health,Health,West,2026-09,1,1.0
P05371,Health,Health,West,2026-09,1,1.0
P05372,Health,Health,West,2026-09,1,1.0
P05373,Health,Health,West,2026-09,1,1.0
P05374,Health,Health,West,2026-09,1,1.0
P05375,Health,Health,West,2026-09,1,1.0
P05376,Health,Health,West,2026-09,1,1.0
P05377,Health,Health,West,2026-09,1,1.0
P05378,Health,Health,West,2026-09,1,1.0
P05379,Health,Health,West,2026-09,1,1.0
P05380,Health,Health,West,2026-09,1,1.0
P05381,Health,Health,West,2026-09,1,1.0
P05382,Health,Health,West,2026-09,1,1.0
P05383,Health,Health,West,2026-09,1,1.0
P05384,Health,Health,West,2026-09,1,1.0
P05385,Health,Health,West,2026-09,1,1.0
P05386,Health,Health,West,2026-09,1,1.0
P05387,Health,Health,West,2026-09,1,1.0
P05388,Health,Health,West,2026-09,1,1.0
P05389,Health,Health,West,2026-09,1,1.0
P05390,Health,Health,West,2026-09,1,1.0
P05391,Health,Health,West,2026-09,1,1.0
P05392,Health,Health,West,2026-09,1,1.0
P05393,Health,Health,West,2026-09,1,1.0
P05394,Health,Health,West,2026-09,1,1.0
P05395,Health,Health,West,2026-09,1,1.0
P05396,Health,Health,West,2026-09,1,1.0
P05397,Health,Health,West,2026-09,1,1.0
P05398,Health,Health,West,2026-09,1,1.0
P05399,Health,Health,West,2026-09,1,1.0
P05400,Health,Health,West,2026-09,1,1.0
P05401,Health,Health,West,2026-09,1,1.0
P05402,Health,Health,West,2026-09,1,1.0
P05403,Health,Health,West,2026-09,1,1.0
P05404,Health,Health,West,2026-09,1,1.0
P05405,Health,Health,West,2026-09,1,1.0
P05406,Health,Health,West,2026-09,1,1.0
P05407,Health,Health,West,2026-09,1,1.0
P05408,Health,Health,West,2026-09,1,1.0
P05409,Health,Health,West,2026-09,1,1.0
P05410,Health,Health,West,2026-09,1,1.0
P05411,Health,Health,West,2026-09,1,1.0
P05412,Health,Health,West,2026-09,1,1.0
P05413,Health,Health,West,2026-09,1,1.0
P05414,Health,Health,West,2026-09,1,1.0
P05415,Health,Health,West,2026-09,1,1.0
P05416,Health,Health,West,2026-09,1,1.0
P05417,Health,Health,West,2026-09,1,1.0
P05418,Health,Health,West,2026-09,1,1.0
P05419,Health,Health,West,2026-09,1,1.0
P05420,Health,Health,West,2026-09,1,1.0
P05421,Health,Health,West,2026-09,1,1.0
P05422,Health,Health,West,2026-09,1,1.0
P05423,Health,Health,West,2026-09,1,1.0
P05424,Home,Home,North,2026-09,1,1.0
P05425,Home,Home,North,2026-09,1,1.0
P05426,Home,Home,North,2026-09,1,1.0
P05427,Home,Home,North,2026-09,1,1.0
P05428,Home,Home,North,2026-09,1,1.0
P05429,Home,Home,North,2026-09,1,1.0
P05430,Home,Home,North,2026-09,1,1.0
P05431,Home,Home,North,2026-09,1,1.0
P05432,Home,Home,North,2026-09,1,1.0
P05433,Home,Home,North,2026-09,1,1.0
P05434,Home,Home,North,2026-09,1,1.0
P05435,Home,Home,North,2026-09,1,1.0
P05436,Home,Home,North,2026-09,1,1.0
P05437,Home,Home,North,2026-09,1,1.0
P05438,Home,Home,North,2026-09,1,1.0
P05439,Home,Home,North,2026-09,1,1.0
P05440,Home,Home,North,2026-09,1,1.0
P05441,Home,Home,North,2026-09,1,1.0
P05442,Home,Home,North,2026-09,1,1.0
P05443,Home,Home,North,2026-09,1,1.0
P05444,Home,Home,North,2026-09,1,1.0
P05445,Home,Home,North,2026-09,1,1.0
P05446,Home,Home,North,2026-09,1,1.0
P05447,Home,Home,North,2026-09,1,1.0
P05448,Home,Home,North,2026-09,1,1.0
P05449,Home,Home,North,2026-09,1,1.0
P05450,Home,Home,North,2026-09,1,1.0
P05451,Home,Home,North,2026-09,1,1.0
P05452,Home,Home,North,2026-09,1,1.0
P05453,Home,Home,North,2026-09,1,1.0
P05454,Home,Home,North,2026-09,1,1.0
P05455,Home,Home,North,2026-09,1,1.0
P05456,Home,Home,North,2026-09,1,1.0
P05457,Home,Home,North,2026-09,1,1.0
P05458,Home,Home,North,2026-09,1,1.0
P05459,Home,Home,North,2026-09,1,1.0
P05460,Home,Home,North,2026-09,1,1.0
P05461,Home,Home,North,2026-09,1,1.0
P05462,Home,Home,North,2026-09,1,1.0
P05463,Home,Home,North,2026-09,1,1.0
P05464,Home,Home,North,2026-09,1,1.0
P05465,Home,Home,North,2026-09,1,1.0
P05466,Home,Home,North,2026-09,1,1.0
P05467,Home,Home,North,2026-09,1,1.0
P05468,Home,Home,North,2026-09,1,1.0
P05469,Home,Home,North,2026-09,1,1.0
P05470,Home,Home,North,2026-09,1,1.0
P05471,Home,Home,North,2026-09,1,1.0
P05472,Home,Home,North,2026-09,1,1.0
P05473,Home,Home,North,2026-09,1,1.0
P05474,Home,Home,North,2026-09,1,1.0
P05475,Home,Home,North,2026-09,1,1.0
P05476,Home,Home,North,2026-09,1,1.0
P05477,Home,Home,North,2026-09,1,1.0
P05478,Home,Home,North,2026-09,1,1.0
P05479,Home,Home,North,2026-09,1,1.0
P05480,Home,Home,North,2026-09,1,1.0
P05481,Home,Home,North,2026-09,1,1.0
P05482,Home,Home,North,2026-09,1,1.0
P05483,Home,Home,North,2026-09,1,1.0
P05484,Home,Home,North,2026-09,1,1.0
P05485,Home,Home,North,2026-09,1,1.0
P05486,Home,Home,North,2026-09,1,1.0
P05487,Home,Home,North,2026-09,1,1.0
P05488,Home,Home,North,2026-09,1,1.0
P05489,Home,Home,North,2026-09,1,1.0
P05490,Home,Home,North,2026-09,1,1.0
P05491,Home,Home,North,2026-09,1,1.0
P05492,Home,Home,North,2026-09,1,1.0
P05493,Home,Home,North,2026-09,1,1.0
P05494,Home,Home,North,2026-09,1,1.0
P05495,Home,Home,North,2026-09,1,1.0
P05496,Home,Home,North,2026-09,1,1.0
P05497,Home,Home,North,2026-09,1,1.0
P05498,Home,Home,North,2026-09,1,1.0
P05499,Home,Home,North,2026-09,1,1.0
P05500,Home,Home,North,2026-09,1,1.0
P05501,Home,Home,North,2026-09,1,1.0
P05502,Home,Home,North,2026-09,1,1.0
P05503,Home,Home,North,2026-09,1,1.0
P05504,Home,Home,North,2026-09,1,1.0
P05505,Home,Home,North,2026-09,1,1.0
P05506,Home,Home,North,2026-09,1,1.0
P05507,Home,Home,North,2026-09,1,1.0
P05508,Home,Home,North,2026-09,1,1.0
P05509,Home,Home,North,2026-09,1,1.0
P05510,Home,Home,North,2026-09,1,1.0
P05511,Home,Home,North,2026-09,1,1.0
P05512,Home,Home,North,2026-09,1,1.0
P05513,Home,Home,North,2026-09,1,1.0
P05514,Home,Home,North,2026-09,1,1.0
P05515,Home,Home,North,2026-09,1,1.0
P05516,Home,Home,North,2026-09,1,1.0
P05517,Home,Home,North,2026-09,1,1.0
P05518,Home,Home,North,2026-09,1,1.0
P05519,Home,Home,North,2026-09,1,1.0
P05520,Home,Home,North,2026-09,1,1.0
P05521,Home,Home,North,2026-09,1,1.0
P05522,Home,Home,North,2026-09,1,1.0
P05523,Home,Home,North,2026-09,1,1.0
P05524,Home,Home,North,2026-09,1,1.0
P05525,Home,Home,North,2026-09,1,1.0
P05526,Home,Home,North,2026-09,1,1.0
P05527,Home,Home,North,2026-09,1,1.0
P05528,Home,Home,North,2026-09,1,1.0
P05529,Home,Home,North,2026-09,1,1.0
P05530,Home,Home,North,2026-09,1,1.0
P05531,Home,Home,North,2026-09,1,1.0
P05532,Home,Home,North,2026-09,1,1.0
P05533,Home,Home,North,2026-09,1,1.0
P05534,Home,Home,North,2026-09,1,1.0
P05535,Home,Home,North,2026-09,1,1.0
P05536,Home,Home,North,2026-09,1,1.0
P05537,Home,Home,North,2026-09,1,1.0
P05538,Home,Home,North,2026-09,1,1.0
P05539,Home,Home,North,2026-09,1,1.0
P05540,Home,Home,North,2026-09,1,1.0
P05541,Home,Home,North,2026-09,1,1.0
P05542,Home,Home,North,2026-09,1,1.0
P05543,Home,Home,North,2026-09,1,1.0
P05544,Home,Home,North,2026-09,1,1.0
P05545,Home,Home,North,2026-09,1,1.0
P05546,Home,Home,North,2026-09,1,1.0
P05547,Home,Home,North,2026-09,1,1.0
P05548,Home,Home,North,2026-09,1,1.0
P05549,Home,Home,North,2026-09,1,1.0
P05550,Home,Home,North,2026-09,1,1.0
P05551,Home,Home,North,2026-09,1,1.0
P05552,Home,Home,North,2026-09,1,1.0
P05553,Home,Home,North,2026-09,1,1.0
P05554,Home,Home,North,2026-09,1,1.0
P05555,Home,Home,North,2026-09,1,1.0
P05556,Home,Home,North,2026-09,1,1.0
P05557,Home,Home,North,2026-09,1,1.0
P05558,Home,Home,North,2026-09,1,1.0
P05559,Home,Home,North,2026-09,1,1.0
P05560,Home,Home,North,2026-09,1,1.0
P05561,Home,Home,North,2026-09,1,1.0
P05562,Home,Home,North,2026-09,1,1.0
P05563,Home,Home,North,2026-09,1,1.0
P05564,Home,Home,North,2026-09,1,1.0
P05565,Home,Home,North,2026-09,1,1.0
P05566,Home,Home,North,2026-09,1,1.0
P05567,Home,Home,North,2026-09,1,1.0
P05568,Home,Home,North,2026-09,1,1.0
P05569,Home,Home,North,2026-09,1,1.0
P05570,Home,Home,North,2026-09,1,1.0
P05571,Home,Home,North,2026-09,1,1.0
P05572,Home,Home,North,2026-09,1,1.0
P05573,Home,Home,North,2026-09,1,1.0
P05574,Home,Home,North,2026-09,1,1.0
P05575,Home,Home,North,2026-09,1,1.0
P05576,Home,Home,North,2026-09,1,1.0
P05577,Home,Home,North,2026-09,1,1.0
P05578,Home,Home,North,2026-09,1,1.0
P05579,Home,Home,North,2026-09,1,1.0
P05580,Home,Home,North,2026-09,1,1.0
P05581,Home,Home,North,2026-09,1,1.0
P05582,Home,Home,North,2026-09,1,1.0
P05583,Home,Home,North,2026-09,1,1.0
P05584,Home,Home,South,2026-09,1,1.0
P05585,Home,Home,South,2026-09,1,1.0
P05586,Home,Home,South,2026-09,1,1.0
P05587,Home,Home,South,2026-09,1,1.0
P05588,Home,Home,South,2026-09,1,1.0
P05589,Home,Home,South,2026-09,1,1.0
P05590,Home,Home,South,2026-09,1,1.0
P05591,Home,Home,South,2026-09,1,1.0
P05592,Home,Home,South,2026-09,1,1.0
P05593,Home,Home,South,2026-09,1,1.0
P05594,Home,Home,South,2026-09,1,1.0
P05595,Home,Home,South,2026-09,1,1.0
P05596,Home,Home,South,2026-09,1,1.0
P05597,Home,Home,South,2026-09,1,1.0
P05598,Home,Home,South,2026-09,1,1.0
P05599,Home,Home,South,2026-09,1,1.0
P05600,Home,Home,South,2026-09,1,1.0
P05601,Home,Home,South,2026-09,1,1.0
P05602,Home,Home,South,2026-09,1,1.0
P05603,Home,Home,South,2026-09,1,1.0
P05604,Home,Home,South,2026-09,1,1.0
P05605,Home,Home,South,2026-09,1,1.0
P05606,Home,Home,South,2026-09,1,1.0
P05607,Home,Home,South,2026-09,1,1.0
P05608,Home,Home,South,2026-09,1,1.0
P05609,Home,Home,South,2026-09,1,1.0
P05610,Home,Home,South,2026-09,1,1.0
P05611,Home,Home,South,2026-09,1,1.0
P05612,Home,Home,South,2026-09,1,1.0
P05613,Home,Home,South,2026-09,1,1.0
P05614,Home,Home,South,2026-09,1,1.0
P05615,Home,Home,South,2026-09,1,1.0
P05616,Home,Home,South,2026-09,1,1.0
P05617,Home,Home,South,2026-09,1,1.0
P05618,Home,Home,South,2026-09,1,1.0
P05619,Home,Home,South,2026-09,1,1.0
P05620,Home,Home,South,2026-09,1,1.0
P05621,Home,Home,South,2026-09,1,1.0
P05622,Home,Home,South,2026-09,1,1.0
P05623,Home,Home,South,2026-09,1,1.0
P05624,Home,Home,South,2026-09,1,1.0
P05625,Home,Home,South,2026-09,1,1.0
P05626,Home,Home,South,2026-09,1,1.0
P05627,Home,Home,South,2026-09,1,1.0
P05628,Home,Home,South,2026-09,1,1.0
P05629,Home,Home,South,2026-09,1,1.0
P05630,Home,Home,South,2026-09,1,1.0
P05631,Home,Home,South,2026-09,1,1.0
P05632,Home,Home,South,2026-09,1,1.0
P05633,Home,Home,South,2026-09,1,1.0
P05634,Home,Home,South,2026-09,1,1.0
P05635,Home,Home,South,2026-09,1,1.0
P05636,Home,Home,South,2026-09,1,1.0
P05637,Home,Home,South,2026-09,1,1.0
P05638,Home,Home,South,2026-09,1,1.0
P05639,Home,Home,South,2026-09,1,1.0
P05640,Home,Home,South,2026-09,1,1.0
P05641,Home,Home,South,2026-09,1,1.0
P05642,Home,Home,South,2026-09,1,1.0
P05643,Home,Home,South,2026-09,1,1.0
P05644,Home,Home,South,2026-09,1,1.0
P05645,Home,Home,South,2026-09,1,1.0
P05646,Home,Home,South,2026-09,1,1.0
P05647,Home,Home,South,2026-09,1,1.0
P05648,Home,Home,South,2026-09,1,1.0
P05649,Home,Home,South,2026-09,1,1.0
P05650,Home,Home,South,2026-09,1,1.0
P05651,Home,Home,South,2026-09,1,1.0
P05652,Home,Home,South,2026-09,1,1.0
P05653,Home,Home,South,2026-09,1,1.0
P05654,Home,Home,South,2026-09,1,1.0
P05655,Home,Home,South,2026-09,1,1.0
P05656,Home,Home,South,2026-09,1,1.0
P05657,Home,Home,South,2026-09,1,1.0
P05658,Home,Home,South,2026-09,1,1.0
P05659,Home,Home,South,2026-09,1,1.0
P05660,Home,Home,South,2026-09,1,1.0
P05661,Home,Home,South,2026-09,1,1.0
P05662,Home,Home,South,2026-09,1,1.0
P05663,Home,Home,South,2026-09,1,1.0
P05664,Home,Home,South,2026-09,1,1.0
P05665,Home,Home,South,2026-09,1,1.0
P05666,Home,Home,South,2026-09,1,1.0
P05667,Home,Home,South,2026-09,1,1.0
P05668,Home,Home,South,2026-09,1,1.0
P05669,Home,Home,South,2026-09,1,1.0
P05670,Home,Home,South,2026-09,1,1.0
P05671,Home,Home,South,2026-09,1,1.0
P05672,Home,Home,South,2026-09,1,1.0
P05673,Home,Home,South,2026-09,1,1.0
P05674,Home,Home,South,2026-09,1,1.0
P05675,Home,Home,South,2026-09,1,1.0
P05676,Home,Home,South,2026-09,1,1.0
P05677,Home,Home,South,2026-09,1,1.0
P05678,Home,Home,South,2026-09,1,1.0
P05679,Home,Home,South,2026-09,1,1.0
P05680,Home,Home,South,2026-09,1,1.0
P05681,Home,Home,South,2026-09,1,1.0
P05682,Home,Home,South,2026-09,1,1.0
P05683,Home,Home,South,2026-09,1,1.0
P05684,Home,Home,South,2026-09,1,1.0
P05685,Home,Home,South,2026-09,1,1.0
P05686,Home,Home,South,2026-09,1,1.0
P05687,Home,Home,South,2026-09,1,1.0
P05688,Home,Home,South,2026-09,1,1.0
P05689,Home,Home,South,2026-09,1,1.0
P05690,Home,Home,South,2026-09,1,1.0
P05691,Home,Home,South,2026-09,1,1.0
P05692,Home,Home,South,2026-09,1,1.0
P05693,Home,Home,South,2026-09,1,1.0
P05694,Home,Home,South,2026-09,1,1.0
P05695,Home,Home,South,2026-09,1,1.0
P05696,Home,Home,South,2026-09,1,1.0
P05697,Home,Home,South,2026-09,1,1.0
P05698,Home,Home,South,2026-09,1,1.0
P05699,Home,Home,South,2026-09,1,1.0
P05700,Home,Home,South,2026-09,1,1.0
P05701,Home,Home,South,2026-09,1,1.0
P05702,Home,Home,South,2026-09,1,1.0
P05703,Home,Home,South,2026-09,1,1.0
P05704,Home,Home,South,2026-09,1,1.0
P05705,Home,Home,South,2026-09,1,1.0
P05706,Home,Home,South,2026-09,1,1.0
P05707,Home,Home,South,2026-09,1,1.0
P05708,Home,Home,South,2026-09,1,1.0
P05709,Home,Home,South,2026-09,1,1.0
P05710,Home,Home,South,2026-09,1,1.0
P05711,Home,Home,South,2026-09,1,1.0
P05712,Home,Home,South,2026-09,1,1.0
P05713,Home,Home,South,2026-09,1,1.0
P05714,Home,Home,South,2026-09,1,1.0
P05715,Home,Home,South,2026-09,1,1.0
P05716,Home,Home,South,2026-09,1,1.0
P05717,Home,Home,South,2026-09,1,1.0
P05718,Home,Home,South,2026-09,1,1.0
P05719,Home,Home,South,2026-09,1,1.0
P05720,Home,Home,South,2026-09,1,1.0
P05721,Home,Home,South,2026-09,1,1.0
P05722,Home,Home,South,2026-09,1,1.0
P05723,Home,Home,South,2026-09,1,1.0
P05724,Home,Home,South,2026-09,1,1.0
P05725,Home,Home,South,2026-09,1,1.0
P05726,Home,Home,South,2026-09,1,1.0
P05727,Home,Home,South,2026-09,1,1.0
P05728,Home,Home,South,2026-09,1,1.0
P05729,Home,Home,South,2026-09,1,1.0
P05730,Home,Home,South,2026-09,1,1.0
P05731,Home,Home,South,2026-09,1,1.0
P05732,Home,Home,South,2026-09,1,1.0
P05733,Home,Home,South,2026-09,1,1.0
P05734,Home,Home,East,2026-09,1,1.0
P05735,Home,Home,East,2026-09,1,1.0
P05736,Home,Home,East,2026-09,1,1.0
P05737,Home,Home,East,2026-09,1,1.0
P05738,Home,Home,East,2026-09,1,1.0
P05739,Home,Home,East,2026-09,1,1.0
P05740,Home,Home,East,2026-09,1,1.0
P05741,Home,Home,East,2026-09,1,1.0
P05742,Home,Home,East,2026-09,1,1.0
P05743,Home,Home,East,2026-09,1,1.0
P05744,Home,Home,East,2026-09,1,1.0
P05745,Home,Home,East,2026-09,1,1.0
P05746,Home,Home,East,2026-09,1,1.0
P05747,Home,Home,East,2026-09,1,1.0
P05748,Home,Home,East,2026-09,1,1.0
P05749,Home,Home,East,2026-09,1,1.0
P05750,Home,Home,East,2026-09,1,1.0
P05751,Home,Home,East,2026-09,1,1.0
P05752,Home,Home,East,2026-09,1,1.0
P05753,Home,Home,East,2026-09,1,1.0
P05754,Home,Home,East,2026-09,1,1.0
P05755,Home,Home,East,2026-09,1,1.0
P05756,Home,Home,East,2026-09,1,1.0
P05757,Home,Home,East,2026-09,1,1.0
P05758,Home,Home,East,2026-09,1,1.0
P05759,Home,Home,East,2026-09,1,1.0
P05760,Home,Home,East,2026-09,1,1.0
P05761,Home,Home,East,2026-09,1,1.0
P05762,Home,Home,East,2026-09,1,1.0
P05763,Home,Home,East,2026-09,1,1.0
P05764,Home,Home,East,2026-09,1,1.0
P05765,Home,Home,East,2026-09,1,1.0
P05766,Home,Home,East,2026-09,1,1.0
P05767,Home,Home,East,2026-09,1,1.0
P05768,Home,Home,East,2026-09,1,1.0
P05769,Home,Home,East,2026-09,1,1.0
P05770,Home,Home,East,2026-09,1,1.0
P05771,Home,Home,East,2026-09,1,1.0
P05772,Home,Home,East,2026-09,1,1.0
P05773,Home,Home,East,2026-09,1,1.0
P05774,Home,Home,East,2026-09,1,1.0
P05775,Home,Home,East,2026-09,1,1.0
P05776,Home,Home,East,2026-09,1,1.0
P05777,Home,Home,East,2026-09,1,1.0
P05778,Home,Home,East,2026-09,1,1.0
P05779,Home,Home,East,2026-09,1,1.0
P05780,Home,Home,East,2026-09,1,1.0
P05781,Home,Home,East,2026-09,1,1.0
P05782,Home,Home,East,2026-09,1,1.0
P05783,Home,Home,East,2026-09,1,1.0
P05784,Home,Home,East,2026-09,1,1.0
P05785,Home,Home,East,2026-09,1,1.0
P05786,Home,Home,East,2026-09,1,1.0
P05787,Home,Home,East,2026-09,1,1.0
P05788,Home,Home,East,2026-09,1,1.0
P05789,Home,Home,East,2026-09,1,1.0
P05790,Home,Home,East,2026-09,1,1.0
P05791,Home,Home,East,2026-09,1,1.0
P05792,Home,Home,East,2026-09,1,1.0
P05793,Home,Home,East,2026-09,1,1.0
P05794,Home,Home,East,2026-09,1,1.0
P05795,Home,Home,East,2026-09,1,1.0
P05796,Home,Home,East,2026-09,1,1.0
P05797,Home,Home,East,2026-09,1,1.0
P05798,Home,Home,East,2026-09,1,1.0
P05799,Home,Home,East,2026-09,1,1.0
P05800,Home,Home,East,2026-09,1,1.0
P05801,Home,Home,East,2026-09,1,1.0
P05802,Home,Home,East,2026-09,1,1.0
P05803,Home,Home,East,2026-09,1,1.0
P05804,Home,Home,East,2026-09,1,1.0
P05805,Home,Home,East,2026-09,1,1.0
P05806,Home,Home,East,2026-09,1,1.0
P05807,Home,Home,East,2026-09,1,1.0
P05808,Home,Home,East,2026-09,1,1.0
P05809,Home,Home,East,2026-09,1,1.0
P05810,Home,Home,East,2026-09,1,1.0
P05811,Home,Home,East,2026-09,1,1.0
P05812,Home,Home,East,2026-09,1,1.0
P05813,Home,Home,East,2026-09,1,1.0
P05814,Home,Home,East,2026-09,1,1.0
P05815,Home,Home,East,2026-09,1,1.0
P05816,Home,Home,East,2026-09,1,1.0
P05817,Home,Home,East,2026-09,1,1.0
P05818,Home,Home,East,2026-09,1,1.0
P05819,Home,Home,East,2026-09,1,1.0
P05820,Home,Home,East,2026-09,1,1.0
P05821,Home,Home,East,2026-09,1,1.0
P05822,Home,Home,East,2026-09,1,1.0
P05823,Home,Home,East,2026-09,1,1.0
P05824,Home,Home,East,2026-09,1,1.0
P05825,Home,Home,East,2026-09,1,1.0
P05826,Home,Home,East,2026-09,1,1.0
P05827,Home,Home,East,2026-09,1,1.0
P05828,Home,Home,East,2026-09,1,1.0
P05829,Home,Home,East,2026-09,1,1.0
P05830,Home,Home,East,2026-09,1,1.0
P05831,Home,Home,East,2026-09,1,1.0
P05832,Home,Home,East,2026-09,1,1.0
P05833,Home,Home,East,2026-09,1,1.0
P05834,Home,Home,East,2026-09,1,1.0
P05835,Home,Home,East,2026-09,1,1.0
P05836,Home,Home,East,2026-09,1,1.0
P05837,Home,Home,East,2026-09,1,1.0
P05838,Home,Home,East,2026-09,1,1.0
P05839,Home,Home,East,2026-09,1,1.0
P05840,Home,Home,East,2026-09,1,1.0
P05841,Home,Home,East,2026-09,1,1.0
P05842,Home,Home,East,2026-09,1,1.0
P05843,Home,Home,East,2026-09,1,1.0
P05844,Home,Home,East,2026-09,1,1.0
P05845,Home,Home,East,2026-09,1,1.0
P05846,Home,Home,East,2026-09,1,1.0
P05847,Home,Home,East,2026-09,1,1.0
P05848,Home,Home,East,2026-09,1,1.0
P05849,Home,Home,East,2026-09,1,1.0
P05850,Home,Home,East,2026-09,1,1.0
P05851,Home,Home,East,2026-09,1,1.0
P05852,Home,Home,East,2026-09,1,1.0
P05853,Home,Home,East,2026-09,1,1.0
P05854,Home,Home,East,2026-09,1,1.0
P05855,Home,Home,East,2026-09,1,1.0
P05856,Home,Home,East,2026-09,1,1.0
P05857,Home,Home,East,2026-09,1,1.0
P05858,Home,Home,East,2026-09,1,1.0
P05859,Home,Home,East,2026-09,1,1.0
P05860,Home,Home,East,2026-09,1,1.0
P05861,Home,Home,East,2026-09,1,1.0
P05862,Home,Home,East,2026-09,1,1.0
P05863,Home,Home,East,2026-09,1,1.0
P05864,Home,Home,East,2026-09,1,1.0
P05865,Home,Home,East,2026-09,1,1.0
P05866,Home,Home,East,2026-09,1,1.0
P05867,Home,Home,East,2026-09,1,1.0
P05868,Home,Home,East,2026-09,1,1.0
P05869,Home,Home,East,2026-09,1,1.0
P05870,Home,Home,East,2026-09,1,1.0
P05871,Home,Home,East,2026-09,1,1.0
P05872,Home,Home,East,2026-09,1,1.0
P05873,Home,Home,East,2026-09,1,1.0
P05874,Home,Home,West,2026-09,1,1.0
P05875,Home,Home,West,2026-09,1,1.0
P05876,Home,Home,West,2026-09,1,1.0
P05877,Home,Home,West,2026-09,1,1.0
P05878,Home,Home,West,2026-09,1,1.0
P05879,Home,Home,West,2026-09,1,1.0
P05880,Home,Home,West,2026-09,1,1.0
P05881,Home,Home,West,2026-09,1,1.0
P05882,Home,Home,West,2026-09,1,1.0
P05883,Home,Home,West,2026-09,1,1.0
P05884,Home,Home,West,2026-09,1,1.0
P05885,Home,Home,West,2026-09,1,1.0
P05886,Home,Home,West,2026-09,1,1.0
P05887,Home,Home,West,2026-09,1,1.0
P05888,Home,Home,West,2026-09,1,1.0
P05889,Home,Home,West,2026-09,1,1.0
P05890,Home,Home,West,2026-09,1,1.0
P05891,Home,Home,West,2026-09,1,1.0
P05892,Home,Home,West,2026-09,1,1.0
P05893,Home,Home,West,2026-09,1,1.0
P05894,Home,Home,West,2026-09,1,1.0
P05895,Home,Home,West,2026-09,1,1.0
P05896,Home,Home,West,2026-09,1,1.0
P05897,Home,Home,West,2026-09,1,1.0
P05898,Home,Home,West,2026-09,1,1.0
P05899,Home,Home,West,2026-09,1,1.0
P05900,Home,Home,West,2026-09,1,1.0
P05901,Home,Home,West,2026-09,1,1.0
P05902,Home,Home,West,2026-09,1,1.0
P05903,Home,Home,West,2026-09,1,1.0
P05904,Home,Home,West,2026-09,1,1.0
P05905,Home,Home,West,2026-09,1,1.0
P05906,Home,Home,West,2026-09,1,1.0
P05907,Home,Home,West,2026-09,1,1.0
P05908,Home,Home,West,2026-09,1,1.0
P05909,Home,Home,West,2026-09,1,1.0
P05910,Home,Home,West,2026-09,1,1.0
P05911,Home,Home,West,2026-09,1,1.0
P05912,Home,Home,West,2026-09,1,1.0
P05913,Home,Home,West,2026-09,1,1.0
P05914,Home,Home,West,2026-09,1,1.0
P05915,Home,Home,West,2026-09,1,1.0
P05916,Home,Home,West,2026-09,1,1.0
P05917,Home,Home,West,2026-09,1,1.0
P05918,Home,Home,West,2026-09,1,1.0
P05919,Home,Home,West,2026-09,1,1.0
P05920,Home,Home,West,2026-09,1,1.0
P05921,Home,Home,West,2026-09,1,1.0
P05922,Home,Home,West,2026-09,1,1.0
P05923,Home,Home,West,2026-09,1,1.0
P05924,Home,Home,West,2026-09,1,1.0
P05925,Home,Home,West,2026-09,1,1.0
P05926,Home,Home,West,2026-09,1,1.0
P05927,Home,Home,West,2026-09,1,1.0
P05928,Home,Home,West,2026-09,1,1.0
P05929,Home,Home,West,2026-09,1,1.0
P05930,Home,Home,West,2026-09,1,1.0
P05931,Home,Home,West,2026-09,1,1.0
P05932,Home,Home,West,2026-09,1,1.0
P05933,Home,Home,West,2026-09,1,1.0
P05934,Home,Home,West,2026-09,1,1.0
P05935,Home,Home,West,2026-09,1,1.0
P05936,Home,Home,West,2026-09,1,1.0
P05937,Home,Home,West,2026-09,1,1.0
P05938,Home,Home,West,2026-09,1,1.0
P05939,Home,Home,West,2026-09,1,1.0
P05940,Home,Home,West,2026-09,1,1.0
P05941,Home,Home,West,2026-09,1,1.0
P05942,Home,Home,West,2026-09,1,1.0
P05943,Home,Home,West,2026-09,1,1.0
P05944,Home,Home,West,2026-09,1,1.0
P05945,Home,Home,West,2026-09,1,1.0
P05946,Home,Home,West,2026-09,1,1.0
P05947,Home,Home,West,2026-09,1,1.0
P05948,Home,Home,West,2026-09,1,1.0
P05949,Home,Home,West,2026-09,1,1.0
P05950,Home,Home,West,2026-09,1,1.0
P05951,Home,Home,West,2026-09,1,1.0
P05952,Home,Home,West,2026-09,1,1.0
P05953,Home,Home,West,2026-09,1,1.0
P05954,Home,Home,West,2026-09,1,1.0
P05955,Home,Home,West,2026-09,1,1.0
P05956,Home,Home,West,2026-09,1,1.0
P05957,Home,Home,West,2026-09,1,1.0
P05958,Home,Home,West,2026-09,1,1.0
P05959,Home,Home,West,2026-09,1,1.0
P05960,Home,Home,West,2026-09,1,1.0
P05961,Home,Home,West,2026-09,1,1.0
P05962,Home,Home,West,2026-09,1,1.0
P05963,Home,Home,West,2026-09,1,1.0
P05964,Home,Home,West,2026-09,1,1.0
P05965,Home,Home,West,2026-09,1,1.0
P05966,Home,Home,West,2026-09,1,1.0
P05967,Home,Home,West,2026-09,1,1.0
P05968,Home,Home,West,2026-09,1,1.0
P05969,Home,Home,West,2026-09,1,1.0
P05970,Home,Home,West,2026-09,1,1.0
P05971,Home,Home,West,2026-09,1,1.0
P05972,Home,Home,West,2026-09,1,1.0
P05973,Home,Home,West,2026-09,1,1.0
P05974,Home,Home,West,2026-09,1,1.0
P05975,Home,Home,West,2026-09,1,1.0
P05976,Home,Home,West,2026-09,1,1.0
P05977,Home,Home,West,2026-09,1,1.0
P05978,Home,Home,West,2026-09,1,1.0
P05979,Home,Home,West,2026-09,1,1.0
P05980,Home,Home,West,2026-09,1,1.0
P05981,Home,Home,West,2026-09,1,1.0
P05982,Home,Home,West,2026-09,1,1.0
P05983,Home,Home,West,2026-09,1,1.0
P05984,Home,Home,West,2026-09,1,1.0
P05985,Home,Home,West,2026-09,1,1.0
P05986,Home,Home,West,2026-09,1,1.0
P05987,Home,Home,West,2026-09,1,1.0
P05988,Home,Home,West,2026-09,1,1.0
P05989,Home,Home,West,2026-09,1,1.0
P05990,Home,Home,West,2026-09,1,1.0
P05991,Home,Home,West,2026-09,1,1.0
P05992,Home,Home,West,2026-09,1,1.0
P05993,Home,Home,West,2026-09,1,1.0
P05994,Home,Home,West,2026-09,1,1.0
P05995,Home,Home,West,2026-09,1,1.0
P05996,Home,Home,West,2026-09,1,1.0
P05997,Home,Home,West,2026-09,1,1.0
P05998,Home,Home,West,2026-09,1,1.0
P05999,Home,Home,West,2026-09,1,1.0
P06000,Home,Home,West,2026-09,1,1.0
