policy_id,product,segment,region,period,written_premium,earned_premium
P00001,Commercial,Construction,South,2026-09,54855,53257
P00002,Commercial,Construction,South,2026-09,35983,34935
P00003,Commercial,Construction,South,2026-09,59623,57886
P00004,Commercial,Construction,South,2026-09,50541,49069
P00005,Commercial,Construction,South,2026-09,16569,16086
P00006,Commercial,Construction,South,2026-09,66214,64285
P00007,Commercial,Construction,South,2026-09,54133,52556
P00008,Commercial,Construction,South,2026-09,55537,53919
P00009,Commercial,Construction,South,2026-09,18480,17942
P00010,Commercial,Construction,South,2026-09,36631,35564
P00011,Commercial,Construction,South,2026-09,32148,31212
P00012,Commercial,Construction,South,2026-09,63461,61613
P00013,Commercial,Construction,South,2026-09,47528,46144
P00014,Commercial,Construction,South,2026-09,57604,55926
P00015,Commercial,Construction,South,2026-09,36238,35183
P00016,Commercial,Construction,South,2026-09,24063,23362
P00017,Commercial,Construction,South,2026-09,42500,41262
P00018,Commercial,Construction,South,2026-09,14859,14426
P00019,Commercial,Construction,South,2026-09,57878,56192
P00020,Commercial,Construction,South,2026-09,46841,45477
P00021,Commercial,Construction,South,2026-09,53962,52390
P00022,Commercial,Construction,South,2026-09,31232,30322
P00023,Commercial,Construction,South,2026-09,65935,64015
P00024,Commercial,Construction,South,2026-09,61566,59773
P00025,Commercial,Construction,South,2026-09,55104,53499
P00026,Commercial,Construction,South,2026-09,22226,21579
P00027,Commercial,Construction,South,2026-09,37551,36457
P00028,Commercial,Construction,South,2026-09,13732,13332
P00029,Commercial,Construction,South,2026-09,19954,19373
P00030,Commercial,Construction,South,2026-09,49735,48286
P00031,Commercial,Construction,South,2026-09,53211,51661
P00032,Commercial,Construction,South,2026-09,65756,63841
P00033,Commercial,Construction,South,2026-09,29616,28753
P00034,Commercial,Construction,South,2026-09,32130,31194
P00035,Commercial,Construction,South,2026-09,37710,36612
P00036,Commercial,Construction,South,2026-09,21936,21297
P00037,Commercial,Construction,South,2026-09,18582,18041
P00038,Commercial,Construction,South,2026-09,38057,36949
P00039,Commercial,Construction,South,2026-09,24044,23344
P00040,Commercial,Construction,South,2026-09,48990,47563
P00041,Commercial,Construction,South,2026-09,35885,34840
P00042,Commercial,Construction,South,2026-09,58162,56468
P00043,Commercial,Construction,South,2026-09,50705,49228
P00044,Commercial,Construction,South,2026-09,28858,28017
P00045,Commercial,Construction,South,2026-09,58138,56445
P00046,Commercial,Construction,South,2026-09,56590,54942
P00047,Commercial,Construction,South,2026-09,33088,32124
P00048,Commercial,Construction,South,2026-09,27503,26702
P00049,Commercial,Construction,South,2026-09,49704,48256
P00050,Commercial,Construction,South,2026-09,19135,18578
P00051,Commercial,Construction,South,2026-09,22524,21868
P00052,Commercial,Construction,South,2026-09,11679,11339
P00053,Commercial,Construction,South,2026-09,55585,53966
P00054,Commercial,Construction,South,2026-09,48710,47291
P00055,Commercial,Construction,South,2026-09,50981,49496
P00056,Commercial,Construction,South,2026-09,55237,53628
P00057,Commercial,Construction,South,2026-09,37111,36030
P00058,Commercial,Construction,South,2026-09,43297,42036
P00059,Commercial,Construction,South,2026-09,19138,18581
P00060,Commercial,Construction,South,2026-09,17715,17199
P00061,Commercial,Construction,South,2026-09,48911,47486
P00062,Commercial,Construction,South,2026-09,37797,36696
P00063,Commercial,Construction,South,2026-09,43099,41844
P00064,Commercial,Construction,South,2026-09,54351,52768
P00065,Commercial,Construction,South,2026-09,47013,45644
P00066,Commercial,Construction,South,2026-09,42443,41207
P00067,Commercial,Construction,South,2026-09,42760,41515
P00068,Commercial,Construction,South,2026-09,28384,27557
P00069,Commercial,Construction,South,2026-09,13000,12621
P00070,Commercial,Construction,South,2026-09,35862,34817
P00071,Commercial,Construction,South,2026-09,23350,22670
P00072,Commercial,Construction,South,2026-09,34273,33275
P00073,Commercial,Construction,South,2026-09,59330,57602
P00074,Commercial,Construction,South,2026-09,24440,23728
P00075,Commercial,Construction,South,2026-09,14548,14124
P00076,Commercial,Construction,South,2026-09,27113,26323
P00077,Commercial,Construction,South,2026-09,27800,26990
P00078,Commercial,Construction,South,2026-09,48545,47131
P00079,Commercial,Construction,South,2026-09,42638,41396
P00080,Commercial,Construction,South,2026-09,55415,53801
P00081,Commercial,Construction,South,2026-09,48680,47262
P00082,Commercial,Construction,South,2026-09,34153,33158
P00083,Commercial,Construction,South,2026-09,57111,55448
P00084,Commercial,Construction,South,2026-09,20669,20067
P00085,Commercial,Construction,South,2026-09,12543,12178
P00086,Commercial,Construction,South,2026-09,16336,15860
P00087,Commercial,Construction,South,2026-09,51949,50436
P00088,Commercial,Construction,South,2026-09,37278,36192
P00089,Commercial,Construction,South,2026-09,20348,19755
P00090,Commercial,Construction,South,2026-09,39484,38334
P00091,Commercial,Construction,South,2026-09,19843,19265
P00092,Commercial,Construction,South,2026-09,50482,49012
P00093,Commercial,Construction,South,2026-09,36393,35333
P00094,Commercial,Construction,South,2026-09,32724,31771
P00095,Commercial,Construction,South,2026-09,28246,27423
P00096,Commercial,Construction,South,2026-09,46763,45401
P00097,Commercial,Construction,South,2026-09,31643,30721
P00098,Commercial,Construction,South,2026-09,16201,15729
P00099,Commercial,Construction,South,2026-09,17911,17389
P00100,Commercial,Construction,South,2026-09,65440,63534
P00101,Commercial,Construction,South,2026-09,62438,60619
P00102,Commercial,Construction,South,2026-09,50673,49197
P00103,Commercial,Construction,South,2026-09,26238,25474
P00104,Commercial,Construction,South,2026-09,65850,63932
P00105,Commercial,Construction,South,2026-09,55125,53519
P00106,Commercial,Construction,South,2026-09,51641,50137
P00107,Commercial,Construction,South,2026-09,36573,35508
P00108,Commercial,Construction,South,2026-09,26598,25823
P00109,Commercial,Construction,South,2026-09,16693,16207
P00110,Commercial,Construction,South,2026-09,62101,60292
P00111,Commercial,Construction,South,2026-09,36935,35859
P00112,Commercial,Construction,South,2026-09,22662,22002
P00113,Commercial,Construction,South,2026-09,28496,27666
P00114,Commercial,Construction,South,2026-09,43887,42609
P00115,Commercial,Construction,South,2026-09,21220,20602
P00116,Commercial,Construction,South,2026-09,59510,57777
P00117,Commercial,Construction,South,2026-09,53985,52413
P00118,Commercial,Construction,South,2026-09,51786,50278
P00119,Commercial,Construction,South,2026-09,35601,34564
P00120,Commercial,Construction,South,2026-09,46595,45238
P00121,Commercial,Construction,South,2026-09,44162,42876
P00122,Commercial,Construction,South,2026-09,47865,46471
P00123,Commercial,Construction,South,2026-09,16021,15554
P00124,Commercial,Construction,South,2026-09,34683,33673
P00125,Commercial,Construction,South,2026-09,13608,13212
P00126,Commercial,Construction,South,2026-09,39086,37948
P00127,Commercial,Construction,South,2026-09,29843,28974
P00128,Commercial,Construction,South,2026-09,19404,18839
P00129,Commercial,Construction,South,2026-09,17089,16591
P00130,Commercial,Construction,South,2026-09,44362,43070
P00131,Commercial,Construction,South,2026-09,20873,20265
P00132,Commercial,Construction,South,2026-09,63369,61523
P00133,Commercial,Construction,South,2026-09,43991,42710
P00134,Commercial,Construction,South,2026-09,30801,29904
P00135,Commercial,Construction,South,2026-09,44545,43248
P00136,Commercial,Construction,South,2026-09,12548,12183
P00137,Commercial,Construction,South,2026-09,65253,63352
P00138,Commercial,Construction,South,2026-09,38428,37309
P00139,Commercial,Construction,South,2026-09,55349,53737
P00140,Commercial,Construction,South,2026-09,15924,15460
P00141,Commercial,Construction,South,2026-09,38673,37547
P00142,Commercial,Construction,South,2026-09,38902,37769
P00143,Commercial,Construction,South,2026-09,64085,62218
P00144,Commercial,Construction,South,2026-09,43465,42199
P00145,Commercial,Construction,South,2026-09,37932,36827
P00146,Commercial,Construction,South,2026-09,26301,25535
P00147,Commercial,Construction,South,2026-09,29939,29067
P00148,Commercial,Construction,South,2026-09,40589,39407
P00149,Commercial,Construction,South,2026-09,35985,34937
P00150,Commercial,Construction,South,2026-09,12482,12118
P00151,Commercial,Construction,South,2026-09,57803,56119
P00152,Commercial,Construction,South,2026-09,61738,59940
P00153,Commercial,Construction,South,2026-09,19163,18605
P00154,Commercial,Construction,South,2026-09,42469,41232
P00155,Commercial,Construction,South,2026-09,17379,16873
P00156,Commercial,Construction,South,2026-09,49126,47695
P00157,Commercial,Construction,South,2026-09,27104,26315
P00158,Commercial,Construction,South,2026-09,48404,46994
P00159,Commercial,Construction,South,2026-09,52210,50689
P00160,Commercial,Construction,South,2026-09,54556,52967
P00161,Commercial,Construction,South,2026-09,17333,16828
P00162,Commercial,Construction,South,2026-09,62856,61025
P00163,Commercial,Construction,South,2026-09,24231,23525
P00164,Commercial,Construction,South,2026-09,13371,12982
P00165,Commercial,Construction,South,2026-09,42514,41276
P00166,Commercial,Construction,South,2026-09,32156,31219
P00167,Commercial,Construction,South,2026-09,57999,56310
P00168,Commercial,Construction,South,2026-09,56787,55133
P00169,Commercial,Construction,South,2026-09,29126,28278
P00170,Commercial,Construction,South,2026-09,64933,63042
P00171,Commercial,Construction,South,2026-09,27649,26844
P00172,Commercial,Construction,South,2026-09,40273,39100
P00173,Commercial,Construction,South,2026-09,25681,24933
P00174,Commercial,Construction,South,2026-09,63984,62120
P00175,Commercial,Construction,South,2026-09,20535,19937
P00176,Commercial,Construction,South,2026-09,13794,13392
P00177,Commercial,Construction,South,2026-09,35770,34728
P00178,Commercial,Construction,South,2026-09,67157,65201
P00179,Commercial,Construction,South,2026-09,61485,59694
P00180,Commercial,Construction,South,2026-09,53427,51871
P00181,Commercial,Construction,South,2026-09,61435,59646
P00182,Commercial,Construction,South,2026-09,61585,59791
P00183,Commercial,Construction,South,2026-09,40487,39308
P00184,Commercial,Construction,South,2026-09,29058,28212
P00185,Commercial,Construction,South,2026-09,54746,53151
P00186,Commercial,Construction,South,2026-09,48531,47117
P00187,Commercial,Construction,South,2026-09,32309,31368
P00188,Commercial,Construction,South,2026-09,16585,16102
P00189,Commercial,Construction,South,2026-09,53325,51772
P00190,Commercial,Construction,South,2026-09,26047,25288
P00191,Commercial,Construction,South,2026-09,64028,62163
P00192,Commercial,Construction,South,2026-09,24836,24113
P00193,Commercial,Construction,South,2026-09,18178,17649
P00194,Commercial,Construction,South,2026-09,58074,56383
P00195,Commercial,Construction,South,2026-09,19898,19318
P00196,Commercial,Construction,South,2026-09,21361,20739
P00197,Commercial,Construction,South,2026-09,45022,43711
P00198,Commercial,Construction,South,2026-09,60522,58759
P00199,Commercial,Construction,South,2026-09,22328,21678
P00200,Commercial,Construction,South,2026-09,28742,27905
P00201,Commercial,Construction,South,2026-09,55049,53446
P00202,Commercial,Construction,South,2026-09,65999,64077
P00203,Commercial,Construction,South,2026-09,39468,38318
P00204,Commercial,Construction,South,2026-09,19369,18805
P00205,Commercial,Construction,South,2026-09,12049,11698
P00206,Commercial,Construction,South,2026-09,24199,23494
P00207,Commercial,Construction,South,2026-09,18689,18145
P00208,Commercial,Construction,South,2026-09,49432,47992
P00209,Commercial,Construction,South,2026-09,18126,17598
P00210,Commercial,Construction,South,2026-09,39782,38623
P00211,Commercial,Construction,South,2026-09,50367,48900
P00212,Commercial,Construction,South,2026-09,43994,42713
P00213,Commercial,Construction,South,2026-09,22516,21860
P00214,Commercial,Construction,South,2026-09,56554,54907
P00215,Commercial,Construction,South,2026-09,51558,50056
P00216,Commercial,Construction,South,2026-09,52885,51345
P00217,Commercial,Construction,South,2026-09,18646,18103
P00218,Commercial,Construction,South,2026-09,18234,17703
P00219,Commercial,Construction,South,2026-09,63507,61657
P00220,Commercial,Construction,South,2026-09,33656,32676
P00221,Commercial,Construction,South,2026-09,28215,27393
P00222,Commercial,Construction,South,2026-09,38783,37653
P00223,Commercial,Construction,South,2026-09,48598,47183
P00224,Commercial,Construction,South,2026-09,65087,63191
P00225,Commercial,Construction,South,2026-09,27398,26600
P00226,Commercial,Construction,South,2026-09,63351,61506
P00227,Commercial,Construction,South,2026-09,12665,12296
P00228,Commercial,Construction,South,2026-09,42534,41295
P00229,Commercial,Construction,South,2026-09,46971,45603
P00230,Commercial,Construction,South,2026-09,17229,16727
P00231,Commercial,Construction,South,2026-09,19168,18610
P00232,Commercial,Construction,South,2026-09,34870,33854
P00233,Commercial,Construction,South,2026-09,65684,63771
P00234,Commercial,Construction,South,2026-09,44835,43529
P00235,Commercial,Construction,South,2026-09,63814,61955
P00236,Commercial,Construction,South,2026-09,56568,54920
P00237,Commercial,Construction,South,2026-09,37588,36493
P00238,Commercial,Construction,South,2026-09,55463,53848
P00239,Commercial,Construction,South,2026-09,12269,11912
P00240,Commercial,Construction,South,2026-09,17411,16904
P00241,Commercial,Construction,South,2026-09,57980,56291
P00242,Commercial,Construction,South,2026-09,56142,54507
P00243,Commercial,Construction,South,2026-09,24367,23657
P00244,Commercial,Construction,South,2026-09,41159,39960
P00245,Commercial,Construction,South,2026-09,45396,44074
P00246,Commercial,Construction,South,2026-09,60137,58385
P00247,Commercial,Construction,South,2026-09,45232,43915
P00248,Commercial,Construction,South,2026-09,34501,33496
P00249,Commercial,Construction,South,2026-09,32339,31397
P00250,Commercial,Construction,South,2026-09,35251,34224
P00251,Commercial,Construction,South,2026-09,47983,46585
P00252,Commercial,Construction,South,2026-09,60123,58372
P00253,Commercial,Construction,South,2026-09,36829,35756
P00254,Commercial,Construction,South,2026-09,25224,24489
P00255,Commercial,Construction,South,2026-09,24593,23877
P00256,Commercial,Construction,South,2026-09,53281,51729
P00257,Commercial,Construction,South,2026-09,57255,55587
P00258,Commercial,Construction,South,2026-09,17194,16693
P00259,Commercial,Construction,South,2026-09,15013,14576
P00260,Commercial,Construction,South,2026-09,44744,43441
P00261,Commercial,Construction,South,2026-09,19497,18929
P00262,Commercial,Construction,South,2026-09,57711,56030
P00263,Commercial,Construction,South,2026-09,28743,27906
P00264,Commercial,Construction,South,2026-09,19367,18803
P00265,Commercial,Construction,South,2026-09,63135,61296
P00266,Commercial,Construction,South,2026-09,20588,19988
P00267,Commercial,Construction,South,2026-09,27300,26505
P00268,Commercial,Construction,South,2026-09,19916,19336
P00269,Commercial,Construction,South,2026-09,17769,17251
P00270,Commercial,Construction,South,2026-09,12456,12093
P00271,Commercial,Construction,South,2026-09,14384,13965
P00272,Commercial,Construction,South,2026-09,21101,20486
P00273,Commercial,Construction,South,2026-09,14271,13855
P00274,Commercial,Construction,South,2026-09,44559,43261
P00275,Commercial,Construction,South,2026-09,49604,48159
P00276,Commercial,Construction,South,2026-09,33435,32461
P00277,Commercial,Construction,South,2026-09,29174,28324
P00278,Commercial,Construction,South,2026-09,39680,38524
P00279,Commercial,Construction,South,2026-09,60546,58783
P00280,Commercial,Construction,South,2026-09,59201,57477
P00281,Commercial,Construction,South,2026-09,13713,13314
P00282,Commercial,Construction,South,2026-09,21487,20861
P00283,Commercial,Construction,South,2026-09,24598,23882
P00284,Commercial,Construction,South,2026-09,25310,24573
P00285,Commercial,Construction,South,2026-09,43437,42172
P00286,Commercial,Construction,South,2026-09,34709,33698
P00287,Commercial,Construction,South,2026-09,14039,13630
P00288,Commercial,Construction,South,2026-09,32307,31366
P00289,Commercial,Construction,South,2026-09,40763,39576
P00290,Commercial,Construction,South,2026-09,16991,16496
P00291,Commercial,Construction,South,2026-09,58206,56511
P00292,Commercial,Construction,South,2026-09,14191,13778
P00293,Commercial,Construction,South,2026-09,63353,61508
P00294,Commercial,Construction,South,2026-09,16847,16356
P00295,Commercial,Construction,South,2026-09,58776,57064
P00296,Commercial,Construction,South,2026-09,62104,60295
P00297,Commercial,Construction,South,2026-09,66436,64501
P00298,Commercial,Construction,South,2026-09,56436,54792
P00299,Commercial,Construction,South,2026-09,55166,53559
P00300,Commercial,Construction,South,2026-09,47450,46068
P00301,Commercial,Construction,South,2026-09,55139,53533
P00302,Commercial,Construction,South,2026-09,18843,18294
P00303,Commercial,Construction,South,2026-09,41456,40249
P00304,Commercial,Construction,South,2026-09,40227,39055
P00305,Commercial,Construction,South,2026-09,59565,57830
P00306,Commercial,Construction,South,2026-09,37330,36243
P00307,Commercial,Construction,South,2026-09,32954,31994
P00308,Commercial,Construction,South,2026-09,47286,45909
P00309,Commercial,Construction,South,2026-09,26272,25507
P00310,Commercial,Construction,South,2026-09,19136,18579
P00311,Commercial,Construction,South,2026-09,38179,37067
P00312,Commercial,Construction,South,2026-09,34744,33732
P00313,Commercial,Construction,South,2026-09,24364,23654
P00314,Commercial,Construction,South,2026-09,31963,31032
P00315,Commercial,Construction,South,2026-09,31900,30971
P00316,Commercial,Construction,South,2026-09,29709,28844
P00317,Commercial,Construction,South,2026-09,32637,31686
P00318,Commercial,Construction,South,2026-09,49887,48434
P00319,Commercial,Construction,South,2026-09,27985,27170
P00320,Commercial,Construction,South,2026-09,64706,62821
P00321,Commercial,Construction,South,2026-09,62874,61043
P00322,Commercial,Construction,South,2026-09,38350,37233
P00323,Commercial,Construction,South,2026-09,29759,28892
P00324,Commercial,Construction,South,2026-09,41421,40215
P00325,Commercial,Construction,South,2026-09,59057,57337
P00326,Commercial,Construction,South,2026-09,48020,46621
P00327,Commercial,Construction,South,2026-09,56570,54922
P00328,Commercial,Construction,South,2026-09,41268,40066
P00329,Commercial,Construction,South,2026-09,46911,45545
P00330,Commercial,Construction,South,2026-09,27494,26693
P00331,Commercial,Construction,South,2026-09,52655,51121
P00332,Commercial,Construction,South,2026-09,22664,22004
P00333,Commercial,Construction,South,2026-09,50397,48929
P00334,Commercial,Construction,South,2026-09,59742,58002
P00335,Commercial,Construction,South,2026-09,18705,18160
P00336,Commercial,Construction,South,2026-09,45867,44531
P00337,Commercial,Construction,South,2026-09,16620,16136
P00338,Commercial,Construction,South,2026-09,52138,50619
P00339,Commercial,Construction,South,2026-09,16023,15556
P00340,Commercial,Construction,South,2026-09,63978,62115
P00341,Commercial,Construction,South,2026-09,19004,18450
P00342,Commercial,Construction,South,2026-09,65270,63369
P00343,Commercial,Construction,South,2026-09,56372,54730
P00344,Commercial,Construction,South,2026-09,44702,43400
P00345,Commercial,Construction,South,2026-09,55343,53731
P00346,Commercial,Construction,South,2026-09,56046,54414
P00347,Commercial,Construction,South,2026-09,64546,62666
P00348,Commercial,Construction,South,2026-09,25536,24792
P00349,Commercial,Construction,South,2026-09,44498,43202
P00350,Commercial,Construction,South,2026-09,16618,16134
P00351,Commercial,Construction,South,2026-09,45968,44629
P00352,Commercial,Construction,South,2026-09,20912,20303
P00353,Commercial,Construction,South,2026-09,43084,41829
P00354,Commercial,Construction,South,2026-09,43505,42238
P00355,Commercial,Construction,South,2026-09,37510,36417
P00356,Commercial,Construction,South,2026-09,40700,39515
P00357,Commercial,Construction,South,2026-09,54290,52709
P00358,Commercial,Construction,South,2026-09,56279,54640
P00359,Commercial,Construction,South,2026-09,38983,37848
P00360,Commercial,Construction,South,2026-09,45035,43723
P00361,Commercial,Construction,South,2026-09,63714,61858
P00362,Commercial,Construction,South,2026-09,18007,17483
P00363,Commercial,Construction,South,2026-09,17860,17340
P00364,Commercial,Construction,South,2026-09,16204,15732
P00365,Commercial,Construction,South,2026-09,48316,46909
P00366,Commercial,Construction,South,2026-09,34841,33826
P00367,Commercial,Construction,South,2026-09,54875,53277
P00368,Commercial,Construction,South,2026-09,49069,47640
P00369,Commercial,Construction,South,2026-09,30055,29180
P00370,Commercial,Construction,South,2026-09,61862,60060
P00371,Commercial,Construction,South,2026-09,54212,52633
P00372,Commercial,Construction,South,2026-09,26502,25730
P00373,Commercial,Construction,South,2026-09,31777,30851
P00374,Commercial,Construction,South,2026-09,28974,28130
P00375,Commercial,Construction,South,2026-09,20142,19555
P00376,Commercial,Construction,South,2026-09,19588,19017
P00377,Commercial,Construction,South,2026-09,63989,62125
P00378,Commercial,Construction,South,2026-09,35927,34881
P00379,Commercial,Construction,South,2026-09,32854,31897
P00380,Commercial,Construction,South,2026-09,52362,50837
P00381,Commercial,Construction,South,2026-09,42410,41175
P00382,Commercial,Construction,South,2026-09,63990,62126
P00383,Commercial,Construction,South,2026-09,55212,53604
P00384,Commercial,Construction,South,2026-09,38263,37149
P00385,Commercial,Construction,South,2026-09,32461,31516
P00386,Commercial,Construction,South,2026-09,66834,64887
P00387,Commercial,Construction,South,2026-09,51690,50184
P00388,Commercial,Construction,South,2026-09,64837,62949
P00389,Commercial,Construction,South,2026-09,17937,17415
P00390,Commercial,Construction,South,2026-09,59168,57445
P00391,Commercial,Construction,South,2026-09,47145,45772
P00392,Commercial,Construction,South,2026-09,18131,17603
P00393,Commercial,Construction,South,2026-09,44396,43103
P00394,Commercial,Construction,South,2026-09,49907,48453
P00395,Commercial,Construction,South,2026-09,11957,11609
P00396,Commercial,Construction,South,2026-09,36852,35779
P00397,Commercial,Construction,South,2026-09,57752,56070
P00398,Commercial,Construction,South,2026-09,27900,27087
P00399,Commercial,Construction,South,2026-09,37090,36010
P00400,Commercial,Construction,South,2026-09,36177,35123
P00401,Commercial,Construction,South,2026-09,28269,27446
P00402,Commercial,Construction,South,2026-09,62993,61158
P00403,Commercial,Construction,South,2026-09,55269,53659
P00404,Commercial,Construction,South,2026-09,17492,16983
P00405,Commercial,Construction,South,2026-09,67420,65456
P00406,Commercial,Construction,South,2026-09,60782,59012
P00407,Commercial,Construction,South,2026-09,27255,26461
P00408,Commercial,Construction,South,2026-09,58400,56699
P00409,Commercial,Construction,South,2026-09,17258,16755
P00410,Commercial,Construction,South,2026-09,67536,65569
P00411,Commercial,Construction,South,2026-09,48757,47337
P00412,Commercial,Construction,South,2026-09,47881,46486
P00413,Commercial,Construction,South,2026-09,16358,15882
P00414,Commercial,Construction,South,2026-09,61787,59987
P00415,Commercial,Construction,South,2026-09,12898,12522
P00416,Commercial,Construction,South,2026-09,24828,24105
P00417,Commercial,Construction,South,2026-09,19320,18757
P00418,Commercial,Construction,South,2026-09,55013,53411
P00419,Commercial,Construction,South,2026-09,22427,21774
P00420,Commercial,Construction,South,2026-09,62553,60731
P00421,Commercial,Construction,South,2026-09,48227,46822
P00422,Commercial,Construction,South,2026-09,13301,12914
P00423,Commercial,Construction,South,2026-09,11570,11233
P00424,Commercial,Construction,South,2026-09,14174,13761
P00425,Commercial,Construction,South,2026-09,45391,44069
P00426,Commercial,Construction,South,2026-09,56405,54762
P00427,Commercial,Construction,South,2026-09,24700,23981
P00428,Commercial,Construction,South,2026-09,59104,57383
P00429,Commercial,Construction,South,2026-09,14488,14066
P00430,Commercial,Construction,South,2026-09,56376,54734
P00431,Commercial,Construction,South,2026-09,63519,61669
P00432,Commercial,Construction,South,2026-09,54751,53156
P00433,Commercial,Construction,South,2026-09,50584,49111
P00434,Commercial,Construction,South,2026-09,58461,56758
P00435,Commercial,Construction,South,2026-09,13526,13132
P00436,Commercial,Construction,South,2026-09,22629,21970
P00437,Commercial,Construction,South,2026-09,18300,17767
P00438,Commercial,Construction,South,2026-09,39681,38525
P00439,Commercial,Construction,South,2026-09,53235,51684
P00440,Commercial,Construction,South,2026-09,46748,45386
P00441,Commercial,Construction,South,2026-09,59201,57477
P00442,Commercial,Construction,South,2026-09,20007,19424
P00443,Commercial,Construction,South,2026-09,52639,51106
P00444,Commercial,Construction,South,2026-09,22137,21492
P00445,Commercial,Construction,South,2026-09,26514,25742
P00446,Commercial,Construction,South,2026-09,51248,49755
P00447,Commercial,Construction,South,2026-09,66471,64535
P00448,Commercial,Construction,South,2026-09,45707,44376
P00449,Commercial,Construction,South,2026-09,14333,13916
P00450,Commercial,Construction,South,2026-09,45976,44637
P00451,Commercial,Construction,South,2026-09,13650,13252
P00452,Commercial,Construction,South,2026-09,61061,59283
P00453,Commercial,Construction,South,2026-09,51229,49737
P00454,Commercial,Construction,South,2026-09,21015,20403
P00455,Commercial,Construction,South,2026-09,16431,15952
P00456,Commercial,Construction,South,2026-09,21601,20972
P00457,Commercial,Construction,South,2026-09,66462,64526
P00458,Commercial,Construction,South,2026-09,37091,36011
P00459,Commercial,Construction,South,2026-09,55425,53811
P00460,Commercial,Construction,South,2026-09,47108,45736
P00461,Commercial,Construction,South,2026-09,43504,42237
P00462,Commercial,Construction,South,2026-09,19438,18872
P00463,Commercial,Construction,South,2026-09,64546,62666
P00464,Commercial,Construction,South,2026-09,28236,27414
P00465,Commercial,Construction,South,2026-09,43819,42543
P00466,Commercial,Construction,South,2026-09,50677,49201
P00467,Commercial,Construction,South,2026-09,47830,46437
P00468,Commercial,Construction,South,2026-09,64240,62369
P00469,Commercial,Construction,South,2026-09,19625,19053
P00470,Commercial,Construction,South,2026-09,39896,38734
P00471,Commercial,Construction,North,2026-09,15714,15256
P00472,Commercial,Construction,North,2026-09,10689,10378
P00473,Commercial,Construction,North,2026-09,32309,31368
P00474,Commercial,Construction,North,2026-09,14533,14110
P00475,Commercial,Construction,North,2026-09,22901,22234
P00476,Commercial,Construction,North,2026-09,29833,28964
P00477,Commercial,Construction,North,2026-09,29588,28726
P00478,Commercial,Construction,North,2026-09,19199,18640
P00479,Commercial,Construction,North,2026-09,20338,19746
P00480,Commercial,Construction,North,2026-09,35929,34883
P00481,Commercial,Construction,North,2026-09,26303,25537
P00482,Commercial,Construction,North,2026-09,30515,29626
P00483,Commercial,Construction,North,2026-09,33159,32193
P00484,Commercial,Construction,North,2026-09,29701,28836
P00485,Commercial,Construction,North,2026-09,11584,11247
P00486,Commercial,Construction,North,2026-09,22922,22254
P00487,Commercial,Construction,North,2026-09,9079,8815
P00488,Commercial,Construction,North,2026-09,25651,24904
P00489,Commercial,Construction,North,2026-09,34746,33734
P00490,Commercial,Construction,North,2026-09,21435,20811
P00491,Commercial,Construction,North,2026-09,19036,18482
P00492,Commercial,Construction,North,2026-09,7093,6886
P00493,Commercial,Construction,North,2026-09,34880,33864
P00494,Commercial,Construction,North,2026-09,9112,8847
P00495,Commercial,Construction,North,2026-09,7250,7039
P00496,Commercial,Construction,North,2026-09,13415,13024
P00497,Commercial,Construction,North,2026-09,7986,7753
P00498,Commercial,Construction,North,2026-09,19702,19128
P00499,Commercial,Construction,North,2026-09,21536,20909
P00500,Commercial,Construction,North,2026-09,15415,14966
P00501,Commercial,Construction,North,2026-09,7548,7328
P00502,Commercial,Construction,North,2026-09,9371,9098
P00503,Commercial,Construction,North,2026-09,17579,17067
P00504,Commercial,Construction,North,2026-09,7835,7607
P00505,Commercial,Construction,North,2026-09,27013,26226
P00506,Commercial,Construction,North,2026-09,12241,11884
P00507,Commercial,Construction,North,2026-09,15100,14660
P00508,Commercial,Construction,North,2026-09,17868,17348
P00509,Commercial,Construction,North,2026-09,18544,18004
P00510,Commercial,Construction,North,2026-09,6065,5888
P00511,Commercial,Construction,North,2026-09,9385,9112
P00512,Commercial,Construction,North,2026-09,31962,31031
P00513,Commercial,Construction,North,2026-09,6052,5876
P00514,Commercial,Construction,North,2026-09,21297,20677
P00515,Commercial,Construction,North,2026-09,20736,20132
P00516,Commercial,Construction,North,2026-09,16033,15566
P00517,Commercial,Construction,North,2026-09,18987,18434
P00518,Commercial,Construction,North,2026-09,29490,28631
P00519,Commercial,Construction,North,2026-09,31314,30402
P00520,Commercial,Construction,North,2026-09,13844,13441
P00521,Commercial,Construction,North,2026-09,15714,15256
P00522,Commercial,Construction,North,2026-09,13308,12920
P00523,Commercial,Construction,North,2026-09,20447,19851
P00524,Commercial,Construction,North,2026-09,26564,25790
P00525,Commercial,Construction,North,2026-09,12879,12504
P00526,Commercial,Construction,North,2026-09,15962,15497
P00527,Commercial,Construction,North,2026-09,33996,33006
P00528,Commercial,Construction,North,2026-09,7476,7258
P00529,Commercial,Construction,North,2026-09,19872,19293
P00530,Commercial,Construction,North,2026-09,27414,26616
P00531,Commercial,Construction,North,2026-09,10540,10233
P00532,Commercial,Construction,North,2026-09,7440,7223
P00533,Commercial,Construction,North,2026-09,10171,9875
P00534,Commercial,Construction,North,2026-09,33648,32668
P00535,Commercial,Construction,North,2026-09,6293,6110
P00536,Commercial,Construction,North,2026-09,11678,11338
P00537,Commercial,Construction,North,2026-09,6956,6753
P00538,Commercial,Construction,North,2026-09,9342,9070
P00539,Commercial,Construction,North,2026-09,24665,23947
P00540,Commercial,Construction,North,2026-09,13282,12895
P00541,Commercial,Construction,North,2026-09,23134,22460
P00542,Commercial,Construction,North,2026-09,23765,23073
P00543,Commercial,Construction,North,2026-09,31561,30642
P00544,Commercial,Construction,North,2026-09,6157,5978
P00545,Commercial,Construction,North,2026-09,31680,30757
P00546,Commercial,Construction,North,2026-09,24635,23917
P00547,Commercial,Construction,North,2026-09,10910,10592
P00548,Commercial,Construction,North,2026-09,29260,28408
P00549,Commercial,Construction,North,2026-09,31744,30819
P00550,Commercial,Construction,North,2026-09,13662,13264
P00551,Commercial,Construction,North,2026-09,33647,32667
P00552,Commercial,Construction,North,2026-09,19682,19109
P00553,Commercial,Construction,North,2026-09,24163,23459
P00554,Commercial,Construction,North,2026-09,35628,34590
P00555,Commercial,Construction,North,2026-09,16888,16396
P00556,Commercial,Construction,North,2026-09,30470,29583
P00557,Commercial,Construction,North,2026-09,15590,15136
P00558,Commercial,Construction,North,2026-09,30051,29176
P00559,Commercial,Construction,North,2026-09,24081,23380
P00560,Commercial,Construction,North,2026-09,12522,12157
P00561,Commercial,Construction,North,2026-09,18467,17929
P00562,Commercial,Construction,North,2026-09,15567,15114
P00563,Commercial,Construction,North,2026-09,8364,8120
P00564,Commercial,Construction,North,2026-09,6912,6711
P00565,Commercial,Construction,North,2026-09,16435,15956
P00566,Commercial,Construction,North,2026-09,6587,6395
P00567,Commercial,Construction,North,2026-09,10992,10672
P00568,Commercial,Construction,North,2026-09,27824,27014
P00569,Commercial,Construction,North,2026-09,27310,26515
P00570,Commercial,Construction,North,2026-09,28227,27405
P00571,Commercial,Construction,North,2026-09,15553,15100
P00572,Commercial,Construction,North,2026-09,32782,31827
P00573,Commercial,Construction,North,2026-09,23874,23179
P00574,Commercial,Construction,North,2026-09,9805,9519
P00575,Commercial,Construction,North,2026-09,10337,10036
P00576,Commercial,Construction,North,2026-09,26859,26077
P00577,Commercial,Construction,North,2026-09,11216,10889
P00578,Commercial,Construction,North,2026-09,21272,20652
P00579,Commercial,Construction,North,2026-09,35842,34798
P00580,Commercial,Construction,North,2026-09,6136,5957
P00581,Commercial,Construction,North,2026-09,6514,6324
P00582,Commercial,Construction,North,2026-09,35881,34836
P00583,Commercial,Construction,North,2026-09,23597,22910
P00584,Commercial,Construction,North,2026-09,9831,9545
P00585,Commercial,Construction,North,2026-09,33001,32040
P00586,Commercial,Construction,North,2026-09,32491,31545
P00587,Commercial,Construction,North,2026-09,22141,21496
P00588,Commercial,Construction,North,2026-09,24715,23995
P00589,Commercial,Construction,North,2026-09,14230,13816
P00590,Commercial,Construction,North,2026-09,7534,7315
P00591,Commercial,Construction,North,2026-09,23896,23200
P00592,Commercial,Construction,North,2026-09,14879,14446
P00593,Commercial,Construction,North,2026-09,25972,25216
P00594,Commercial,Construction,North,2026-09,31165,30257
P00595,Commercial,Construction,North,2026-09,6561,6370
P00596,Commercial,Construction,North,2026-09,23931,23234
P00597,Commercial,Construction,North,2026-09,12971,12593
P00598,Commercial,Construction,North,2026-09,32297,31356
P00599,Commercial,Construction,North,2026-09,13643,13246
P00600,Commercial,Construction,North,2026-09,24383,23673
P00601,Commercial,Construction,North,2026-09,22662,22002
P00602,Commercial,Construction,North,2026-09,17929,17407
P00603,Commercial,Construction,North,2026-09,26394,25625
P00604,Commercial,Construction,North,2026-09,27842,27031
P00605,Commercial,Construction,North,2026-09,23065,22393
P00606,Commercial,Construction,North,2026-09,28824,27984
P00607,Commercial,Construction,North,2026-09,35591,34554
P00608,Commercial,Construction,North,2026-09,18624,18082
P00609,Commercial,Construction,North,2026-09,21491,20865
P00610,Commercial,Construction,North,2026-09,6390,6204
P00611,Commercial,Construction,North,2026-09,29955,29083
P00612,Commercial,Construction,North,2026-09,21661,21030
P00613,Commercial,Construction,North,2026-09,18285,17752
P00614,Commercial,Construction,North,2026-09,8844,8586
P00615,Commercial,Construction,North,2026-09,32770,31816
P00616,Commercial,Construction,North,2026-09,17894,17373
P00617,Commercial,Construction,North,2026-09,26543,25770
P00618,Commercial,Construction,North,2026-09,10507,10201
P00619,Commercial,Construction,North,2026-09,34933,33916
P00620,Commercial,Construction,North,2026-09,11382,11050
P00621,Commercial,Construction,North,2026-09,12016,11666
P00622,Commercial,Construction,North,2026-09,31849,30921
P00623,Commercial,Construction,North,2026-09,33461,32486
P00624,Commercial,Construction,North,2026-09,12395,12034
P00625,Commercial,Construction,North,2026-09,20144,19557
P00626,Commercial,Construction,North,2026-09,28075,27257
P00627,Commercial,Construction,North,2026-09,32432,31487
P00628,Commercial,Construction,North,2026-09,17414,16907
P00629,Commercial,Construction,North,2026-09,21564,20936
P00630,Commercial,Construction,North,2026-09,28322,27497
P00631,Commercial,Construction,North,2026-09,28004,27188
P00632,Commercial,Construction,North,2026-09,29562,28701
P00633,Commercial,Construction,North,2026-09,23155,22481
P00634,Commercial,Construction,North,2026-09,9161,8894
P00635,Commercial,Construction,North,2026-09,33201,32234
P00636,Commercial,Construction,North,2026-09,32046,31113
P00637,Commercial,Construction,North,2026-09,30017,29143
P00638,Commercial,Construction,North,2026-09,9019,8756
P00639,Commercial,Construction,North,2026-09,12162,11808
P00640,Commercial,Construction,North,2026-09,28379,27552
P00641,Commercial,Construction,North,2026-09,6710,6515
P00642,Commercial,Construction,North,2026-09,35465,34432
P00643,Commercial,Construction,North,2026-09,17358,16852
P00644,Commercial,Construction,North,2026-09,27648,26843
P00645,Commercial,Construction,North,2026-09,32708,31755
P00646,Commercial,Construction,North,2026-09,17883,17362
P00647,Commercial,Construction,North,2026-09,15613,15158
P00648,Commercial,Construction,North,2026-09,24322,23614
P00649,Commercial,Construction,North,2026-09,23488,22804
P00650,Commercial,Construction,North,2026-09,18320,17786
P00651,Commercial,Construction,North,2026-09,24113,23411
P00652,Commercial,Construction,North,2026-09,34146,33151
P00653,Commercial,Construction,North,2026-09,20079,19494
P00654,Commercial,Construction,North,2026-09,11932,11584
P00655,Commercial,Construction,North,2026-09,17360,16854
P00656,Commercial,Construction,North,2026-09,17867,17347
P00657,Commercial,Construction,North,2026-09,9958,9668
P00658,Commercial,Construction,North,2026-09,10913,10595
P00659,Commercial,Construction,North,2026-09,26603,25828
P00660,Commercial,Construction,North,2026-09,16225,15752
P00661,Commercial,Construction,North,2026-09,34733,33721
P00662,Commercial,Construction,North,2026-09,13341,12952
P00663,Commercial,Construction,North,2026-09,8990,8728
P00664,Commercial,Construction,North,2026-09,28676,27841
P00665,Commercial,Construction,North,2026-09,32512,31565
P00666,Commercial,Construction,North,2026-09,14379,13960
P00667,Commercial,Construction,North,2026-09,12092,11740
P00668,Commercial,Construction,North,2026-09,11602,11264
P00669,Commercial,Construction,North,2026-09,21714,21082
P00670,Commercial,Construction,North,2026-09,20103,19517
P00671,Commercial,Construction,North,2026-09,13817,13415
P00672,Commercial,Construction,North,2026-09,7374,7159
P00673,Commercial,Construction,North,2026-09,20496,19899
P00674,Commercial,Construction,North,2026-09,34867,33851
P00675,Commercial,Construction,North,2026-09,25639,24892
P00676,Commercial,Construction,North,2026-09,20917,20308
P00677,Commercial,Construction,North,2026-09,9344,9072
P00678,Commercial,Construction,North,2026-09,13606,13210
P00679,Commercial,Construction,North,2026-09,14880,14447
P00680,Commercial,Construction,North,2026-09,29016,28171
P00681,Commercial,Construction,North,2026-09,32381,31438
P00682,Commercial,Construction,North,2026-09,33131,32166
P00683,Commercial,Construction,North,2026-09,35626,34588
P00684,Commercial,Construction,North,2026-09,35559,34523
P00685,Commercial,Construction,North,2026-09,34676,33666
P00686,Commercial,Construction,North,2026-09,8175,7937
P00687,Commercial,Construction,North,2026-09,10159,9863
P00688,Commercial,Construction,North,2026-09,15172,14730
P00689,Commercial,Construction,North,2026-09,22644,21984
P00690,Commercial,Construction,North,2026-09,8931,8671
P00691,Commercial,Construction,North,2026-09,31452,30536
P00692,Commercial,Construction,North,2026-09,24563,23848
P00693,Commercial,Construction,North,2026-09,22326,21676
P00694,Commercial,Construction,North,2026-09,10987,10667
P00695,Commercial,Construction,North,2026-09,13631,13234
P00696,Commercial,Construction,North,2026-09,10837,10521
P00697,Commercial,Construction,North,2026-09,31636,30715
P00698,Commercial,Construction,North,2026-09,23585,22898
P00699,Commercial,Construction,North,2026-09,28123,27304
P00700,Commercial,Construction,North,2026-09,14917,14483
P00701,Commercial,Construction,North,2026-09,17180,16680
P00702,Commercial,Construction,North,2026-09,18191,17661
P00703,Commercial,Construction,North,2026-09,28872,28031
P00704,Commercial,Construction,North,2026-09,29243,28391
P00705,Commercial,Construction,North,2026-09,12234,11878
P00706,Commercial,Construction,North,2026-09,34331,33331
P00707,Commercial,Construction,North,2026-09,9644,9363
P00708,Commercial,Construction,North,2026-09,32965,32005
P00709,Commercial,Construction,North,2026-09,9034,8771
P00710,Commercial,Construction,North,2026-09,13971,13564
P00711,Commercial,Construction,North,2026-09,31473,30556
P00712,Commercial,Construction,North,2026-09,11413,11081
P00713,Commercial,Construction,North,2026-09,18452,17915
P00714,Commercial,Construction,North,2026-09,19544,18975
P00715,Commercial,Construction,North,2026-09,13391,13001
P00716,Commercial,Construction,North,2026-09,27375,26578
P00717,Commercial,Construction,North,2026-09,31618,30697
P00718,Commercial,Construction,North,2026-09,32317,31376
P00719,Commercial,Construction,North,2026-09,16219,15747
P00720,Commercial,Construction,North,2026-09,21980,21340
P00721,Commercial,Construction,North,2026-09,13486,13093
P00722,Commercial,Construction,North,2026-09,13377,12987
P00723,Commercial,Construction,North,2026-09,10864,10548
P00724,Commercial,Construction,North,2026-09,34286,33287
P00725,Commercial,Construction,North,2026-09,32721,31768
P00726,Commercial,Construction,North,2026-09,29393,28537
P00727,Commercial,Construction,North,2026-09,21584,20955
P00728,Commercial,Construction,North,2026-09,20770,20165
P00729,Commercial,Construction,North,2026-09,21946,21307
P00730,Commercial,Construction,North,2026-09,22152,21507
P00731,Commercial,Construction,East,2026-09,29109,28261
P00732,Commercial,Construction,East,2026-09,36532,35468
P00733,Commercial,Construction,East,2026-09,22420,21767
P00734,Commercial,Construction,East,2026-09,26362,25594
P00735,Commercial,Construction,East,2026-09,15403,14954
P00736,Commercial,Construction,East,2026-09,35176,34151
P00737,Commercial,Construction,East,2026-09,17360,16854
P00738,Commercial,Construction,East,2026-09,28768,27930
P00739,Commercial,Construction,East,2026-09,18488,17950
P00740,Commercial,Construction,East,2026-09,23352,22672
P00741,Commercial,Construction,East,2026-09,28194,27373
P00742,Commercial,Construction,East,2026-09,21731,21098
P00743,Commercial,Construction,East,2026-09,33935,32947
P00744,Commercial,Construction,East,2026-09,18984,18431
P00745,Commercial,Construction,East,2026-09,25965,25209
P00746,Commercial,Construction,East,2026-09,16625,16141
P00747,Commercial,Construction,East,2026-09,18642,18099
P00748,Commercial,Construction,East,2026-09,19619,19048
P00749,Commercial,Construction,East,2026-09,9987,9696
P00750,Commercial,Construction,East,2026-09,8942,8682
P00751,Commercial,Construction,East,2026-09,26592,25817
P00752,Commercial,Construction,East,2026-09,26224,25460
P00753,Commercial,Construction,East,2026-09,26450,25680
P00754,Commercial,Construction,East,2026-09,6736,6540
P00755,Commercial,Construction,East,2026-09,16140,15670
P00756,Commercial,Construction,East,2026-09,12194,11839
P00757,Commercial,Construction,East,2026-09,29983,29110
P00758,Commercial,Construction,East,2026-09,32512,31565
P00759,Commercial,Construction,East,2026-09,13692,13293
P00760,Commercial,Construction,East,2026-09,26602,25827
P00761,Commercial,Construction,East,2026-09,10096,9802
P00762,Commercial,Construction,East,2026-09,14565,14141
P00763,Commercial,Construction,East,2026-09,10380,10078
P00764,Commercial,Construction,East,2026-09,14822,14390
P00765,Commercial,Construction,East,2026-09,26813,26032
P00766,Commercial,Construction,East,2026-09,34035,33044
P00767,Commercial,Construction,East,2026-09,12338,11979
P00768,Commercial,Construction,East,2026-09,22747,22084
P00769,Commercial,Construction,East,2026-09,27631,26826
P00770,Commercial,Construction,East,2026-09,35340,34311
P00771,Commercial,Construction,East,2026-09,24831,24108
P00772,Commercial,Construction,East,2026-09,13950,13544
P00773,Commercial,Construction,East,2026-09,25303,24566
P00774,Commercial,Construction,East,2026-09,15955,15490
P00775,Commercial,Construction,East,2026-09,36052,35002
P00776,Commercial,Construction,East,2026-09,18381,17846
P00777,Commercial,Construction,East,2026-09,27140,26350
P00778,Commercial,Construction,East,2026-09,6842,6643
P00779,Commercial,Construction,East,2026-09,18394,17858
P00780,Commercial,Construction,East,2026-09,32955,31995
P00781,Commercial,Construction,East,2026-09,24836,24113
P00782,Commercial,Construction,East,2026-09,19739,19164
P00783,Commercial,Construction,East,2026-09,34820,33806
P00784,Commercial,Construction,East,2026-09,32308,31367
P00785,Commercial,Construction,East,2026-09,16007,15541
P00786,Commercial,Construction,East,2026-09,22823,22158
P00787,Commercial,Construction,East,2026-09,21145,20529
P00788,Commercial,Construction,East,2026-09,25509,24766
P00789,Commercial,Construction,East,2026-09,16372,15895
P00790,Commercial,Construction,East,2026-09,13617,13220
P00791,Commercial,Construction,East,2026-09,34106,33113
P00792,Commercial,Construction,East,2026-09,34450,33447
P00793,Commercial,Construction,East,2026-09,31980,31049
P00794,Commercial,Construction,East,2026-09,36116,35064
P00795,Commercial,Construction,East,2026-09,28967,28123
P00796,Commercial,Construction,East,2026-09,29570,28709
P00797,Commercial,Construction,East,2026-09,29506,28647
P00798,Commercial,Construction,East,2026-09,20863,20255
P00799,Commercial,Construction,East,2026-09,20122,19536
P00800,Commercial,Construction,East,2026-09,13494,13101
P00801,Commercial,Construction,East,2026-09,25896,25142
P00802,Commercial,Construction,East,2026-09,14999,14562
P00803,Commercial,Construction,East,2026-09,14033,13624
P00804,Commercial,Construction,East,2026-09,24092,23390
P00805,Commercial,Construction,East,2026-09,18698,18153
P00806,Commercial,Construction,East,2026-09,12839,12465
P00807,Commercial,Construction,East,2026-09,31145,30238
P00808,Commercial,Construction,East,2026-09,32510,31563
P00809,Commercial,Construction,East,2026-09,11271,10943
P00810,Commercial,Construction,East,2026-09,6360,6175
P00811,Commercial,Construction,East,2026-09,16434,15955
P00812,Commercial,Construction,East,2026-09,30577,29686
P00813,Commercial,Construction,East,2026-09,31854,30926
P00814,Commercial,Construction,East,2026-09,10371,10069
P00815,Commercial,Construction,East,2026-09,29866,28996
P00816,Commercial,Construction,East,2026-09,9677,9395
P00817,Commercial,Construction,East,2026-09,18087,17560
P00818,Commercial,Construction,East,2026-09,36741,35671
P00819,Commercial,Construction,East,2026-09,12035,11684
P00820,Commercial,Construction,East,2026-09,10850,10534
P00821,Commercial,Construction,East,2026-09,19091,18535
P00822,Commercial,Construction,East,2026-09,25125,24393
P00823,Commercial,Construction,East,2026-09,34726,33715
P00824,Commercial,Construction,East,2026-09,36195,35141
P00825,Commercial,Construction,East,2026-09,8266,8025
P00826,Commercial,Construction,East,2026-09,10361,10059
P00827,Commercial,Construction,East,2026-09,30370,29485
P00828,Commercial,Construction,East,2026-09,14426,14006
P00829,Commercial,Construction,East,2026-09,33254,32285
P00830,Commercial,Construction,East,2026-09,26468,25697
P00831,Commercial,Construction,East,2026-09,9559,9281
P00832,Commercial,Construction,East,2026-09,31650,30728
P00833,Commercial,Construction,East,2026-09,11536,11200
P00834,Commercial,Construction,East,2026-09,19112,18555
P00835,Commercial,Construction,East,2026-09,23057,22385
P00836,Commercial,Construction,East,2026-09,21481,20855
P00837,Commercial,Construction,East,2026-09,27163,26372
P00838,Commercial,Construction,East,2026-09,26137,25376
P00839,Commercial,Construction,East,2026-09,36539,35475
P00840,Commercial,Construction,East,2026-09,36766,35695
P00841,Commercial,Construction,East,2026-09,21962,21322
P00842,Commercial,Construction,East,2026-09,9049,8785
P00843,Commercial,Construction,East,2026-09,28441,27613
P00844,Commercial,Construction,East,2026-09,36069,35018
P00845,Commercial,Construction,East,2026-09,15888,15425
P00846,Commercial,Construction,East,2026-09,20268,19678
P00847,Commercial,Construction,East,2026-09,19151,18593
P00848,Commercial,Construction,East,2026-09,7706,7482
P00849,Commercial,Construction,East,2026-09,26738,25959
P00850,Commercial,Construction,East,2026-09,16961,16467
P00851,Commercial,Construction,East,2026-09,30269,29387
P00852,Commercial,Construction,East,2026-09,31637,30716
P00853,Commercial,Construction,East,2026-09,31304,30392
P00854,Commercial,Construction,East,2026-09,18903,18352
P00855,Commercial,Construction,East,2026-09,15987,15521
P00856,Commercial,Construction,East,2026-09,29084,28237
P00857,Commercial,Construction,East,2026-09,30696,29802
P00858,Commercial,Construction,East,2026-09,21189,20572
P00859,Commercial,Construction,East,2026-09,33505,32529
P00860,Commercial,Construction,East,2026-09,10542,10235
P00861,Commercial,Construction,East,2026-09,33076,32113
P00862,Commercial,Construction,East,2026-09,9076,8812
P00863,Commercial,Construction,East,2026-09,10837,10521
P00864,Commercial,Construction,East,2026-09,22494,21839
P00865,Commercial,Construction,East,2026-09,8200,7961
P00866,Commercial,Construction,East,2026-09,7750,7524
P00867,Commercial,Construction,East,2026-09,6146,5967
P00868,Commercial,Construction,East,2026-09,19505,18937
P00869,Commercial,Construction,East,2026-09,29875,29005
P00870,Commercial,Construction,East,2026-09,7199,6989
P00871,Commercial,Construction,East,2026-09,26124,25363
P00872,Commercial,Construction,East,2026-09,31361,30448
P00873,Commercial,Construction,East,2026-09,11281,10952
P00874,Commercial,Construction,East,2026-09,10633,10323
P00875,Commercial,Construction,East,2026-09,32517,31570
P00876,Commercial,Construction,East,2026-09,31361,30448
P00877,Commercial,Construction,East,2026-09,22651,21991
P00878,Commercial,Construction,East,2026-09,31242,30332
P00879,Commercial,Construction,East,2026-09,8973,8712
P00880,Commercial,Construction,East,2026-09,18223,17692
P00881,Commercial,Construction,East,2026-09,28746,27909
P00882,Commercial,Construction,East,2026-09,14022,13614
P00883,Commercial,Construction,East,2026-09,29191,28341
P00884,Commercial,Construction,East,2026-09,21585,20956
P00885,Commercial,Construction,East,2026-09,29128,28280
P00886,Commercial,Construction,East,2026-09,20374,19781
P00887,Commercial,Construction,East,2026-09,17408,16901
P00888,Commercial,Construction,East,2026-09,12849,12475
P00889,Commercial,Construction,East,2026-09,12518,12153
P00890,Commercial,Construction,East,2026-09,29167,28317
P00891,Commercial,Construction,East,2026-09,9776,9491
P00892,Commercial,Construction,East,2026-09,8766,8511
P00893,Commercial,Construction,East,2026-09,11535,11199
P00894,Commercial,Construction,East,2026-09,11505,11170
P00895,Commercial,Construction,East,2026-09,31361,30448
P00896,Commercial,Construction,East,2026-09,18346,17812
P00897,Commercial,Construction,East,2026-09,36489,35426
P00898,Commercial,Construction,East,2026-09,10336,10035
P00899,Commercial,Construction,East,2026-09,26163,25401
P00900,Commercial,Construction,East,2026-09,19885,19306
P00901,Commercial,Construction,East,2026-09,18174,17645
P00902,Commercial,Construction,East,2026-09,32955,31995
P00903,Commercial,Construction,East,2026-09,36036,34986
P00904,Commercial,Construction,East,2026-09,32886,31928
P00905,Commercial,Construction,East,2026-09,12025,11675
P00906,Commercial,Construction,East,2026-09,12899,12523
P00907,Commercial,Construction,East,2026-09,26241,25477
P00908,Commercial,Construction,East,2026-09,14992,14555
P00909,Commercial,Construction,East,2026-09,28653,27818
P00910,Commercial,Construction,East,2026-09,23493,22809
P00911,Commercial,Construction,East,2026-09,23017,22347
P00912,Commercial,Construction,East,2026-09,31528,30610
P00913,Commercial,Construction,East,2026-09,27911,27098
P00914,Commercial,Construction,East,2026-09,6945,6743
P00915,Commercial,Construction,East,2026-09,7647,7424
P00916,Commercial,Construction,East,2026-09,24571,23855
P00917,Commercial,Construction,East,2026-09,21034,20421
P00918,Commercial,Construction,East,2026-09,14106,13695
P00919,Commercial,Construction,East,2026-09,18963,18411
P00920,Commercial,Construction,East,2026-09,29363,28508
P00921,Commercial,Construction,East,2026-09,31469,30552
P00922,Commercial,Construction,East,2026-09,23334,22654
P00923,Commercial,Construction,East,2026-09,17944,17421
P00924,Commercial,Construction,East,2026-09,14428,14008
P00925,Commercial,Construction,East,2026-09,22129,21484
P00926,Commercial,Construction,East,2026-09,15779,15319
P00927,Commercial,Construction,East,2026-09,23422,22740
P00928,Commercial,Construction,East,2026-09,26872,26089
P00929,Commercial,Construction,East,2026-09,8157,7919
P00930,Commercial,Construction,East,2026-09,6164,5984
P00931,Commercial,Construction,East,2026-09,12637,12269
P00932,Commercial,Construction,East,2026-09,33550,32573
P00933,Commercial,Construction,East,2026-09,25942,25186
P00934,Commercial,Construction,East,2026-09,11402,11070
P00935,Commercial,Construction,East,2026-09,33419,32446
P00936,Commercial,Construction,East,2026-09,20536,19938
P00937,Commercial,Construction,East,2026-09,20725,20121
P00938,Commercial,Construction,East,2026-09,34808,33794
P00939,Commercial,Construction,East,2026-09,7954,7722
P00940,Commercial,Construction,East,2026-09,12727,12356
P00941,Commercial,Construction,East,2026-09,24087,23385
P00942,Commercial,Construction,East,2026-09,12123,11770
P00943,Commercial,Construction,East,2026-09,26960,26175
P00944,Commercial,Construction,East,2026-09,12693,12323
P00945,Commercial,Construction,East,2026-09,9170,8903
P00946,Commercial,Construction,East,2026-09,12475,12112
P00947,Commercial,Construction,East,2026-09,19089,18533
P00948,Commercial,Construction,East,2026-09,11530,11194
P00949,Commercial,Construction,East,2026-09,10260,9961
P00950,Commercial,Construction,East,2026-09,32501,31554
P00951,Commercial,Construction,West,2026-09,14410,13990
P00952,Commercial,Construction,West,2026-09,15102,14662
P00953,Commercial,Construction,West,2026-09,16011,15545
P00954,Commercial,Construction,West,2026-09,8153,7916
P00955,Commercial,Construction,West,2026-09,10130,9835
P00956,Commercial,Construction,West,2026-09,25545,24801
P00957,Commercial,Construction,West,2026-09,16302,15827
P00958,Commercial,Construction,West,2026-09,11471,11137
P00959,Commercial,Construction,West,2026-09,21106,20491
P00960,Commercial,Construction,West,2026-09,26443,25673
P00961,Commercial,Construction,West,2026-09,12659,12290
P00962,Commercial,Construction,West,2026-09,28415,27587
P00963,Commercial,Construction,West,2026-09,31202,30293
P00964,Commercial,Construction,West,2026-09,22067,21424
P00965,Commercial,Construction,West,2026-09,24046,23346
P00966,Commercial,Construction,West,2026-09,6990,6786
P00967,Commercial,Construction,West,2026-09,31700,30777
P00968,Commercial,Construction,West,2026-09,16396,15918
P00969,Commercial,Construction,West,2026-09,31102,30196
P00970,Commercial,Construction,West,2026-09,21557,20929
P00971,Commercial,Construction,West,2026-09,5663,5498
P00972,Commercial,Construction,West,2026-09,6601,6409
P00973,Commercial,Construction,West,2026-09,24364,23654
P00974,Commercial,Construction,West,2026-09,21106,20491
P00975,Commercial,Construction,West,2026-09,6269,6086
P00976,Commercial,Construction,West,2026-09,26108,25348
P00977,Commercial,Construction,West,2026-09,29116,28268
P00978,Commercial,Construction,West,2026-09,19272,18711
P00979,Commercial,Construction,West,2026-09,18424,17887
P00980,Commercial,Construction,West,2026-09,5686,5520
P00981,Commercial,Construction,West,2026-09,27304,26509
P00982,Commercial,Construction,West,2026-09,14687,14259
P00983,Commercial,Construction,West,2026-09,29852,28983
P00984,Commercial,Construction,West,2026-09,15859,15397
P00985,Commercial,Construction,West,2026-09,21172,20555
P00986,Commercial,Construction,West,2026-09,13016,12637
P00987,Commercial,Construction,West,2026-09,9979,9688
P00988,Commercial,Construction,West,2026-09,26979,26193
P00989,Commercial,Construction,West,2026-09,19276,18715
P00990,Commercial,Construction,West,2026-09,20381,19787
P00991,Commercial,Construction,West,2026-09,32250,31311
P00992,Commercial,Construction,West,2026-09,32200,31262
P00993,Commercial,Construction,West,2026-09,29213,28362
P00994,Commercial,Construction,West,2026-09,10726,10414
P00995,Commercial,Construction,West,2026-09,21980,21340
P00996,Commercial,Construction,West,2026-09,29836,28967
P00997,Commercial,Construction,West,2026-09,15897,15434
P00998,Commercial,Construction,West,2026-09,8333,8090
P00999,Commercial,Construction,West,2026-09,27977,27162
P01000,Commercial,Construction,West,2026-09,18867,18317
P01001,Commercial,Construction,West,2026-09,21153,20537
P01002,Commercial,Construction,West,2026-09,32714,31761
P01003,Commercial,Construction,West,2026-09,22339,21688
P01004,Commercial,Construction,West,2026-09,17295,16791
P01005,Commercial,Construction,West,2026-09,15773,15314
P01006,Commercial,Construction,West,2026-09,17092,16594
P01007,Commercial,Construction,West,2026-09,8811,8554
P01008,Commercial,Construction,West,2026-09,27528,26726
P01009,Commercial,Construction,West,2026-09,28717,27881
P01010,Commercial,Construction,West,2026-09,13404,13014
P01011,Commercial,Construction,West,2026-09,13942,13536
P01012,Commercial,Construction,West,2026-09,29730,28864
P01013,Commercial,Construction,West,2026-09,6198,6017
P01014,Commercial,Construction,West,2026-09,19938,19357
P01015,Commercial,Construction,West,2026-09,18366,17831
P01016,Commercial,Construction,West,2026-09,24632,23915
P01017,Commercial,Construction,West,2026-09,10056,9763
P01018,Commercial,Construction,West,2026-09,24030,23330
P01019,Commercial,Construction,West,2026-09,15960,15495
P01020,Commercial,Construction,West,2026-09,22657,21997
P01021,Commercial,Construction,West,2026-09,6645,6451
P01022,Commercial,Construction,West,2026-09,18312,17779
P01023,Commercial,Construction,West,2026-09,19987,19405
P01024,Commercial,Construction,West,2026-09,11466,11132
P01025,Commercial,Construction,West,2026-09,9399,9125
P01026,Commercial,Construction,West,2026-09,10750,10437
P01027,Commercial,Construction,West,2026-09,15059,14620
P01028,Commercial,Construction,West,2026-09,8213,7974
P01029,Commercial,Construction,West,2026-09,31750,30825
P01030,Commercial,Construction,West,2026-09,16742,16254
P01031,Commercial,Construction,West,2026-09,27921,27108
P01032,Commercial,Construction,West,2026-09,32500,31553
P01033,Commercial,Construction,West,2026-09,7769,7543
P01034,Commercial,Construction,West,2026-09,23568,22882
P01035,Commercial,Construction,West,2026-09,29650,28786
P01036,Commercial,Construction,West,2026-09,23086,22414
P01037,Commercial,Construction,West,2026-09,17407,16900
P01038,Commercial,Construction,West,2026-09,17464,16955
P01039,Commercial,Construction,West,2026-09,6528,6338
P01040,Commercial,Construction,West,2026-09,20329,19737
P01041,Commercial,Construction,West,2026-09,33029,32067
P01042,Commercial,Construction,West,2026-09,32065,31131
P01043,Commercial,Construction,West,2026-09,6653,6459
P01044,Commercial,Construction,West,2026-09,25066,24336
P01045,Commercial,Construction,West,2026-09,13885,13481
P01046,Commercial,Construction,West,2026-09,30523,29634
P01047,Commercial,Construction,West,2026-09,6784,6586
P01048,Commercial,Construction,West,2026-09,31434,30518
P01049,Commercial,Construction,West,2026-09,28710,27874
P01050,Commercial,Construction,West,2026-09,8786,8530
P01051,Commercial,Construction,West,2026-09,7190,6981
P01052,Commercial,Construction,West,2026-09,28634,27800
P01053,Commercial,Construction,West,2026-09,9845,9558
P01054,Commercial,Construction,West,2026-09,20337,19745
P01055,Commercial,Construction,West,2026-09,30876,29977
P01056,Commercial,Construction,West,2026-09,21238,20619
P01057,Commercial,Construction,West,2026-09,16527,16046
P01058,Commercial,Construction,West,2026-09,17850,17330
P01059,Commercial,Construction,West,2026-09,7281,7069
P01060,Commercial,Construction,West,2026-09,32343,31401
P01061,Commercial,Construction,West,2026-09,14132,13720
P01062,Commercial,Construction,West,2026-09,10775,10461
P01063,Commercial,Construction,West,2026-09,13451,13059
P01064,Commercial,Construction,West,2026-09,32221,31283
P01065,Commercial,Construction,West,2026-09,8144,7907
P01066,Commercial,Construction,West,2026-09,29535,28675
P01067,Commercial,Construction,West,2026-09,25123,24391
P01068,Commercial,Construction,West,2026-09,28504,27674
P01069,Commercial,Construction,West,2026-09,32541,31593
P01070,Commercial,Construction,West,2026-09,28840,28000
P01071,Commercial,Construction,West,2026-09,31641,30719
P01072,Commercial,Construction,West,2026-09,9048,8784
P01073,Commercial,Construction,West,2026-09,27557,26754
P01074,Commercial,Construction,West,2026-09,20635,20034
P01075,Commercial,Construction,West,2026-09,20575,19976
P01076,Commercial,Construction,West,2026-09,30411,29525
P01077,Commercial,Construction,West,2026-09,32427,31483
P01078,Commercial,Construction,West,2026-09,25039,24310
P01079,Commercial,Construction,West,2026-09,18899,18349
P01080,Commercial,Construction,West,2026-09,18165,17636
P01081,Commercial,Construction,West,2026-09,16226,15753
P01082,Commercial,Construction,West,2026-09,15542,15089
P01083,Commercial,Construction,West,2026-09,16369,15892
P01084,Commercial,Construction,West,2026-09,8019,7785
P01085,Commercial,Construction,West,2026-09,7678,7454
P01086,Commercial,Construction,West,2026-09,27116,26326
P01087,Commercial,Construction,West,2026-09,17879,17358
P01088,Commercial,Construction,West,2026-09,31289,30378
P01089,Commercial,Construction,West,2026-09,22477,21822
P01090,Commercial,Construction,West,2026-09,6509,6319
P01091,Commercial,Construction,West,2026-09,9894,9606
P01092,Commercial,Construction,West,2026-09,11230,10903
P01093,Commercial,Construction,West,2026-09,32537,31589
P01094,Commercial,Construction,West,2026-09,11586,11249
P01095,Commercial,Construction,West,2026-09,19807,19230
P01096,Commercial,Construction,West,2026-09,31442,30526
P01097,Commercial,Construction,West,2026-09,32577,31628
P01098,Commercial,Construction,West,2026-09,12076,11724
P01099,Commercial,Construction,West,2026-09,6894,6693
P01100,Commercial,Construction,West,2026-09,9785,9500
P01101,Commercial,Construction,West,2026-09,7287,7075
P01102,Commercial,Construction,West,2026-09,10934,10616
P01103,Commercial,Construction,West,2026-09,21268,20649
P01104,Commercial,Construction,West,2026-09,30785,29888
P01105,Commercial,Construction,West,2026-09,20401,19807
P01106,Commercial,Construction,West,2026-09,22858,22192
P01107,Commercial,Construction,West,2026-09,11121,10797
P01108,Commercial,Construction,West,2026-09,27689,26883
P01109,Commercial,Construction,West,2026-09,22631,21972
P01110,Commercial,Construction,West,2026-09,29448,28590
P01111,Commercial,Construction,West,2026-09,31792,30866
P01112,Commercial,Construction,West,2026-09,15163,14721
P01113,Commercial,Construction,West,2026-09,8041,7807
P01114,Commercial,Construction,West,2026-09,11787,11444
P01115,Commercial,Construction,West,2026-09,17651,17137
P01116,Commercial,Construction,West,2026-09,31705,30782
P01117,Commercial,Construction,West,2026-09,16004,15538
P01118,Commercial,Construction,West,2026-09,26864,26082
P01119,Commercial,Construction,West,2026-09,20492,19895
P01120,Commercial,Construction,West,2026-09,10594,10285
P01121,Commercial,Construction,West,2026-09,14411,13991
P01122,Commercial,Construction,West,2026-09,23611,22923
P01123,Commercial,Construction,West,2026-09,24155,23451
P01124,Commercial,Construction,West,2026-09,17566,17054
P01125,Commercial,Construction,West,2026-09,11863,11517
P01126,Commercial,Construction,West,2026-09,25512,24769
P01127,Commercial,Construction,West,2026-09,10208,9911
P01128,Commercial,Construction,West,2026-09,31455,30539
P01129,Commercial,Construction,West,2026-09,10735,10422
P01130,Commercial,Construction,West,2026-09,8505,8257
P01131,Commercial,Construction,West,2026-09,19306,18744
P01132,Commercial,Construction,West,2026-09,19912,19332
P01133,Commercial,Construction,West,2026-09,19598,19027
P01134,Commercial,Construction,West,2026-09,17618,17105
P01135,Commercial,Construction,West,2026-09,33064,32101
P01136,Commercial,Construction,West,2026-09,18991,18438
P01137,Commercial,Construction,West,2026-09,18761,18215
P01138,Commercial,Construction,West,2026-09,17206,16705
P01139,Commercial,Construction,West,2026-09,7384,7169
P01140,Commercial,Construction,West,2026-09,21944,21305
P01141,Commercial,Construction,West,2026-09,11843,11498
P01142,Commercial,Construction,West,2026-09,23179,22504
P01143,Commercial,Construction,West,2026-09,6941,6739
P01144,Commercial,Construction,West,2026-09,32693,31741
P01145,Commercial,Construction,West,2026-09,18513,17974
P01146,Commercial,Construction,West,2026-09,30351,29467
P01147,Commercial,Construction,West,2026-09,18694,18150
P01148,Commercial,Construction,West,2026-09,7204,6994
P01149,Commercial,Construction,West,2026-09,28288,27464
P01150,Commercial,Construction,West,2026-09,23472,22788
P01151,Commercial,Construction,West,2026-09,27168,26377
P01152,Commercial,Construction,West,2026-09,17383,16877
P01153,Commercial,Construction,West,2026-09,23188,22513
P01154,Commercial,Construction,West,2026-09,29229,28378
P01155,Commercial,Construction,West,2026-09,22998,22328
P01156,Commercial,Construction,West,2026-09,15155,14714
P01157,Commercial,Construction,West,2026-09,23869,23174
P01158,Commercial,Construction,West,2026-09,24127,23424
P01159,Commercial,Construction,West,2026-09,32117,31182
P01160,Commercial,Construction,West,2026-09,15799,15339
P01161,Commercial,Construction,West,2026-09,17298,16794
P01162,Commercial,Construction,West,2026-09,28009,27193
P01163,Commercial,Construction,West,2026-09,19531,18962
P01164,Commercial,Construction,West,2026-09,25918,25163
P01165,Commercial,Construction,West,2026-09,18257,17725
P01166,Commercial,Construction,West,2026-09,11498,11163
P01167,Commercial,Construction,West,2026-09,26157,25395
P01168,Commercial,Construction,West,2026-09,9164,8897
P01169,Commercial,Construction,West,2026-09,11030,10709
P01170,Commercial,Construction,West,2026-09,22880,22214
P01171,Commercial,SME,North,2026-09,20771,20166
P01172,Commercial,SME,North,2026-09,27824,27014
P01173,Commercial,SME,North,2026-09,28305,27481
P01174,Commercial,SME,North,2026-09,25314,24577
P01175,Commercial,SME,North,2026-09,16876,16384
P01176,Commercial,SME,North,2026-09,7178,6969
P01177,Commercial,SME,North,2026-09,5510,5350
P01178,Commercial,SME,North,2026-09,17291,16787
P01179,Commercial,SME,North,2026-09,17727,17211
P01180,Commercial,SME,North,2026-09,15508,15056
P01181,Commercial,SME,North,2026-09,19613,19042
P01182,Commercial,SME,North,2026-09,19204,18645
P01183,Commercial,SME,North,2026-09,26467,25696
P01184,Commercial,SME,North,2026-09,7881,7651
P01185,Commercial,SME,North,2026-09,10856,10540
P01186,Commercial,SME,North,2026-09,25353,24615
P01187,Commercial,SME,North,2026-09,26753,25974
P01188,Commercial,SME,North,2026-09,30507,29618
P01189,Commercial,SME,North,2026-09,27394,26596
P01190,Commercial,SME,North,2026-09,27828,27017
P01191,Commercial,SME,North,2026-09,13132,12750
P01192,Commercial,SME,North,2026-09,15361,14914
P01193,Commercial,SME,North,2026-09,11951,11603
P01194,Commercial,SME,North,2026-09,20587,19987
P01195,Commercial,SME,North,2026-09,29076,28229
P01196,Commercial,SME,North,2026-09,13906,13501
P01197,Commercial,SME,North,2026-09,19328,18765
P01198,Commercial,SME,North,2026-09,12672,12303
P01199,Commercial,SME,North,2026-09,9442,9167
P01200,Commercial,SME,North,2026-09,10090,9796
P01201,Commercial,SME,North,2026-09,6586,6394
P01202,Commercial,SME,North,2026-09,29344,28489
P01203,Commercial,SME,North,2026-09,15393,14945
P01204,Commercial,SME,North,2026-09,26403,25634
P01205,Commercial,SME,North,2026-09,22502,21847
P01206,Commercial,SME,North,2026-09,10006,9715
P01207,Commercial,SME,North,2026-09,9586,9307
P01208,Commercial,SME,North,2026-09,25839,25086
P01209,Commercial,SME,North,2026-09,11866,11520
P01210,Commercial,SME,North,2026-09,28425,27597
P01211,Commercial,SME,North,2026-09,8682,8429
P01212,Commercial,SME,North,2026-09,22410,21757
P01213,Commercial,SME,North,2026-09,25901,25147
P01214,Commercial,SME,North,2026-09,11113,10789
P01215,Commercial,SME,North,2026-09,12158,11804
P01216,Commercial,SME,North,2026-09,29733,28867
P01217,Commercial,SME,North,2026-09,11863,11517
P01218,Commercial,SME,North,2026-09,16084,15616
P01219,Commercial,SME,North,2026-09,16149,15679
P01220,Commercial,SME,North,2026-09,11567,11230
P01221,Commercial,SME,North,2026-09,24914,24188
P01222,Commercial,SME,North,2026-09,24814,24091
P01223,Commercial,SME,North,2026-09,14766,14336
P01224,Commercial,SME,North,2026-09,26429,25659
P01225,Commercial,SME,North,2026-09,10547,10240
P01226,Commercial,SME,North,2026-09,5216,5064
P01227,Commercial,SME,North,2026-09,19689,19116
P01228,Commercial,SME,North,2026-09,30487,29599
P01229,Commercial,SME,North,2026-09,6093,5916
P01230,Commercial,SME,North,2026-09,10417,10114
P01231,Commercial,SME,North,2026-09,18356,17821
P01232,Commercial,SME,North,2026-09,25786,25035
P01233,Commercial,SME,North,2026-09,7380,7165
P01234,Commercial,SME,North,2026-09,15198,14755
P01235,Commercial,SME,North,2026-09,24181,23477
P01236,Commercial,SME,North,2026-09,14593,14168
P01237,Commercial,SME,North,2026-09,9928,9639
P01238,Commercial,SME,North,2026-09,10098,9804
P01239,Commercial,SME,North,2026-09,15576,15122
P01240,Commercial,SME,North,2026-09,17347,16842
P01241,Commercial,SME,North,2026-09,27111,26321
P01242,Commercial,SME,North,2026-09,21504,20878
P01243,Commercial,SME,North,2026-09,22734,22072
P01244,Commercial,SME,North,2026-09,30205,29325
P01245,Commercial,SME,North,2026-09,15622,15167
P01246,Commercial,SME,North,2026-09,15405,14956
P01247,Commercial,SME,North,2026-09,28681,27846
P01248,Commercial,SME,North,2026-09,11385,11053
P01249,Commercial,SME,North,2026-09,23740,23049
P01250,Commercial,SME,North,2026-09,24373,23663
P01251,Commercial,SME,North,2026-09,7603,7382
P01252,Commercial,SME,North,2026-09,17062,16565
P01253,Commercial,SME,North,2026-09,10227,9929
P01254,Commercial,SME,North,2026-09,9840,9553
P01255,Commercial,SME,North,2026-09,16949,16455
P01256,Commercial,SME,North,2026-09,12496,12132
P01257,Commercial,SME,North,2026-09,25432,24691
P01258,Commercial,SME,North,2026-09,28280,27456
P01259,Commercial,SME,North,2026-09,25602,24856
P01260,Commercial,SME,North,2026-09,11899,11552
P01261,Commercial,SME,North,2026-09,12106,11753
P01262,Commercial,SME,North,2026-09,11610,11272
P01263,Commercial,SME,North,2026-09,8554,8305
P01264,Commercial,SME,North,2026-09,29204,28353
P01265,Commercial,SME,North,2026-09,15372,14924
P01266,Commercial,SME,North,2026-09,10843,10527
P01267,Commercial,SME,North,2026-09,26723,25945
P01268,Commercial,SME,North,2026-09,15299,14853
P01269,Commercial,SME,North,2026-09,6003,5828
P01270,Commercial,SME,North,2026-09,9241,8972
P01271,Commercial,SME,North,2026-09,21428,20804
P01272,Commercial,SME,North,2026-09,25096,24365
P01273,Commercial,SME,North,2026-09,10492,10186
P01274,Commercial,SME,North,2026-09,28530,27699
P01275,Commercial,SME,North,2026-09,26835,26053
P01276,Commercial,SME,North,2026-09,26768,25988
P01277,Commercial,SME,North,2026-09,10919,10601
P01278,Commercial,SME,North,2026-09,6396,6210
P01279,Commercial,SME,North,2026-09,27254,26460
P01280,Commercial,SME,North,2026-09,12914,12538
P01281,Commercial,SME,North,2026-09,20909,20300
P01282,Commercial,SME,North,2026-09,24510,23796
P01283,Commercial,SME,North,2026-09,8382,8138
P01284,Commercial,SME,North,2026-09,25043,24314
P01285,Commercial,SME,North,2026-09,29069,28222
P01286,Commercial,SME,North,2026-09,23703,23013
P01287,Commercial,SME,North,2026-09,16372,15895
P01288,Commercial,SME,North,2026-09,27490,26689
P01289,Commercial,SME,North,2026-09,18574,18033
P01290,Commercial,SME,North,2026-09,24123,23420
P01291,Commercial,SME,North,2026-09,26056,25297
P01292,Commercial,SME,North,2026-09,24239,23533
P01293,Commercial,SME,North,2026-09,12456,12093
P01294,Commercial,SME,North,2026-09,8115,7879
P01295,Commercial,SME,North,2026-09,11192,10866
P01296,Commercial,SME,North,2026-09,17946,17423
P01297,Commercial,SME,North,2026-09,18007,17483
P01298,Commercial,SME,North,2026-09,19983,19401
P01299,Commercial,SME,North,2026-09,15195,14752
P01300,Commercial,SME,North,2026-09,25198,24464
P01301,Commercial,SME,North,2026-09,28421,27593
P01302,Commercial,SME,North,2026-09,11406,11074
P01303,Commercial,SME,North,2026-09,23911,23215
P01304,Commercial,SME,North,2026-09,22417,21764
P01305,Commercial,SME,North,2026-09,18462,17924
P01306,Commercial,SME,North,2026-09,9920,9631
P01307,Commercial,SME,North,2026-09,25410,24670
P01308,Commercial,SME,North,2026-09,29633,28770
P01309,Commercial,SME,North,2026-09,23537,22851
P01310,Commercial,SME,North,2026-09,28541,27710
P01311,Commercial,SME,North,2026-09,30235,29354
P01312,Commercial,SME,North,2026-09,14096,13685
P01313,Commercial,SME,North,2026-09,21401,20778
P01314,Commercial,SME,North,2026-09,17207,16706
P01315,Commercial,SME,North,2026-09,30297,29415
P01316,Commercial,SME,North,2026-09,7501,7283
P01317,Commercial,SME,North,2026-09,15635,15180
P01318,Commercial,SME,North,2026-09,27461,26661
P01319,Commercial,SME,North,2026-09,12359,11999
P01320,Commercial,SME,North,2026-09,25221,24486
P01321,Commercial,SME,North,2026-09,14879,14446
P01322,Commercial,SME,North,2026-09,30128,29250
P01323,Commercial,SME,North,2026-09,27665,26859
P01324,Commercial,SME,North,2026-09,12800,12427
P01325,Commercial,SME,North,2026-09,24772,24050
P01326,Commercial,SME,North,2026-09,13707,13308
P01327,Commercial,SME,North,2026-09,20589,19989
P01328,Commercial,SME,North,2026-09,21919,21281
P01329,Commercial,SME,North,2026-09,26288,25522
P01330,Commercial,SME,North,2026-09,5731,5564
P01331,Commercial,SME,North,2026-09,10727,10415
P01332,Commercial,SME,North,2026-09,23283,22605
P01333,Commercial,SME,North,2026-09,19495,18927
P01334,Commercial,SME,North,2026-09,17760,17243
P01335,Commercial,SME,North,2026-09,6516,6326
P01336,Commercial,SME,North,2026-09,13999,13591
P01337,Commercial,SME,North,2026-09,27194,26402
P01338,Commercial,SME,North,2026-09,5895,5723
P01339,Commercial,SME,North,2026-09,15229,14785
P01340,Commercial,SME,North,2026-09,29239,28387
P01341,Commercial,SME,North,2026-09,6406,6219
P01342,Commercial,SME,North,2026-09,24248,23542
P01343,Commercial,SME,North,2026-09,11684,11344
P01344,Commercial,SME,North,2026-09,27233,26440
P01345,Commercial,SME,North,2026-09,24156,23452
P01346,Commercial,SME,North,2026-09,27720,26913
P01347,Commercial,SME,North,2026-09,10619,10310
P01348,Commercial,SME,North,2026-09,18672,18128
P01349,Commercial,SME,North,2026-09,25003,24275
P01350,Commercial,SME,North,2026-09,11379,11048
P01351,Commercial,SME,North,2026-09,10998,10678
P01352,Commercial,SME,North,2026-09,5801,5632
P01353,Commercial,SME,North,2026-09,29580,28718
P01354,Commercial,SME,North,2026-09,23235,22558
P01355,Commercial,SME,North,2026-09,21333,20712
P01356,Commercial,SME,North,2026-09,24102,23400
P01357,Commercial,SME,North,2026-09,18680,18136
P01358,Commercial,SME,North,2026-09,17263,16760
P01359,Commercial,SME,North,2026-09,16584,16101
P01360,Commercial,SME,North,2026-09,21458,20833
P01361,Commercial,SME,North,2026-09,10252,9953
P01362,Commercial,SME,North,2026-09,27780,26971
P01363,Commercial,SME,North,2026-09,25832,25080
P01364,Commercial,SME,North,2026-09,14032,13623
P01365,Commercial,SME,North,2026-09,19880,19301
P01366,Commercial,SME,North,2026-09,8708,8454
P01367,Commercial,SME,North,2026-09,29933,29061
P01368,Commercial,SME,North,2026-09,28159,27339
P01369,Commercial,SME,North,2026-09,28644,27810
P01370,Commercial,SME,North,2026-09,13588,13192
P01371,Commercial,SME,North,2026-09,9424,9150
P01372,Commercial,SME,North,2026-09,10513,10207
P01373,Commercial,SME,North,2026-09,7405,7189
P01374,Commercial,SME,North,2026-09,8173,7935
P01375,Commercial,SME,North,2026-09,6927,6725
P01376,Commercial,SME,North,2026-09,30379,29494
P01377,Commercial,SME,North,2026-09,6997,6793
P01378,Commercial,SME,North,2026-09,8490,8243
P01379,Commercial,SME,North,2026-09,26228,25464
P01380,Commercial,SME,North,2026-09,19921,19341
P01381,Commercial,SME,North,2026-09,24879,24154
P01382,Commercial,SME,North,2026-09,21215,20597
P01383,Commercial,SME,North,2026-09,27631,26826
P01384,Commercial,SME,North,2026-09,21408,20784
P01385,Commercial,SME,North,2026-09,18437,17900
P01386,Commercial,SME,North,2026-09,23305,22626
P01387,Commercial,SME,North,2026-09,16529,16048
P01388,Commercial,SME,North,2026-09,13942,13536
P01389,Commercial,SME,North,2026-09,17046,16550
P01390,Commercial,SME,North,2026-09,9440,9165
P01391,Commercial,SME,North,2026-09,25445,24704
P01392,Commercial,SME,North,2026-09,11763,11420
P01393,Commercial,SME,North,2026-09,9027,8764
P01394,Commercial,SME,North,2026-09,11396,11064
P01395,Commercial,SME,North,2026-09,26606,25831
P01396,Commercial,SME,North,2026-09,13537,13143
P01397,Commercial,SME,North,2026-09,22623,21964
P01398,Commercial,SME,North,2026-09,26973,26187
P01399,Commercial,SME,North,2026-09,7092,6885
P01400,Commercial,SME,North,2026-09,24640,23922
P01401,Commercial,SME,North,2026-09,12962,12584
P01402,Commercial,SME,North,2026-09,10637,10327
P01403,Commercial,SME,North,2026-09,22696,22035
P01404,Commercial,SME,North,2026-09,28335,27510
P01405,Commercial,SME,North,2026-09,12639,12271
P01406,Commercial,SME,North,2026-09,19630,19058
P01407,Commercial,SME,North,2026-09,12506,12142
P01408,Commercial,SME,North,2026-09,19259,18698
P01409,Commercial,SME,North,2026-09,20984,20373
P01410,Commercial,SME,North,2026-09,20690,20087
P01411,Commercial,SME,South,2026-09,25809,25057
P01412,Commercial,SME,South,2026-09,11582,11245
P01413,Commercial,SME,South,2026-09,29739,28873
P01414,Commercial,SME,South,2026-09,18831,18283
P01415,Commercial,SME,South,2026-09,25713,24964
P01416,Commercial,SME,South,2026-09,28231,27409
P01417,Commercial,SME,South,2026-09,32241,31302
P01418,Commercial,SME,South,2026-09,11401,11069
P01419,Commercial,SME,South,2026-09,13094,12713
P01420,Commercial,SME,South,2026-09,12114,11761
P01421,Commercial,SME,South,2026-09,12449,12086
P01422,Commercial,SME,South,2026-09,21043,20430
P01423,Commercial,SME,South,2026-09,32099,31164
P01424,Commercial,SME,South,2026-09,32011,31079
P01425,Commercial,SME,South,2026-09,19545,18976
P01426,Commercial,SME,South,2026-09,22564,21907
P01427,Commercial,SME,South,2026-09,28506,27676
P01428,Commercial,SME,South,2026-09,30469,29582
P01429,Commercial,SME,South,2026-09,10861,10545
P01430,Commercial,SME,South,2026-09,19594,19023
P01431,Commercial,SME,South,2026-09,27777,26968
P01432,Commercial,SME,South,2026-09,13533,13139
P01433,Commercial,SME,South,2026-09,17207,16706
P01434,Commercial,SME,South,2026-09,31886,30957
P01435,Commercial,SME,South,2026-09,31870,30942
P01436,Commercial,SME,South,2026-09,29747,28881
P01437,Commercial,SME,South,2026-09,26852,26070
P01438,Commercial,SME,South,2026-09,12616,12249
P01439,Commercial,SME,South,2026-09,14008,13600
P01440,Commercial,SME,South,2026-09,20097,19512
P01441,Commercial,SME,South,2026-09,20460,19864
P01442,Commercial,SME,South,2026-09,18974,18421
P01443,Commercial,SME,South,2026-09,22501,21846
P01444,Commercial,SME,South,2026-09,16361,15884
P01445,Commercial,SME,South,2026-09,25526,24783
P01446,Commercial,SME,South,2026-09,14349,13931
P01447,Commercial,SME,South,2026-09,14272,13856
P01448,Commercial,SME,South,2026-09,8800,8544
P01449,Commercial,SME,South,2026-09,10454,10150
P01450,Commercial,SME,South,2026-09,28253,27430
P01451,Commercial,SME,South,2026-09,17381,16875
P01452,Commercial,SME,South,2026-09,11507,11172
P01453,Commercial,SME,South,2026-09,25800,25049
P01454,Commercial,SME,South,2026-09,20278,19687
P01455,Commercial,SME,South,2026-09,5948,5775
P01456,Commercial,SME,South,2026-09,13886,13482
P01457,Commercial,SME,South,2026-09,10139,9844
P01458,Commercial,SME,South,2026-09,23017,22347
P01459,Commercial,SME,South,2026-09,12775,12403
P01460,Commercial,SME,South,2026-09,7126,6918
P01461,Commercial,SME,South,2026-09,6857,6657
P01462,Commercial,SME,South,2026-09,21023,20411
P01463,Commercial,SME,South,2026-09,5963,5789
P01464,Commercial,SME,South,2026-09,28207,27385
P01465,Commercial,SME,South,2026-09,9558,9280
P01466,Commercial,SME,South,2026-09,21692,21060
P01467,Commercial,SME,South,2026-09,17338,16833
P01468,Commercial,SME,South,2026-09,17289,16785
P01469,Commercial,SME,South,2026-09,7310,7097
P01470,Commercial,SME,South,2026-09,26967,26182
P01471,Commercial,SME,South,2026-09,29396,28540
P01472,Commercial,SME,South,2026-09,5675,5510
P01473,Commercial,SME,South,2026-09,10183,9886
P01474,Commercial,SME,South,2026-09,29689,28824
P01475,Commercial,SME,South,2026-09,20157,19570
P01476,Commercial,SME,South,2026-09,9414,9140
P01477,Commercial,SME,South,2026-09,10833,10517
P01478,Commercial,SME,South,2026-09,23129,22455
P01479,Commercial,SME,South,2026-09,24872,24148
P01480,Commercial,SME,South,2026-09,21499,20873
P01481,Commercial,SME,South,2026-09,31012,30109
P01482,Commercial,SME,South,2026-09,18666,18122
P01483,Commercial,SME,South,2026-09,13454,13062
P01484,Commercial,SME,South,2026-09,18213,17683
P01485,Commercial,SME,South,2026-09,15051,14613
P01486,Commercial,SME,South,2026-09,11414,11082
P01487,Commercial,SME,South,2026-09,6615,6422
P01488,Commercial,SME,South,2026-09,14852,14419
P01489,Commercial,SME,South,2026-09,24511,23797
P01490,Commercial,SME,South,2026-09,5875,5704
P01491,Commercial,SME,South,2026-09,17190,16689
P01492,Commercial,SME,South,2026-09,22699,22038
P01493,Commercial,SME,South,2026-09,21795,21160
P01494,Commercial,SME,South,2026-09,26266,25501
P01495,Commercial,SME,South,2026-09,27177,26385
P01496,Commercial,SME,South,2026-09,24519,23805
P01497,Commercial,SME,South,2026-09,8143,7906
P01498,Commercial,SME,South,2026-09,18154,17625
P01499,Commercial,SME,South,2026-09,21606,20977
P01500,Commercial,SME,South,2026-09,11983,11634
P01501,Commercial,SME,South,2026-09,6523,6333
P01502,Commercial,SME,South,2026-09,11392,11060
P01503,Commercial,SME,South,2026-09,17613,17100
P01504,Commercial,SME,South,2026-09,16511,16030
P01505,Commercial,SME,South,2026-09,10130,9835
P01506,Commercial,SME,South,2026-09,27550,26748
P01507,Commercial,SME,South,2026-09,30274,29392
P01508,Commercial,SME,South,2026-09,10793,10479
P01509,Commercial,SME,South,2026-09,30379,29494
P01510,Commercial,SME,South,2026-09,5859,5688
P01511,Commercial,SME,South,2026-09,30254,29373
P01512,Commercial,SME,South,2026-09,30980,30078
P01513,Commercial,SME,South,2026-09,5703,5537
P01514,Commercial,SME,South,2026-09,25899,25145
P01515,Commercial,SME,South,2026-09,31472,30555
P01516,Commercial,SME,South,2026-09,29742,28876
P01517,Commercial,SME,South,2026-09,31485,30568
P01518,Commercial,SME,South,2026-09,20179,19591
P01519,Commercial,SME,South,2026-09,7481,7263
P01520,Commercial,SME,South,2026-09,28233,27411
P01521,Commercial,SME,South,2026-09,21888,21250
P01522,Commercial,SME,South,2026-09,21911,21273
P01523,Commercial,SME,South,2026-09,16601,16117
P01524,Commercial,SME,South,2026-09,20758,20153
P01525,Commercial,SME,South,2026-09,9509,9232
P01526,Commercial,SME,South,2026-09,25274,24538
P01527,Commercial,SME,South,2026-09,7396,7181
P01528,Commercial,SME,South,2026-09,25005,24277
P01529,Commercial,SME,South,2026-09,28211,27389
P01530,Commercial,SME,South,2026-09,18086,17559
P01531,Commercial,SME,South,2026-09,19090,18534
P01532,Commercial,SME,South,2026-09,13775,13374
P01533,Commercial,SME,South,2026-09,31451,30535
P01534,Commercial,SME,South,2026-09,25095,24364
P01535,Commercial,SME,South,2026-09,15303,14857
P01536,Commercial,SME,South,2026-09,10080,9786
P01537,Commercial,SME,South,2026-09,11284,10955
P01538,Commercial,SME,South,2026-09,17855,17335
P01539,Commercial,SME,South,2026-09,30728,29833
P01540,Commercial,SME,South,2026-09,25123,24391
P01541,Commercial,SME,South,2026-09,11167,10842
P01542,Commercial,SME,South,2026-09,28496,27666
P01543,Commercial,SME,South,2026-09,15550,15097
P01544,Commercial,SME,South,2026-09,28285,27461
P01545,Commercial,SME,South,2026-09,11879,11533
P01546,Commercial,SME,South,2026-09,22017,21376
P01547,Commercial,SME,South,2026-09,30301,29418
P01548,Commercial,SME,South,2026-09,12315,11956
P01549,Commercial,SME,South,2026-09,24014,23315
P01550,Commercial,SME,South,2026-09,31931,31001
P01551,Commercial,SME,South,2026-09,9429,9154
P01552,Commercial,SME,South,2026-09,7756,7530
P01553,Commercial,SME,South,2026-09,23511,22826
P01554,Commercial,SME,South,2026-09,14516,14093
P01555,Commercial,SME,South,2026-09,7294,7082
P01556,Commercial,SME,South,2026-09,18162,17633
P01557,Commercial,SME,South,2026-09,25651,24904
P01558,Commercial,SME,South,2026-09,13047,12667
P01559,Commercial,SME,South,2026-09,14389,13970
P01560,Commercial,SME,South,2026-09,28123,27304
P01561,Commercial,SME,South,2026-09,19365,18801
P01562,Commercial,SME,South,2026-09,28043,27226
P01563,Commercial,SME,South,2026-09,17384,16878
P01564,Commercial,SME,South,2026-09,31008,30105
P01565,Commercial,SME,South,2026-09,22881,22215
P01566,Commercial,SME,South,2026-09,8495,8248
P01567,Commercial,SME,South,2026-09,29182,28332
P01568,Commercial,SME,South,2026-09,18537,17997
P01569,Commercial,SME,South,2026-09,9188,8920
P01570,Commercial,SME,South,2026-09,9485,9209
P01571,Commercial,SME,South,2026-09,23869,23174
P01572,Commercial,SME,South,2026-09,6653,6459
P01573,Commercial,SME,South,2026-09,13086,12705
P01574,Commercial,SME,South,2026-09,9138,8872
P01575,Commercial,SME,South,2026-09,17241,16739
P01576,Commercial,SME,South,2026-09,16522,16041
P01577,Commercial,SME,South,2026-09,19414,18849
P01578,Commercial,SME,South,2026-09,12900,12524
P01579,Commercial,SME,South,2026-09,6241,6059
P01580,Commercial,SME,South,2026-09,21902,21264
P01581,Commercial,SME,South,2026-09,15429,14980
P01582,Commercial,SME,South,2026-09,22896,22229
P01583,Commercial,SME,South,2026-09,8301,8059
P01584,Commercial,SME,South,2026-09,5749,5582
P01585,Commercial,SME,South,2026-09,12056,11705
P01586,Commercial,SME,South,2026-09,17657,17143
P01587,Commercial,SME,South,2026-09,15977,15512
P01588,Commercial,SME,South,2026-09,27171,26380
P01589,Commercial,SME,South,2026-09,15541,15088
P01590,Commercial,SME,South,2026-09,19644,19072
P01591,Commercial,SME,South,2026-09,21341,20719
P01592,Commercial,SME,South,2026-09,5966,5792
P01593,Commercial,SME,South,2026-09,19233,18673
P01594,Commercial,SME,South,2026-09,14653,14226
P01595,Commercial,SME,South,2026-09,16709,16222
P01596,Commercial,SME,South,2026-09,8076,7841
P01597,Commercial,SME,South,2026-09,26432,25662
P01598,Commercial,SME,South,2026-09,30724,29829
P01599,Commercial,SME,South,2026-09,5978,5804
P01600,Commercial,SME,South,2026-09,21552,20924
P01601,Commercial,SME,South,2026-09,25922,25167
P01602,Commercial,SME,South,2026-09,13039,12659
P01603,Commercial,SME,South,2026-09,26560,25786
P01604,Commercial,SME,South,2026-09,22385,21733
P01605,Commercial,SME,South,2026-09,30367,29483
P01606,Commercial,SME,South,2026-09,31762,30837
P01607,Commercial,SME,South,2026-09,6518,6328
P01608,Commercial,SME,South,2026-09,17345,16840
P01609,Commercial,SME,South,2026-09,20089,19504
P01610,Commercial,SME,South,2026-09,9326,9054
P01611,Commercial,SME,South,2026-09,14423,14003
P01612,Commercial,SME,South,2026-09,31940,31010
P01613,Commercial,SME,South,2026-09,5815,5646
P01614,Commercial,SME,South,2026-09,17548,17037
P01615,Commercial,SME,South,2026-09,28041,27224
P01616,Commercial,SME,South,2026-09,14089,13679
P01617,Commercial,SME,South,2026-09,18282,17750
P01618,Commercial,SME,South,2026-09,31682,30759
P01619,Commercial,SME,South,2026-09,18150,17621
P01620,Commercial,SME,South,2026-09,8900,8641
P01621,Commercial,SME,South,2026-09,6770,6573
P01622,Commercial,SME,South,2026-09,30804,29907
P01623,Commercial,SME,South,2026-09,12528,12163
P01624,Commercial,SME,South,2026-09,18936,18384
P01625,Commercial,SME,South,2026-09,7818,7590
P01626,Commercial,SME,South,2026-09,16773,16284
P01627,Commercial,SME,South,2026-09,30393,29508
P01628,Commercial,SME,South,2026-09,18890,18340
P01629,Commercial,SME,South,2026-09,31496,30579
P01630,Commercial,SME,South,2026-09,12339,11980
P01631,Commercial,SME,South,2026-09,18948,18396
P01632,Commercial,SME,South,2026-09,28495,27665
P01633,Commercial,SME,South,2026-09,17434,16926
P01634,Commercial,SME,South,2026-09,12896,12520
P01635,Commercial,SME,South,2026-09,28386,27559
P01636,Commercial,SME,South,2026-09,15864,15402
P01637,Commercial,SME,South,2026-09,19652,19080
P01638,Commercial,SME,South,2026-09,31642,30720
P01639,Commercial,SME,South,2026-09,10394,10091
P01640,Commercial,SME,South,2026-09,13485,13092
P01641,Commercial,SME,East,2026-09,14272,13856
P01642,Commercial,SME,East,2026-09,7832,7604
P01643,Commercial,SME,East,2026-09,6088,5911
P01644,Commercial,SME,East,2026-09,10871,10554
P01645,Commercial,SME,East,2026-09,25861,25108
P01646,Commercial,SME,East,2026-09,32192,31254
P01647,Commercial,SME,East,2026-09,30508,29619
P01648,Commercial,SME,East,2026-09,19037,18483
P01649,Commercial,SME,East,2026-09,19784,19208
P01650,Commercial,SME,East,2026-09,13911,13506
P01651,Commercial,SME,East,2026-09,26329,25562
P01652,Commercial,SME,East,2026-09,26081,25321
P01653,Commercial,SME,East,2026-09,28230,27408
P01654,Commercial,SME,East,2026-09,29616,28753
P01655,Commercial,SME,East,2026-09,17148,16649
P01656,Commercial,SME,East,2026-09,26138,25377
P01657,Commercial,SME,East,2026-09,27206,26414
P01658,Commercial,SME,East,2026-09,13745,13345
P01659,Commercial,SME,East,2026-09,30527,29638
P01660,Commercial,SME,East,2026-09,7957,7725
P01661,Commercial,SME,East,2026-09,32285,31345
P01662,Commercial,SME,East,2026-09,26225,25461
P01663,Commercial,SME,East,2026-09,7928,7697
P01664,Commercial,SME,East,2026-09,23147,22473
P01665,Commercial,SME,East,2026-09,6330,6146
P01666,Commercial,SME,East,2026-09,26228,25464
P01667,Commercial,SME,East,2026-09,27013,26226
P01668,Commercial,SME,East,2026-09,21692,21060
P01669,Commercial,SME,East,2026-09,28570,27738
P01670,Commercial,SME,East,2026-09,8053,7818
P01671,Commercial,SME,East,2026-09,12866,12491
P01672,Commercial,SME,East,2026-09,16604,16120
P01673,Commercial,SME,East,2026-09,6555,6364
P01674,Commercial,SME,East,2026-09,17523,17013
P01675,Commercial,SME,East,2026-09,12576,12210
P01676,Commercial,SME,East,2026-09,16024,15557
P01677,Commercial,SME,East,2026-09,16899,16407
P01678,Commercial,SME,East,2026-09,29180,28330
P01679,Commercial,SME,East,2026-09,12715,12345
P01680,Commercial,SME,East,2026-09,29567,28706
P01681,Commercial,SME,East,2026-09,16922,16429
P01682,Commercial,SME,East,2026-09,14269,13853
P01683,Commercial,SME,East,2026-09,18991,18438
P01684,Commercial,SME,East,2026-09,16699,16213
P01685,Commercial,SME,East,2026-09,12364,12004
P01686,Commercial,SME,East,2026-09,18996,18443
P01687,Commercial,SME,East,2026-09,9510,9233
P01688,Commercial,SME,East,2026-09,14921,14486
P01689,Commercial,SME,East,2026-09,20702,20099
P01690,Commercial,SME,East,2026-09,16583,16100
P01691,Commercial,SME,East,2026-09,27680,26874
P01692,Commercial,SME,East,2026-09,12347,11987
P01693,Commercial,SME,East,2026-09,31623,30702
P01694,Commercial,SME,East,2026-09,26620,25845
P01695,Commercial,SME,East,2026-09,31564,30645
P01696,Commercial,SME,East,2026-09,28064,27247
P01697,Commercial,SME,East,2026-09,9248,8979
P01698,Commercial,SME,East,2026-09,19639,19067
P01699,Commercial,SME,East,2026-09,10002,9711
P01700,Commercial,SME,East,2026-09,27526,26724
P01701,Commercial,SME,East,2026-09,21198,20581
P01702,Commercial,SME,East,2026-09,12529,12164
P01703,Commercial,SME,East,2026-09,30537,29648
P01704,Commercial,SME,East,2026-09,8520,8272
P01705,Commercial,SME,East,2026-09,20649,20048
P01706,Commercial,SME,East,2026-09,24899,24174
P01707,Commercial,SME,East,2026-09,6998,6794
P01708,Commercial,SME,East,2026-09,21569,20941
P01709,Commercial,SME,East,2026-09,27463,26663
P01710,Commercial,SME,East,2026-09,7233,7022
P01711,Commercial,SME,East,2026-09,19255,18694
P01712,Commercial,SME,East,2026-09,12396,12035
P01713,Commercial,SME,East,2026-09,23327,22648
P01714,Commercial,SME,East,2026-09,8615,8364
P01715,Commercial,SME,East,2026-09,30738,29843
P01716,Commercial,SME,East,2026-09,29594,28732
P01717,Commercial,SME,East,2026-09,10434,10130
P01718,Commercial,SME,East,2026-09,14146,13734
P01719,Commercial,SME,East,2026-09,21292,20672
P01720,Commercial,SME,East,2026-09,24819,24096
P01721,Commercial,SME,East,2026-09,17373,16867
P01722,Commercial,SME,East,2026-09,9632,9351
P01723,Commercial,SME,East,2026-09,8222,7983
P01724,Commercial,SME,East,2026-09,32434,31489
P01725,Commercial,SME,East,2026-09,17716,17200
P01726,Commercial,SME,East,2026-09,28994,28150
P01727,Commercial,SME,East,2026-09,18447,17910
P01728,Commercial,SME,East,2026-09,30342,29458
P01729,Commercial,SME,East,2026-09,7780,7553
P01730,Commercial,SME,East,2026-09,8489,8242
P01731,Commercial,SME,East,2026-09,30537,29648
P01732,Commercial,SME,East,2026-09,31021,30117
P01733,Commercial,SME,East,2026-09,13914,13509
P01734,Commercial,SME,East,2026-09,15008,14571
P01735,Commercial,SME,East,2026-09,17638,17124
P01736,Commercial,SME,East,2026-09,16657,16172
P01737,Commercial,SME,East,2026-09,10544,10237
P01738,Commercial,SME,East,2026-09,29693,28828
P01739,Commercial,SME,East,2026-09,12255,11898
P01740,Commercial,SME,East,2026-09,24473,23760
P01741,Commercial,SME,East,2026-09,7222,7012
P01742,Commercial,SME,East,2026-09,6454,6266
P01743,Commercial,SME,East,2026-09,23079,22407
P01744,Commercial,SME,East,2026-09,14571,14147
P01745,Commercial,SME,East,2026-09,23126,22452
P01746,Commercial,SME,East,2026-09,7949,7717
P01747,Commercial,SME,East,2026-09,31084,30179
P01748,Commercial,SME,East,2026-09,25642,24895
P01749,Commercial,SME,East,2026-09,29095,28248
P01750,Commercial,SME,East,2026-09,9096,8831
P01751,Commercial,SME,East,2026-09,14062,13652
P01752,Commercial,SME,East,2026-09,15365,14917
P01753,Commercial,SME,East,2026-09,19928,19348
P01754,Commercial,SME,East,2026-09,13432,13041
P01755,Commercial,SME,East,2026-09,7046,6841
P01756,Commercial,SME,East,2026-09,15379,14931
P01757,Commercial,SME,East,2026-09,12288,11930
P01758,Commercial,SME,East,2026-09,15839,15378
P01759,Commercial,SME,East,2026-09,10732,10419
P01760,Commercial,SME,East,2026-09,12487,12123
P01761,Commercial,SME,East,2026-09,22355,21704
P01762,Commercial,SME,East,2026-09,15900,15437
P01763,Commercial,SME,East,2026-09,14743,14314
P01764,Commercial,SME,East,2026-09,19840,19262
P01765,Commercial,SME,East,2026-09,26273,25508
P01766,Commercial,SME,East,2026-09,15649,15193
P01767,Commercial,SME,East,2026-09,21289,20669
P01768,Commercial,SME,East,2026-09,31526,30608
P01769,Commercial,SME,East,2026-09,19517,18949
P01770,Commercial,SME,East,2026-09,30002,29128
P01771,Commercial,SME,East,2026-09,26862,26080
P01772,Commercial,SME,East,2026-09,6994,6790
P01773,Commercial,SME,East,2026-09,17006,16511
P01774,Commercial,SME,East,2026-09,24284,23577
P01775,Commercial,SME,East,2026-09,32081,31147
P01776,Commercial,SME,East,2026-09,17798,17280
P01777,Commercial,SME,East,2026-09,7915,7684
P01778,Commercial,SME,East,2026-09,20600,20000
P01779,Commercial,SME,East,2026-09,8828,8571
P01780,Commercial,SME,East,2026-09,25723,24974
P01781,Commercial,SME,East,2026-09,19131,18574
P01782,Commercial,SME,East,2026-09,24963,24236
P01783,Commercial,SME,East,2026-09,28909,28067
P01784,Commercial,SME,East,2026-09,22410,21757
P01785,Commercial,SME,East,2026-09,21963,21323
P01786,Commercial,SME,East,2026-09,25806,25054
P01787,Commercial,SME,East,2026-09,28181,27360
P01788,Commercial,SME,East,2026-09,28900,28058
P01789,Commercial,SME,East,2026-09,6391,6205
P01790,Commercial,SME,East,2026-09,20442,19847
P01791,Commercial,SME,East,2026-09,11253,10925
P01792,Commercial,SME,East,2026-09,28665,27830
P01793,Commercial,SME,East,2026-09,22935,22267
P01794,Commercial,SME,East,2026-09,16766,16278
P01795,Commercial,SME,East,2026-09,10492,10186
P01796,Commercial,SME,East,2026-09,14571,14147
P01797,Commercial,SME,East,2026-09,24433,23721
P01798,Commercial,SME,East,2026-09,10931,10613
P01799,Commercial,SME,East,2026-09,7936,7705
P01800,Commercial,SME,East,2026-09,29414,28557
P01801,Commercial,SME,East,2026-09,26066,25307
P01802,Commercial,SME,East,2026-09,10808,10493
P01803,Commercial,SME,East,2026-09,13309,12921
P01804,Commercial,SME,East,2026-09,31685,30762
P01805,Commercial,SME,East,2026-09,24551,23836
P01806,Commercial,SME,East,2026-09,21911,21273
P01807,Commercial,SME,East,2026-09,13723,13323
P01808,Commercial,SME,East,2026-09,13493,13100
P01809,Commercial,SME,East,2026-09,6476,6287
P01810,Commercial,SME,East,2026-09,25100,24369
P01811,Commercial,SME,East,2026-09,6573,6382
P01812,Commercial,SME,East,2026-09,5538,5377
P01813,Commercial,SME,East,2026-09,25128,24396
P01814,Commercial,SME,East,2026-09,31058,30153
P01815,Commercial,SME,East,2026-09,25857,25104
P01816,Commercial,SME,East,2026-09,18157,17628
P01817,Commercial,SME,East,2026-09,18546,18006
P01818,Commercial,SME,East,2026-09,17197,16696
P01819,Commercial,SME,East,2026-09,14183,13770
P01820,Commercial,SME,East,2026-09,19510,18942
P01821,Commercial,SME,East,2026-09,17062,16565
P01822,Commercial,SME,East,2026-09,21577,20949
P01823,Commercial,SME,East,2026-09,29686,28821
P01824,Commercial,SME,East,2026-09,32305,31364
P01825,Commercial,SME,East,2026-09,7535,7316
P01826,Commercial,SME,East,2026-09,15806,15346
P01827,Commercial,SME,East,2026-09,10292,9992
P01828,Commercial,SME,East,2026-09,14926,14491
P01829,Commercial,SME,East,2026-09,13178,12794
P01830,Commercial,SME,East,2026-09,10125,9830
P01831,Commercial,SME,East,2026-09,26062,25303
P01832,Commercial,SME,East,2026-09,18823,18275
P01833,Commercial,SME,East,2026-09,30257,29376
P01834,Commercial,SME,East,2026-09,6288,6105
P01835,Commercial,SME,East,2026-09,7217,7007
P01836,Commercial,SME,East,2026-09,16309,15834
P01837,Commercial,SME,East,2026-09,7577,7356
P01838,Commercial,SME,East,2026-09,12509,12145
P01839,Commercial,SME,East,2026-09,32063,31129
P01840,Commercial,SME,East,2026-09,11056,10734
P01841,Commercial,SME,East,2026-09,10762,10449
P01842,Commercial,SME,East,2026-09,20914,20305
P01843,Commercial,SME,East,2026-09,18870,18320
P01844,Commercial,SME,East,2026-09,21097,20483
P01845,Commercial,SME,East,2026-09,15591,15137
P01846,Commercial,SME,East,2026-09,27757,26949
P01847,Commercial,SME,East,2026-09,9153,8886
P01848,Commercial,SME,East,2026-09,16988,16493
P01849,Commercial,SME,East,2026-09,24054,23353
P01850,Commercial,SME,East,2026-09,28878,28037
P01851,Commercial,SME,East,2026-09,15397,14949
P01852,Commercial,SME,East,2026-09,20754,20150
P01853,Commercial,SME,East,2026-09,7276,7064
P01854,Commercial,SME,East,2026-09,10011,9719
P01855,Commercial,SME,East,2026-09,7276,7064
P01856,Commercial,SME,East,2026-09,25084,24353
P01857,Commercial,SME,East,2026-09,13194,12810
P01858,Commercial,SME,East,2026-09,24972,24245
P01859,Commercial,SME,East,2026-09,7202,6992
P01860,Commercial,SME,East,2026-09,28725,27888
P01861,Commercial,SME,West,2026-09,23144,22470
P01862,Commercial,SME,West,2026-09,13536,13142
P01863,Commercial,SME,West,2026-09,5106,4957
P01864,Commercial,SME,West,2026-09,19249,18688
P01865,Commercial,SME,West,2026-09,28836,27996
P01866,Commercial,SME,West,2026-09,11078,10755
P01867,Commercial,SME,West,2026-09,9429,9154
P01868,Commercial,SME,West,2026-09,7841,7613
P01869,Commercial,SME,West,2026-09,18282,17750
P01870,Commercial,SME,West,2026-09,19280,18718
P01871,Commercial,SME,West,2026-09,24020,23320
P01872,Commercial,SME,West,2026-09,23071,22399
P01873,Commercial,SME,West,2026-09,26447,25677
P01874,Commercial,SME,West,2026-09,24346,23637
P01875,Commercial,SME,West,2026-09,10827,10512
P01876,Commercial,SME,West,2026-09,18297,17764
P01877,Commercial,SME,West,2026-09,12041,11690
P01878,Commercial,SME,West,2026-09,12825,12451
P01879,Commercial,SME,West,2026-09,27401,26603
P01880,Commercial,SME,West,2026-09,21348,20726
P01881,Commercial,SME,West,2026-09,28433,27605
P01882,Commercial,SME,West,2026-09,14934,14499
P01883,Commercial,SME,West,2026-09,17851,17331
P01884,Commercial,SME,West,2026-09,16632,16148
P01885,Commercial,SME,West,2026-09,7439,7222
P01886,Commercial,SME,West,2026-09,10571,10263
P01887,Commercial,SME,West,2026-09,17614,17101
P01888,Commercial,SME,West,2026-09,6473,6284
P01889,Commercial,SME,West,2026-09,27389,26591
P01890,Commercial,SME,West,2026-09,7839,7611
P01891,Commercial,SME,West,2026-09,9634,9353
P01892,Commercial,SME,West,2026-09,23368,22687
P01893,Commercial,SME,West,2026-09,7187,6978
P01894,Commercial,SME,West,2026-09,26635,25859
P01895,Commercial,SME,West,2026-09,22409,21756
P01896,Commercial,SME,West,2026-09,6502,6313
P01897,Commercial,SME,West,2026-09,21589,20960
P01898,Commercial,SME,West,2026-09,20131,19545
P01899,Commercial,SME,West,2026-09,23174,22499
P01900,Commercial,SME,West,2026-09,24890,24165
P01901,Commercial,SME,West,2026-09,22230,21583
P01902,Commercial,SME,West,2026-09,19031,18477
P01903,Commercial,SME,West,2026-09,12647,12279
P01904,Commercial,SME,West,2026-09,21721,21088
P01905,Commercial,SME,West,2026-09,28007,27191
P01906,Commercial,SME,West,2026-09,19063,18508
P01907,Commercial,SME,West,2026-09,20923,20314
P01908,Commercial,SME,West,2026-09,15423,14974
P01909,Commercial,SME,West,2026-09,23145,22471
P01910,Commercial,SME,West,2026-09,28991,28147
P01911,Commercial,SME,West,2026-09,8724,8470
P01912,Commercial,SME,West,2026-09,9741,9457
P01913,Commercial,SME,West,2026-09,17899,17378
P01914,Commercial,SME,West,2026-09,16494,16014
P01915,Commercial,SME,West,2026-09,18677,18133
P01916,Commercial,SME,West,2026-09,6030,5854
P01917,Commercial,SME,West,2026-09,14628,14202
P01918,Commercial,SME,West,2026-09,18953,18401
P01919,Commercial,SME,West,2026-09,19007,18453
P01920,Commercial,SME,West,2026-09,20753,20149
P01921,Commercial,SME,West,2026-09,22276,21627
P01922,Commercial,SME,West,2026-09,20371,19778
P01923,Commercial,SME,West,2026-09,23971,23273
P01924,Commercial,SME,West,2026-09,19964,19383
P01925,Commercial,SME,West,2026-09,17853,17333
P01926,Commercial,SME,West,2026-09,19515,18947
P01927,Commercial,SME,West,2026-09,7291,7079
P01928,Commercial,SME,West,2026-09,11454,11120
P01929,Commercial,SME,West,2026-09,17608,17095
P01930,Commercial,SME,West,2026-09,25974,25217
P01931,Commercial,SME,West,2026-09,21279,20659
P01932,Commercial,SME,West,2026-09,7030,6825
P01933,Commercial,SME,West,2026-09,19179,18620
P01934,Commercial,SME,West,2026-09,10209,9912
P01935,Commercial,SME,West,2026-09,22610,21951
P01936,Commercial,SME,West,2026-09,24871,24147
P01937,Commercial,SME,West,2026-09,19207,18648
P01938,Commercial,SME,West,2026-09,19156,18598
P01939,Commercial,SME,West,2026-09,13038,12658
P01940,Commercial,SME,West,2026-09,15644,15188
P01941,Commercial,SME,West,2026-09,25758,25008
P01942,Commercial,SME,West,2026-09,22351,21700
P01943,Commercial,SME,West,2026-09,17423,16916
P01944,Commercial,SME,West,2026-09,13755,13354
P01945,Commercial,SME,West,2026-09,6061,5884
P01946,Commercial,SME,West,2026-09,8303,8061
P01947,Commercial,SME,West,2026-09,9514,9237
P01948,Commercial,SME,West,2026-09,13880,13476
P01949,Commercial,SME,West,2026-09,27696,26889
P01950,Commercial,SME,West,2026-09,17069,16572
P01951,Commercial,SME,West,2026-09,10527,10220
P01952,Commercial,SME,West,2026-09,7402,7186
P01953,Commercial,SME,West,2026-09,13031,12651
P01954,Commercial,SME,West,2026-09,24588,23872
P01955,Commercial,SME,West,2026-09,14121,13710
P01956,Commercial,SME,West,2026-09,23542,22856
P01957,Commercial,SME,West,2026-09,24272,23565
P01958,Commercial,SME,West,2026-09,7524,7305
P01959,Commercial,SME,West,2026-09,19575,19005
P01960,Commercial,SME,West,2026-09,28058,27241
P01961,Commercial,SME,West,2026-09,14576,14151
P01962,Commercial,SME,West,2026-09,6075,5898
P01963,Commercial,SME,West,2026-09,27192,26400
P01964,Commercial,SME,West,2026-09,26232,25468
P01965,Commercial,SME,West,2026-09,17481,16972
P01966,Commercial,SME,West,2026-09,18209,17679
P01967,Commercial,SME,West,2026-09,9967,9677
P01968,Commercial,SME,West,2026-09,24678,23959
P01969,Commercial,SME,West,2026-09,16911,16418
P01970,Commercial,SME,West,2026-09,5662,5497
P01971,Commercial,SME,West,2026-09,21375,20752
P01972,Commercial,SME,West,2026-09,27850,27039
P01973,Commercial,SME,West,2026-09,24913,24187
P01974,Commercial,SME,West,2026-09,11551,11215
P01975,Commercial,SME,West,2026-09,6133,5954
P01976,Commercial,SME,West,2026-09,27604,26800
P01977,Commercial,SME,West,2026-09,27525,26723
P01978,Commercial,SME,West,2026-09,17729,17213
P01979,Commercial,SME,West,2026-09,20390,19796
P01980,Commercial,SME,West,2026-09,16039,15572
P01981,Commercial,SME,West,2026-09,15003,14566
P01982,Commercial,SME,West,2026-09,7733,7508
P01983,Commercial,SME,West,2026-09,7183,6974
P01984,Commercial,SME,West,2026-09,10475,10170
P01985,Commercial,SME,West,2026-09,25094,24363
P01986,Commercial,SME,West,2026-09,8372,8128
P01987,Commercial,SME,West,2026-09,10329,10028
P01988,Commercial,SME,West,2026-09,18122,17594
P01989,Commercial,SME,West,2026-09,10049,9756
P01990,Commercial,SME,West,2026-09,8792,8536
P01991,Commercial,SME,West,2026-09,18477,17939
P01992,Commercial,SME,West,2026-09,13752,13351
P01993,Commercial,SME,West,2026-09,19998,19416
P01994,Commercial,SME,West,2026-09,26923,26139
P01995,Commercial,SME,West,2026-09,8496,8249
P01996,Commercial,SME,West,2026-09,26953,26168
P01997,Commercial,SME,West,2026-09,26688,25911
P01998,Commercial,SME,West,2026-09,24911,24185
P01999,Commercial,SME,West,2026-09,20123,19537
P02000,Commercial,SME,West,2026-09,19853,19275
P02001,Commercial,SME,West,2026-09,20315,19723
P02002,Commercial,SME,West,2026-09,21556,20928
P02003,Commercial,SME,West,2026-09,5241,5088
P02004,Commercial,SME,West,2026-09,28034,27217
P02005,Commercial,SME,West,2026-09,19017,18463
P02006,Commercial,SME,West,2026-09,23758,23066
P02007,Commercial,SME,West,2026-09,13974,13567
P02008,Commercial,SME,West,2026-09,5142,4992
P02009,Commercial,SME,West,2026-09,17180,16680
P02010,Commercial,SME,West,2026-09,17119,16620
P02011,Commercial,SME,West,2026-09,15419,14970
P02012,Commercial,SME,West,2026-09,13065,12684
P02013,Commercial,SME,West,2026-09,10889,10572
P02014,Commercial,SME,West,2026-09,17612,17099
P02015,Commercial,SME,West,2026-09,13926,13520
P02016,Commercial,SME,West,2026-09,28321,27496
P02017,Commercial,SME,West,2026-09,9027,8764
P02018,Commercial,SME,West,2026-09,12579,12213
P02019,Commercial,SME,West,2026-09,11957,11609
P02020,Commercial,SME,West,2026-09,17993,17469
P02021,Commercial,SME,West,2026-09,16927,16434
P02022,Commercial,SME,West,2026-09,20424,19829
P02023,Commercial,SME,West,2026-09,27838,27027
P02024,Commercial,SME,West,2026-09,11746,11404
P02025,Commercial,SME,West,2026-09,21611,20982
P02026,Commercial,SME,West,2026-09,5448,5289
P02027,Commercial,SME,West,2026-09,11193,10867
P02028,Commercial,SME,West,2026-09,16067,15599
P02029,Commercial,SME,West,2026-09,5592,5429
P02030,Commercial,SME,West,2026-09,19794,19217
P02031,Commercial,SME,West,2026-09,21261,20642
P02032,Commercial,SME,West,2026-09,22918,22250
P02033,Commercial,SME,West,2026-09,17346,16841
P02034,Commercial,SME,West,2026-09,19461,18894
P02035,Commercial,SME,West,2026-09,14429,14009
P02036,Commercial,SME,West,2026-09,5840,5670
P02037,Commercial,SME,West,2026-09,7260,7049
P02038,Commercial,SME,West,2026-09,20697,20094
P02039,Commercial,SME,West,2026-09,28941,28098
P02040,Commercial,SME,West,2026-09,5224,5072
P02041,Commercial,SME,West,2026-09,18339,17805
P02042,Commercial,SME,West,2026-09,23020,22350
P02043,Commercial,SME,West,2026-09,24855,24131
P02044,Commercial,SME,West,2026-09,18039,17514
P02045,Commercial,SME,West,2026-09,19848,19270
P02046,Commercial,SME,West,2026-09,21707,21075
P02047,Commercial,SME,West,2026-09,25635,24888
P02048,Commercial,SME,West,2026-09,7801,7574
P02049,Commercial,SME,West,2026-09,27261,26467
P02050,Commercial,SME,West,2026-09,5471,5312
P02051,Commercial,SME,West,2026-09,25084,24353
P02052,Commercial,SME,West,2026-09,6699,6504
P02053,Commercial,SME,West,2026-09,9552,9274
P02054,Commercial,SME,West,2026-09,4936,4792
P02055,Commercial,SME,West,2026-09,15620,15165
P02056,Commercial,SME,West,2026-09,12935,12558
P02057,Commercial,SME,West,2026-09,8859,8601
P02058,Commercial,SME,West,2026-09,15761,15302
P02059,Commercial,SME,West,2026-09,14582,14157
P02060,Commercial,SME,West,2026-09,23424,22742
P02061,Commercial,SME,West,2026-09,26462,25691
P02062,Commercial,SME,West,2026-09,20638,20037
P02063,Commercial,SME,West,2026-09,7853,7624
P02064,Commercial,SME,West,2026-09,11992,11643
P02065,Commercial,SME,West,2026-09,26950,26165
P02066,Commercial,SME,West,2026-09,6990,6786
P02067,Commercial,SME,West,2026-09,14690,14262
P02068,Commercial,SME,West,2026-09,27657,26851
P02069,Commercial,SME,West,2026-09,27854,27043
P02070,Commercial,SME,West,2026-09,14795,14364
P02071,Commercial,Property,North,2026-09,11692,11351
P02072,Commercial,Property,North,2026-09,29220,28369
P02073,Commercial,Property,North,2026-09,11379,11048
P02074,Commercial,Property,North,2026-09,26184,25421
P02075,Commercial,Property,North,2026-09,27423,26624
P02076,Commercial,Property,North,2026-09,22135,21490
P02077,Commercial,Property,North,2026-09,30362,29478
P02078,Commercial,Property,North,2026-09,14027,13618
P02079,Commercial,Property,North,2026-09,30897,29997
P02080,Commercial,Property,North,2026-09,26549,25776
P02081,Commercial,Property,North,2026-09,28530,27699
P02082,Commercial,Property,North,2026-09,24697,23978
P02083,Commercial,Property,North,2026-09,29890,29019
P02084,Commercial,Property,North,2026-09,34082,33089
P02085,Commercial,Property,North,2026-09,17715,17199
P02086,Commercial,Property,North,2026-09,28963,28119
P02087,Commercial,Property,North,2026-09,26982,26196
P02088,Commercial,Property,North,2026-09,18649,18106
P02089,Commercial,Property,North,2026-09,32192,31254
P02090,Commercial,Property,North,2026-09,16980,16485
P02091,Commercial,Property,North,2026-09,21866,21229
P02092,Commercial,Property,North,2026-09,8740,8485
P02093,Commercial,Property,North,2026-09,12162,11808
P02094,Commercial,Property,North,2026-09,29728,28862
P02095,Commercial,Property,North,2026-09,17040,16544
P02096,Commercial,Property,North,2026-09,16970,16476
P02097,Commercial,Property,North,2026-09,12740,12369
P02098,Commercial,Property,North,2026-09,19756,19181
P02099,Commercial,Property,North,2026-09,28732,27895
P02100,Commercial,Property,North,2026-09,31284,30373
P02101,Commercial,Property,North,2026-09,7716,7491
P02102,Commercial,Property,North,2026-09,22133,21488
P02103,Commercial,Property,North,2026-09,19061,18506
P02104,Commercial,Property,North,2026-09,23260,22583
P02105,Commercial,Property,North,2026-09,18490,17951
P02106,Commercial,Property,North,2026-09,17100,16602
P02107,Commercial,Property,North,2026-09,19192,18633
P02108,Commercial,Property,North,2026-09,22338,21687
P02109,Commercial,Property,North,2026-09,20024,19441
P02110,Commercial,Property,North,2026-09,19200,18641
P02111,Commercial,Property,North,2026-09,29075,28228
P02112,Commercial,Property,North,2026-09,27013,26226
P02113,Commercial,Property,North,2026-09,15464,15014
P02114,Commercial,Property,North,2026-09,28581,27749
P02115,Commercial,Property,North,2026-09,30098,29221
P02116,Commercial,Property,North,2026-09,10098,9804
P02117,Commercial,Property,North,2026-09,22357,21706
P02118,Commercial,Property,North,2026-09,13863,13459
P02119,Commercial,Property,North,2026-09,26827,26046
P02120,Commercial,Property,North,2026-09,12534,12169
P02121,Commercial,Property,North,2026-09,24892,24167
P02122,Commercial,Property,North,2026-09,13001,12622
P02123,Commercial,Property,North,2026-09,20314,19722
P02124,Commercial,Property,North,2026-09,32812,31856
P02125,Commercial,Property,North,2026-09,16606,16122
P02126,Commercial,Property,North,2026-09,30729,29834
P02127,Commercial,Property,North,2026-09,33906,32918
P02128,Commercial,Property,North,2026-09,30703,29809
P02129,Commercial,Property,North,2026-09,10451,10147
P02130,Commercial,Property,North,2026-09,29127,28279
P02131,Commercial,Property,North,2026-09,6631,6438
P02132,Commercial,Property,North,2026-09,16948,16454
P02133,Commercial,Property,North,2026-09,30586,29695
P02134,Commercial,Property,North,2026-09,25387,24648
P02135,Commercial,Property,North,2026-09,20931,20321
P02136,Commercial,Property,North,2026-09,16792,16303
P02137,Commercial,Property,North,2026-09,28916,28074
P02138,Commercial,Property,North,2026-09,25982,25225
P02139,Commercial,Property,North,2026-09,19093,18537
P02140,Commercial,Property,North,2026-09,31207,30298
P02141,Commercial,Property,North,2026-09,12282,11924
P02142,Commercial,Property,North,2026-09,10580,10272
P02143,Commercial,Property,North,2026-09,24075,23374
P02144,Commercial,Property,North,2026-09,33478,32503
P02145,Commercial,Property,North,2026-09,12776,12404
P02146,Commercial,Property,North,2026-09,12845,12471
P02147,Commercial,Property,North,2026-09,9697,9415
P02148,Commercial,Property,North,2026-09,30295,29413
P02149,Commercial,Property,North,2026-09,12180,11825
P02150,Commercial,Property,North,2026-09,20086,19501
P02151,Commercial,Property,North,2026-09,34018,33027
P02152,Commercial,Property,North,2026-09,6059,5883
P02153,Commercial,Property,North,2026-09,21609,20980
P02154,Commercial,Property,North,2026-09,20347,19754
P02155,Commercial,Property,North,2026-09,28778,27940
P02156,Commercial,Property,North,2026-09,15862,15400
P02157,Commercial,Property,North,2026-09,17435,16927
P02158,Commercial,Property,North,2026-09,10510,10204
P02159,Commercial,Property,North,2026-09,26875,26092
P02160,Commercial,Property,North,2026-09,28128,27309
P02161,Commercial,Property,North,2026-09,9617,9337
P02162,Commercial,Property,North,2026-09,16953,16459
P02163,Commercial,Property,North,2026-09,31219,30310
P02164,Commercial,Property,North,2026-09,5791,5622
P02165,Commercial,Property,North,2026-09,14247,13832
P02166,Commercial,Property,North,2026-09,21568,20940
P02167,Commercial,Property,North,2026-09,15256,14812
P02168,Commercial,Property,North,2026-09,13484,13091
P02169,Commercial,Property,North,2026-09,18854,18305
P02170,Commercial,Property,North,2026-09,10898,10581
P02171,Commercial,Property,North,2026-09,20842,20235
P02172,Commercial,Property,North,2026-09,25900,25146
P02173,Commercial,Property,North,2026-09,22147,21502
P02174,Commercial,Property,North,2026-09,8373,8129
P02175,Commercial,Property,North,2026-09,29834,28965
P02176,Commercial,Property,North,2026-09,10711,10399
P02177,Commercial,Property,North,2026-09,27560,26757
P02178,Commercial,Property,North,2026-09,16012,15546
P02179,Commercial,Property,North,2026-09,28073,27255
P02180,Commercial,Property,North,2026-09,11605,11267
P02181,Commercial,Property,North,2026-09,11045,10723
P02182,Commercial,Property,North,2026-09,19911,19331
P02183,Commercial,Property,North,2026-09,6654,6460
P02184,Commercial,Property,North,2026-09,12149,11795
P02185,Commercial,Property,North,2026-09,26395,25626
P02186,Commercial,Property,North,2026-09,29633,28770
P02187,Commercial,Property,North,2026-09,8021,7787
P02188,Commercial,Property,North,2026-09,30910,30010
P02189,Commercial,Property,North,2026-09,28494,27664
P02190,Commercial,Property,North,2026-09,30556,29666
P02191,Commercial,Property,North,2026-09,25663,24916
P02192,Commercial,Property,North,2026-09,24970,24243
P02193,Commercial,Property,North,2026-09,20712,20109
P02194,Commercial,Property,North,2026-09,24361,23651
P02195,Commercial,Property,North,2026-09,31968,31037
P02196,Commercial,Property,North,2026-09,8584,8334
P02197,Commercial,Property,North,2026-09,14733,14304
P02198,Commercial,Property,North,2026-09,7783,7556
P02199,Commercial,Property,North,2026-09,32701,31749
P02200,Commercial,Property,North,2026-09,18432,17895
P02201,Commercial,Property,North,2026-09,25004,24276
P02202,Commercial,Property,North,2026-09,29740,28874
P02203,Commercial,Property,North,2026-09,34021,33030
P02204,Commercial,Property,North,2026-09,10334,10033
P02205,Commercial,Property,North,2026-09,28552,27720
P02206,Commercial,Property,North,2026-09,31063,30158
P02207,Commercial,Property,North,2026-09,7109,6902
P02208,Commercial,Property,North,2026-09,27254,26460
P02209,Commercial,Property,North,2026-09,15846,15384
P02210,Commercial,Property,North,2026-09,24240,23534
P02211,Commercial,Property,North,2026-09,20397,19803
P02212,Commercial,Property,North,2026-09,13132,12750
P02213,Commercial,Property,North,2026-09,9576,9297
P02214,Commercial,Property,North,2026-09,9054,8790
P02215,Commercial,Property,North,2026-09,8664,8412
P02216,Commercial,Property,North,2026-09,23932,23235
P02217,Commercial,Property,North,2026-09,15751,15292
P02218,Commercial,Property,North,2026-09,11902,11555
P02219,Commercial,Property,North,2026-09,25477,24735
P02220,Commercial,Property,North,2026-09,25333,24595
P02221,Commercial,Property,North,2026-09,21115,20500
P02222,Commercial,Property,North,2026-09,32420,31476
P02223,Commercial,Property,North,2026-09,16722,16235
P02224,Commercial,Property,North,2026-09,29590,28728
P02225,Commercial,Property,North,2026-09,7860,7631
P02226,Commercial,Property,North,2026-09,26847,26065
P02227,Commercial,Property,North,2026-09,33949,32960
P02228,Commercial,Property,North,2026-09,29897,29026
P02229,Commercial,Property,North,2026-09,22272,21623
P02230,Commercial,Property,North,2026-09,23617,22929
P02231,Commercial,Property,North,2026-09,15805,15345
P02232,Commercial,Property,North,2026-09,25123,24391
P02233,Commercial,Property,North,2026-09,27719,26912
P02234,Commercial,Property,North,2026-09,34228,33231
P02235,Commercial,Property,North,2026-09,19780,19204
P02236,Commercial,Property,North,2026-09,7464,7247
P02237,Commercial,Property,North,2026-09,22734,22072
P02238,Commercial,Property,North,2026-09,9113,8848
P02239,Commercial,Property,North,2026-09,12705,12335
P02240,Commercial,Property,North,2026-09,15105,14665
P02241,Commercial,Property,North,2026-09,26596,25821
P02242,Commercial,Property,North,2026-09,10963,10644
P02243,Commercial,Property,North,2026-09,10448,10144
P02244,Commercial,Property,North,2026-09,6998,6794
P02245,Commercial,Property,North,2026-09,30657,29764
P02246,Commercial,Property,North,2026-09,25523,24780
P02247,Commercial,Property,North,2026-09,6855,6655
P02248,Commercial,Property,North,2026-09,6521,6331
P02249,Commercial,Property,North,2026-09,21672,21041
P02250,Commercial,Property,North,2026-09,13783,13382
P02251,Commercial,Property,South,2026-09,15905,15442
P02252,Commercial,Property,South,2026-09,29255,28403
P02253,Commercial,Property,South,2026-09,34799,33785
P02254,Commercial,Property,South,2026-09,26289,25523
P02255,Commercial,Property,South,2026-09,19290,18728
P02256,Commercial,Property,South,2026-09,28943,28100
P02257,Commercial,Property,South,2026-09,20090,19505
P02258,Commercial,Property,South,2026-09,18762,18216
P02259,Commercial,Property,South,2026-09,22148,21503
P02260,Commercial,Property,South,2026-09,15809,15349
P02261,Commercial,Property,South,2026-09,9291,9020
P02262,Commercial,Property,South,2026-09,18776,18229
P02263,Commercial,Property,South,2026-09,9890,9602
P02264,Commercial,Property,South,2026-09,18641,18098
P02265,Commercial,Property,South,2026-09,23114,22441
P02266,Commercial,Property,South,2026-09,34529,33523
P02267,Commercial,Property,South,2026-09,7213,7003
P02268,Commercial,Property,South,2026-09,25085,24354
P02269,Commercial,Property,South,2026-09,20085,19500
P02270,Commercial,Property,South,2026-09,6726,6530
P02271,Commercial,Property,South,2026-09,13728,13328
P02272,Commercial,Property,South,2026-09,9725,9442
P02273,Commercial,Property,South,2026-09,12728,12357
P02274,Commercial,Property,South,2026-09,14492,14070
P02275,Commercial,Property,South,2026-09,18362,17827
P02276,Commercial,Property,South,2026-09,22262,21614
P02277,Commercial,Property,South,2026-09,6138,5959
P02278,Commercial,Property,South,2026-09,11051,10729
P02279,Commercial,Property,South,2026-09,8965,8704
P02280,Commercial,Property,South,2026-09,22893,22226
P02281,Commercial,Property,South,2026-09,16157,15686
P02282,Commercial,Property,South,2026-09,22854,22188
P02283,Commercial,Property,South,2026-09,12881,12506
P02284,Commercial,Property,South,2026-09,6847,6648
P02285,Commercial,Property,South,2026-09,34854,33839
P02286,Commercial,Property,South,2026-09,9415,9141
P02287,Commercial,Property,South,2026-09,9982,9691
P02288,Commercial,Property,South,2026-09,10582,10274
P02289,Commercial,Property,South,2026-09,36073,35022
P02290,Commercial,Property,South,2026-09,24969,24242
P02291,Commercial,Property,South,2026-09,24744,24023
P02292,Commercial,Property,South,2026-09,36238,35183
P02293,Commercial,Property,South,2026-09,8809,8552
P02294,Commercial,Property,South,2026-09,35866,34821
P02295,Commercial,Property,South,2026-09,12337,11978
P02296,Commercial,Property,South,2026-09,25134,24402
P02297,Commercial,Property,South,2026-09,18936,18384
P02298,Commercial,Property,South,2026-09,17832,17313
P02299,Commercial,Property,South,2026-09,34545,33539
P02300,Commercial,Property,South,2026-09,10665,10354
P02301,Commercial,Property,South,2026-09,36555,35490
P02302,Commercial,Property,South,2026-09,17685,17170
P02303,Commercial,Property,South,2026-09,25919,25164
P02304,Commercial,Property,South,2026-09,35665,34626
P02305,Commercial,Property,South,2026-09,7866,7637
P02306,Commercial,Property,South,2026-09,34289,33290
P02307,Commercial,Property,South,2026-09,23447,22764
P02308,Commercial,Property,South,2026-09,27617,26813
P02309,Commercial,Property,South,2026-09,10663,10352
P02310,Commercial,Property,South,2026-09,22395,21743
P02311,Commercial,Property,South,2026-09,26675,25898
P02312,Commercial,Property,South,2026-09,20040,19456
P02313,Commercial,Property,South,2026-09,10840,10524
P02314,Commercial,Property,South,2026-09,13562,13167
P02315,Commercial,Property,South,2026-09,32198,31260
P02316,Commercial,Property,South,2026-09,7161,6952
P02317,Commercial,Property,South,2026-09,27754,26946
P02318,Commercial,Property,South,2026-09,36626,35559
P02319,Commercial,Property,South,2026-09,6336,6151
P02320,Commercial,Property,South,2026-09,11025,10704
P02321,Commercial,Property,South,2026-09,26693,25916
P02322,Commercial,Property,South,2026-09,7939,7708
P02323,Commercial,Property,South,2026-09,24117,23415
P02324,Commercial,Property,South,2026-09,26995,26209
P02325,Commercial,Property,South,2026-09,24068,23367
P02326,Commercial,Property,South,2026-09,17259,16756
P02327,Commercial,Property,South,2026-09,27400,26602
P02328,Commercial,Property,South,2026-09,24255,23549
P02329,Commercial,Property,South,2026-09,12448,12085
P02330,Commercial,Property,South,2026-09,23304,22625
P02331,Commercial,Property,South,2026-09,33038,32076
P02332,Commercial,Property,South,2026-09,26471,25700
P02333,Commercial,Property,South,2026-09,20515,19917
P02334,Commercial,Property,South,2026-09,15928,15464
P02335,Commercial,Property,South,2026-09,8730,8476
P02336,Commercial,Property,South,2026-09,13577,13182
P02337,Commercial,Property,South,2026-09,6449,6261
P02338,Commercial,Property,South,2026-09,36236,35181
P02339,Commercial,Property,South,2026-09,12902,12526
P02340,Commercial,Property,South,2026-09,30992,30089
P02341,Commercial,Property,South,2026-09,11257,10929
P02342,Commercial,Property,South,2026-09,14768,14338
P02343,Commercial,Property,South,2026-09,18880,18330
P02344,Commercial,Property,South,2026-09,16013,15547
P02345,Commercial,Property,South,2026-09,30487,29599
P02346,Commercial,Property,South,2026-09,35353,34323
P02347,Commercial,Property,South,2026-09,32836,31880
P02348,Commercial,Property,South,2026-09,10797,10483
P02349,Commercial,Property,South,2026-09,29826,28957
P02350,Commercial,Property,South,2026-09,10625,10316
P02351,Commercial,Property,South,2026-09,33999,33009
P02352,Commercial,Property,South,2026-09,21921,21283
P02353,Commercial,Property,South,2026-09,16379,15902
P02354,Commercial,Property,South,2026-09,10903,10585
P02355,Commercial,Property,South,2026-09,6468,6280
P02356,Commercial,Property,South,2026-09,13679,13281
P02357,Commercial,Property,South,2026-09,34019,33028
P02358,Commercial,Property,South,2026-09,30453,29566
P02359,Commercial,Property,South,2026-09,35722,34682
P02360,Commercial,Property,South,2026-09,9185,8917
P02361,Commercial,Property,South,2026-09,24191,23486
P02362,Commercial,Property,South,2026-09,13960,13553
P02363,Commercial,Property,South,2026-09,22687,22026
P02364,Commercial,Property,South,2026-09,15893,15430
P02365,Commercial,Property,South,2026-09,14764,14334
P02366,Commercial,Property,South,2026-09,23631,22943
P02367,Commercial,Property,South,2026-09,11705,11364
P02368,Commercial,Property,South,2026-09,20433,19838
P02369,Commercial,Property,South,2026-09,25982,25225
P02370,Commercial,Property,South,2026-09,10022,9730
P02371,Commercial,Property,South,2026-09,34525,33519
P02372,Commercial,Property,South,2026-09,21551,20923
P02373,Commercial,Property,South,2026-09,31134,30227
P02374,Commercial,Property,South,2026-09,26075,25316
P02375,Commercial,Property,South,2026-09,27788,26979
P02376,Commercial,Property,South,2026-09,27976,27161
P02377,Commercial,Property,South,2026-09,32830,31874
P02378,Commercial,Property,South,2026-09,24845,24121
P02379,Commercial,Property,South,2026-09,14603,14178
P02380,Commercial,Property,South,2026-09,9146,8880
P02381,Commercial,Property,South,2026-09,24620,23903
P02382,Commercial,Property,South,2026-09,8134,7897
P02383,Commercial,Property,South,2026-09,13475,13083
P02384,Commercial,Property,South,2026-09,7961,7729
P02385,Commercial,Property,South,2026-09,22869,22203
P02386,Commercial,Property,South,2026-09,11003,10683
P02387,Commercial,Property,South,2026-09,24748,24027
P02388,Commercial,Property,South,2026-09,30258,29377
P02389,Commercial,Property,South,2026-09,31205,30296
P02390,Commercial,Property,South,2026-09,15560,15107
P02391,Commercial,Property,South,2026-09,22871,22205
P02392,Commercial,Property,South,2026-09,23300,22621
P02393,Commercial,Property,South,2026-09,20548,19950
P02394,Commercial,Property,South,2026-09,26113,25352
P02395,Commercial,Property,South,2026-09,12523,12158
P02396,Commercial,Property,South,2026-09,36011,34962
P02397,Commercial,Property,South,2026-09,9102,8837
P02398,Commercial,Property,South,2026-09,31429,30514
P02399,Commercial,Property,South,2026-09,24249,23543
P02400,Commercial,Property,South,2026-09,13585,13189
P02401,Commercial,Property,South,2026-09,28878,28037
P02402,Commercial,Property,South,2026-09,8687,8434
P02403,Commercial,Property,South,2026-09,29756,28889
P02404,Commercial,Property,South,2026-09,24124,23421
P02405,Commercial,Property,South,2026-09,9489,9213
P02406,Commercial,Property,South,2026-09,8536,8287
P02407,Commercial,Property,South,2026-09,29036,28190
P02408,Commercial,Property,South,2026-09,15052,14614
P02409,Commercial,Property,South,2026-09,33264,32295
P02410,Commercial,Property,South,2026-09,29379,28523
P02411,Commercial,Property,South,2026-09,27428,26629
P02412,Commercial,Property,South,2026-09,14616,14190
P02413,Commercial,Property,South,2026-09,27756,26948
P02414,Commercial,Property,South,2026-09,35061,34040
P02415,Commercial,Property,South,2026-09,8903,8644
P02416,Commercial,Property,South,2026-09,16067,15599
P02417,Commercial,Property,South,2026-09,13274,12887
P02418,Commercial,Property,South,2026-09,18116,17588
P02419,Commercial,Property,South,2026-09,28776,27938
P02420,Commercial,Property,South,2026-09,20590,19990
P02421,Commercial,Property,East,2026-09,13139,12756
P02422,Commercial,Property,East,2026-09,22306,21656
P02423,Commercial,Property,East,2026-09,17948,17425
P02424,Commercial,Property,East,2026-09,12428,12066
P02425,Commercial,Property,East,2026-09,30276,29394
P02426,Commercial,Property,East,2026-09,16046,15579
P02427,Commercial,Property,East,2026-09,18063,17537
P02428,Commercial,Property,East,2026-09,17048,16551
P02429,Commercial,Property,East,2026-09,10679,10368
P02430,Commercial,Property,East,2026-09,26049,25290
P02431,Commercial,Property,East,2026-09,18131,17603
P02432,Commercial,Property,East,2026-09,6046,5870
P02433,Commercial,Property,East,2026-09,32546,31598
P02434,Commercial,Property,East,2026-09,28401,27574
P02435,Commercial,Property,East,2026-09,25823,25071
P02436,Commercial,Property,East,2026-09,29892,29021
P02437,Commercial,Property,East,2026-09,30946,30045
P02438,Commercial,Property,East,2026-09,15028,14590
P02439,Commercial,Property,East,2026-09,22674,22014
P02440,Commercial,Property,East,2026-09,22615,21956
P02441,Commercial,Property,East,2026-09,13066,12685
P02442,Commercial,Property,East,2026-09,11798,11454
P02443,Commercial,Property,East,2026-09,8777,8521
P02444,Commercial,Property,East,2026-09,24027,23327
P02445,Commercial,Property,East,2026-09,27427,26628
P02446,Commercial,Property,East,2026-09,26869,26086
P02447,Commercial,Property,East,2026-09,14435,14015
P02448,Commercial,Property,East,2026-09,11331,11001
P02449,Commercial,Property,East,2026-09,18275,17743
P02450,Commercial,Property,East,2026-09,20881,20273
P02451,Commercial,Property,East,2026-09,31289,30378
P02452,Commercial,Property,East,2026-09,30052,29177
P02453,Commercial,Property,East,2026-09,31205,30296
P02454,Commercial,Property,East,2026-09,29365,28510
P02455,Commercial,Property,East,2026-09,32561,31613
P02456,Commercial,Property,East,2026-09,18607,18065
P02457,Commercial,Property,East,2026-09,6920,6718
P02458,Commercial,Property,East,2026-09,7928,7697
P02459,Commercial,Property,East,2026-09,16504,16023
P02460,Commercial,Property,East,2026-09,12797,12424
P02461,Commercial,Property,East,2026-09,10343,10042
P02462,Commercial,Property,East,2026-09,32243,31304
P02463,Commercial,Property,East,2026-09,11056,10734
P02464,Commercial,Property,East,2026-09,32416,31472
P02465,Commercial,Property,East,2026-09,26865,26083
P02466,Commercial,Property,East,2026-09,23513,22828
P02467,Commercial,Property,East,2026-09,24493,23780
P02468,Commercial,Property,East,2026-09,14860,14427
P02469,Commercial,Property,East,2026-09,23666,22977
P02470,Commercial,Property,East,2026-09,10812,10497
P02471,Commercial,Property,East,2026-09,31811,30884
P02472,Commercial,Property,East,2026-09,14030,13621
P02473,Commercial,Property,East,2026-09,12727,12356
P02474,Commercial,Property,East,2026-09,25476,24734
P02475,Commercial,Property,East,2026-09,23946,23249
P02476,Commercial,Property,East,2026-09,18210,17680
P02477,Commercial,Property,East,2026-09,23275,22597
P02478,Commercial,Property,East,2026-09,10052,9759
P02479,Commercial,Property,East,2026-09,24418,23707
P02480,Commercial,Property,East,2026-09,13158,12775
P02481,Commercial,Property,East,2026-09,13220,12835
P02482,Commercial,Property,East,2026-09,10127,9832
P02483,Commercial,Property,East,2026-09,14886,14452
P02484,Commercial,Property,East,2026-09,14854,14421
P02485,Commercial,Property,East,2026-09,18291,17758
P02486,Commercial,Property,East,2026-09,10916,10598
P02487,Commercial,Property,East,2026-09,10988,10668
P02488,Commercial,Property,East,2026-09,20739,20135
P02489,Commercial,Property,East,2026-09,9196,8928
P02490,Commercial,Property,East,2026-09,24854,24130
P02491,Commercial,Property,East,2026-09,31985,31053
P02492,Commercial,Property,East,2026-09,17525,17015
P02493,Commercial,Property,East,2026-09,30787,29890
P02494,Commercial,Property,East,2026-09,8341,8098
P02495,Commercial,Property,East,2026-09,6793,6595
P02496,Commercial,Property,East,2026-09,25761,25011
P02497,Commercial,Property,East,2026-09,26871,26088
P02498,Commercial,Property,East,2026-09,29163,28314
P02499,Commercial,Property,East,2026-09,7180,6971
P02500,Commercial,Property,East,2026-09,27315,26519
P02501,Commercial,Property,East,2026-09,16120,15650
P02502,Commercial,Property,East,2026-09,14073,13663
P02503,Commercial,Property,East,2026-09,10430,10126
P02504,Commercial,Property,East,2026-09,33441,32467
P02505,Commercial,Property,East,2026-09,7372,7157
P02506,Commercial,Property,East,2026-09,28715,27879
P02507,Commercial,Property,East,2026-09,23473,22789
P02508,Commercial,Property,East,2026-09,26144,25383
P02509,Commercial,Property,East,2026-09,25491,24749
P02510,Commercial,Property,East,2026-09,29594,28732
P02511,Commercial,Property,East,2026-09,10731,10418
P02512,Commercial,Property,East,2026-09,5616,5452
P02513,Commercial,Property,East,2026-09,22327,21677
P02514,Commercial,Property,East,2026-09,15486,15035
P02515,Commercial,Property,East,2026-09,9053,8789
P02516,Commercial,Property,East,2026-09,10796,10482
P02517,Commercial,Property,East,2026-09,14868,14435
P02518,Commercial,Property,East,2026-09,7556,7336
P02519,Commercial,Property,East,2026-09,7183,6974
P02520,Commercial,Property,East,2026-09,31204,30295
P02521,Commercial,Property,East,2026-09,14318,13901
P02522,Commercial,Property,East,2026-09,33055,32092
P02523,Commercial,Property,East,2026-09,32555,31607
P02524,Commercial,Property,East,2026-09,9578,9299
P02525,Commercial,Property,East,2026-09,25581,24836
P02526,Commercial,Property,East,2026-09,22390,21738
P02527,Commercial,Property,East,2026-09,24902,24177
P02528,Commercial,Property,East,2026-09,8281,8040
P02529,Commercial,Property,East,2026-09,10864,10548
P02530,Commercial,Property,East,2026-09,7735,7510
P02531,Commercial,Property,East,2026-09,22484,21829
P02532,Commercial,Property,East,2026-09,33177,32211
P02533,Commercial,Property,East,2026-09,24381,23671
P02534,Commercial,Property,East,2026-09,25465,24723
P02535,Commercial,Property,East,2026-09,33121,32156
P02536,Commercial,Property,East,2026-09,24549,23834
P02537,Commercial,Property,East,2026-09,6716,6520
P02538,Commercial,Property,East,2026-09,29834,28965
P02539,Commercial,Property,East,2026-09,15789,15329
P02540,Commercial,Property,East,2026-09,5714,5548
P02541,Commercial,Property,East,2026-09,19774,19198
P02542,Commercial,Property,East,2026-09,31791,30865
P02543,Commercial,Property,East,2026-09,12787,12415
P02544,Commercial,Property,East,2026-09,19335,18772
P02545,Commercial,Property,East,2026-09,10450,10146
P02546,Commercial,Property,East,2026-09,7205,6995
P02547,Commercial,Property,East,2026-09,7844,7616
P02548,Commercial,Property,East,2026-09,25919,25164
P02549,Commercial,Property,East,2026-09,29752,28885
P02550,Commercial,Property,East,2026-09,9599,9319
P02551,Commercial,Property,East,2026-09,13654,13256
P02552,Commercial,Property,East,2026-09,11045,10723
P02553,Commercial,Property,East,2026-09,6343,6158
P02554,Commercial,Property,East,2026-09,21066,20452
P02555,Commercial,Property,East,2026-09,25162,24429
P02556,Commercial,Property,East,2026-09,23706,23016
P02557,Commercial,Property,East,2026-09,16442,15963
P02558,Commercial,Property,East,2026-09,21110,20495
P02559,Commercial,Property,East,2026-09,8222,7983
P02560,Commercial,Property,East,2026-09,9907,9618
P02561,Commercial,Property,East,2026-09,31645,30723
P02562,Commercial,Property,East,2026-09,26884,26101
P02563,Commercial,Property,East,2026-09,31391,30477
P02564,Commercial,Property,East,2026-09,31222,30313
P02565,Commercial,Property,East,2026-09,23749,23057
P02566,Commercial,Property,East,2026-09,31546,30627
P02567,Commercial,Property,East,2026-09,17243,16741
P02568,Commercial,Property,East,2026-09,5693,5527
P02569,Commercial,Property,East,2026-09,7342,7128
P02570,Commercial,Property,East,2026-09,8653,8401
P02571,Commercial,Property,West,2026-09,10914,10596
P02572,Commercial,Property,West,2026-09,12497,12133
P02573,Commercial,Property,West,2026-09,11751,11409
P02574,Commercial,Property,West,2026-09,24720,24000
P02575,Commercial,Property,West,2026-09,17173,16673
P02576,Commercial,Property,West,2026-09,25190,24456
P02577,Commercial,Property,West,2026-09,11253,10925
P02578,Commercial,Property,West,2026-09,7086,6880
P02579,Commercial,Property,West,2026-09,17021,16525
P02580,Commercial,Property,West,2026-09,12279,11921
P02581,Commercial,Property,West,2026-09,22551,21894
P02582,Commercial,Property,West,2026-09,24296,23588
P02583,Commercial,Property,West,2026-09,15138,14697
P02584,Commercial,Property,West,2026-09,26365,25597
P02585,Commercial,Property,West,2026-09,16949,16455
P02586,Commercial,Property,West,2026-09,10600,10291
P02587,Commercial,Property,West,2026-09,15508,15056
P02588,Commercial,Property,West,2026-09,5342,5186
P02589,Commercial,Property,West,2026-09,22598,21940
P02590,Commercial,Property,West,2026-09,6785,6587
P02591,Commercial,Property,West,2026-09,11451,11117
P02592,Commercial,Property,West,2026-09,17226,16724
P02593,Commercial,Property,West,2026-09,5469,5310
P02594,Commercial,Property,West,2026-09,6287,6104
P02595,Commercial,Property,West,2026-09,20169,19582
P02596,Commercial,Property,West,2026-09,6117,5939
P02597,Commercial,Property,West,2026-09,15240,14796
P02598,Commercial,Property,West,2026-09,12125,11772
P02599,Commercial,Property,West,2026-09,9636,9355
P02600,Commercial,Property,West,2026-09,8751,8496
P02601,Commercial,Property,West,2026-09,21685,21053
P02602,Commercial,Property,West,2026-09,25919,25164
P02603,Commercial,Property,West,2026-09,7657,7434
P02604,Commercial,Property,West,2026-09,26102,25342
P02605,Commercial,Property,West,2026-09,17889,17368
P02606,Commercial,Property,West,2026-09,18944,18392
P02607,Commercial,Property,West,2026-09,20481,19884
P02608,Commercial,Property,West,2026-09,20350,19757
P02609,Commercial,Property,West,2026-09,22954,22285
P02610,Commercial,Property,West,2026-09,15384,14936
P02611,Commercial,Property,West,2026-09,16507,16026
P02612,Commercial,Property,West,2026-09,11790,11447
P02613,Commercial,Property,West,2026-09,6871,6671
P02614,Commercial,Property,West,2026-09,19462,18895
P02615,Commercial,Property,West,2026-09,5258,5105
P02616,Commercial,Property,West,2026-09,10706,10394
P02617,Commercial,Property,West,2026-09,6623,6430
P02618,Commercial,Property,West,2026-09,8794,8538
P02619,Commercial,Property,West,2026-09,18878,18328
P02620,Commercial,Property,West,2026-09,18647,18104
P02621,Commercial,Property,West,2026-09,13979,13572
P02622,Commercial,Property,West,2026-09,6531,6341
P02623,Commercial,Property,West,2026-09,14256,13841
P02624,Commercial,Property,West,2026-09,12441,12079
P02625,Commercial,Property,West,2026-09,20717,20114
P02626,Commercial,Property,West,2026-09,17535,17024
P02627,Commercial,Property,West,2026-09,15565,15112
P02628,Commercial,Property,West,2026-09,15462,15012
P02629,Commercial,Property,West,2026-09,26252,25487
P02630,Commercial,Property,West,2026-09,21524,20897
P02631,Commercial,Property,West,2026-09,15688,15231
P02632,Commercial,Property,West,2026-09,15288,14843
P02633,Commercial,Property,West,2026-09,5097,4949
P02634,Commercial,Property,West,2026-09,25716,24967
P02635,Commercial,Property,West,2026-09,11685,11345
P02636,Commercial,Property,West,2026-09,10262,9963
P02637,Commercial,Property,West,2026-09,26996,26210
P02638,Commercial,Property,West,2026-09,20678,20076
P02639,Commercial,Property,West,2026-09,5568,5406
P02640,Commercial,Property,West,2026-09,5895,5723
P02641,Commercial,Property,West,2026-09,5076,4928
P02642,Commercial,Property,West,2026-09,17998,17474
P02643,Commercial,Property,West,2026-09,6112,5934
P02644,Commercial,Property,West,2026-09,25510,24767
P02645,Commercial,Property,West,2026-09,25589,24844
P02646,Commercial,Property,West,2026-09,16792,16303
P02647,Commercial,Property,West,2026-09,18381,17846
P02648,Commercial,Property,West,2026-09,11071,10749
P02649,Commercial,Property,West,2026-09,5941,5768
P02650,Commercial,Property,West,2026-09,21101,20486
P02651,Commercial,Property,West,2026-09,6793,6595
P02652,Commercial,Property,West,2026-09,6427,6240
P02653,Commercial,Property,West,2026-09,11507,11172
P02654,Commercial,Property,West,2026-09,4782,4643
P02655,Commercial,Property,West,2026-09,14271,13855
P02656,Commercial,Property,West,2026-09,20430,19835
P02657,Commercial,Property,West,2026-09,22538,21882
P02658,Commercial,Property,West,2026-09,18103,17576
P02659,Commercial,Property,West,2026-09,23563,22877
P02660,Commercial,Property,West,2026-09,13652,13254
P02661,Commercial,Property,West,2026-09,23606,22918
P02662,Commercial,Property,West,2026-09,15901,15438
P02663,Commercial,Property,West,2026-09,9521,9244
P02664,Commercial,Property,West,2026-09,25752,25002
P02665,Commercial,Property,West,2026-09,10690,10379
P02666,Commercial,Property,West,2026-09,5091,4943
P02667,Commercial,Property,West,2026-09,9964,9674
P02668,Commercial,Property,West,2026-09,12756,12384
P02669,Commercial,Property,West,2026-09,12409,12048
P02670,Commercial,Property,West,2026-09,16311,15836
P02671,Commercial,Property,West,2026-09,24379,23669
P02672,Commercial,Property,West,2026-09,11082,10759
P02673,Commercial,Property,West,2026-09,16224,15751
P02674,Commercial,Property,West,2026-09,12157,11803
P02675,Commercial,Property,West,2026-09,22998,22328
P02676,Commercial,Property,West,2026-09,8048,7814
P02677,Commercial,Property,West,2026-09,6831,6632
P02678,Commercial,Property,West,2026-09,15823,15362
P02679,Commercial,Property,West,2026-09,19625,19053
P02680,Commercial,Property,West,2026-09,22408,21755
P02681,Commercial,Property,West,2026-09,17773,17255
P02682,Commercial,Property,West,2026-09,21919,21281
P02683,Commercial,Property,West,2026-09,13341,12952
P02684,Commercial,Property,West,2026-09,5242,5089
P02685,Commercial,Property,West,2026-09,7115,6908
P02686,Commercial,Property,West,2026-09,5374,5217
P02687,Commercial,Property,West,2026-09,11906,11559
P02688,Commercial,Property,West,2026-09,15654,15198
P02689,Commercial,Property,West,2026-09,12522,12157
P02690,Commercial,Property,West,2026-09,17120,16621
P02691,Commercial,Property,West,2026-09,15319,14873
P02692,Commercial,Property,West,2026-09,19761,19185
P02693,Commercial,Property,West,2026-09,19513,18945
P02694,Commercial,Property,West,2026-09,11661,11321
P02695,Commercial,Property,West,2026-09,12294,11936
P02696,Commercial,Property,West,2026-09,17672,17157
P02697,Commercial,Property,West,2026-09,17926,17404
P02698,Commercial,Property,West,2026-09,11584,11247
P02699,Commercial,Property,West,2026-09,11937,11589
P02700,Commercial,Property,West,2026-09,20123,19537
P02701,Commercial,Property,West,2026-09,19074,18518
P02702,Commercial,Property,West,2026-09,7542,7322
P02703,Commercial,Property,West,2026-09,14428,14008
P02704,Commercial,Property,West,2026-09,24594,23878
P02705,Commercial,Property,West,2026-09,5319,5164
P02706,Commercial,Property,West,2026-09,23750,23058
P02707,Commercial,Property,West,2026-09,8174,7936
P02708,Commercial,Property,West,2026-09,15919,15455
P02709,Commercial,Property,West,2026-09,14052,13643
P02710,Commercial,Property,West,2026-09,4730,4592
P02711,Commercial,Property,West,2026-09,25105,24374
P02712,Commercial,Property,West,2026-09,14741,14312
P02713,Commercial,Property,West,2026-09,25981,25224
P02714,Commercial,Property,West,2026-09,10956,10637
P02715,Commercial,Property,West,2026-09,24000,23301
P02716,Commercial,Property,West,2026-09,25263,24527
P02717,Commercial,Property,West,2026-09,17035,16539
P02718,Commercial,Property,West,2026-09,9064,8800
P02719,Commercial,Property,West,2026-09,19925,19345
P02720,Commercial,Property,West,2026-09,16858,16367
P02721,Commercial,Marine Cargo,West,2026-09,79511,77195
P02722,Commercial,Marine Cargo,West,2026-09,150901,146506
P02723,Commercial,Marine Cargo,West,2026-09,181588,176299
P02724,Motor,Motor,North,2026-09,7056,6850
P02725,Motor,Motor,North,2026-09,19480,18913
P02726,Motor,Motor,North,2026-09,13520,13126
P02727,Motor,Motor,North,2026-09,13355,12966
P02728,Motor,Motor,North,2026-09,5294,5140
P02729,Motor,Motor,North,2026-09,20358,19765
P02730,Motor,Motor,North,2026-09,11865,11519
P02731,Motor,Motor,North,2026-09,9917,9628
P02732,Motor,Motor,North,2026-09,6147,5968
P02733,Motor,Motor,North,2026-09,14429,14009
P02734,Motor,Motor,North,2026-09,27586,26783
P02735,Motor,Motor,North,2026-09,13722,13322
P02736,Motor,Motor,North,2026-09,22476,21821
P02737,Motor,Motor,North,2026-09,24456,23744
P02738,Motor,Motor,North,2026-09,13502,13109
P02739,Motor,Motor,North,2026-09,26121,25360
P02740,Motor,Motor,North,2026-09,22803,22139
P02741,Motor,Motor,North,2026-09,19411,18846
P02742,Motor,Motor,North,2026-09,5139,4989
P02743,Motor,Motor,North,2026-09,6011,5836
P02744,Motor,Motor,North,2026-09,30448,29561
P02745,Motor,Motor,North,2026-09,25114,24383
P02746,Motor,Motor,North,2026-09,29085,28238
P02747,Motor,Motor,North,2026-09,28183,27362
P02748,Motor,Motor,North,2026-09,5636,5472
P02749,Motor,Motor,North,2026-09,25359,24620
P02750,Motor,Motor,North,2026-09,16648,16163
P02751,Motor,Motor,North,2026-09,25301,24564
P02752,Motor,Motor,North,2026-09,5285,5131
P02753,Motor,Motor,North,2026-09,12482,12118
P02754,Motor,Motor,North,2026-09,24322,23614
P02755,Motor,Motor,North,2026-09,25390,24650
P02756,Motor,Motor,North,2026-09,20958,20348
P02757,Motor,Motor,North,2026-09,12816,12443
P02758,Motor,Motor,North,2026-09,13049,12669
P02759,Motor,Motor,North,2026-09,29831,28962
P02760,Motor,Motor,North,2026-09,16343,15867
P02761,Motor,Motor,North,2026-09,16545,16063
P02762,Motor,Motor,North,2026-09,19235,18675
P02763,Motor,Motor,North,2026-09,15584,15130
P02764,Motor,Motor,North,2026-09,19243,18683
P02765,Motor,Motor,North,2026-09,16167,15696
P02766,Motor,Motor,North,2026-09,26251,25486
P02767,Motor,Motor,North,2026-09,28356,27530
P02768,Motor,Motor,North,2026-09,28945,28102
P02769,Motor,Motor,North,2026-09,19541,18972
P02770,Motor,Motor,North,2026-09,16418,15940
P02771,Motor,Motor,North,2026-09,23145,22471
P02772,Motor,Motor,North,2026-09,26547,25774
P02773,Motor,Motor,North,2026-09,19507,18939
P02774,Motor,Motor,North,2026-09,23010,22340
P02775,Motor,Motor,North,2026-09,24282,23575
P02776,Motor,Motor,North,2026-09,22408,21755
P02777,Motor,Motor,North,2026-09,24191,23486
P02778,Motor,Motor,North,2026-09,10448,10144
P02779,Motor,Motor,North,2026-09,17856,17336
P02780,Motor,Motor,North,2026-09,20154,19567
P02781,Motor,Motor,North,2026-09,5177,5026
P02782,Motor,Motor,North,2026-09,26998,26212
P02783,Motor,Motor,North,2026-09,20710,20107
P02784,Motor,Motor,North,2026-09,8415,8170
P02785,Motor,Motor,North,2026-09,25986,25229
P02786,Motor,Motor,North,2026-09,23447,22764
P02787,Motor,Motor,North,2026-09,24502,23788
P02788,Motor,Motor,North,2026-09,15137,14696
P02789,Motor,Motor,North,2026-09,26953,26168
P02790,Motor,Motor,North,2026-09,15699,15242
P02791,Motor,Motor,North,2026-09,19700,19126
P02792,Motor,Motor,North,2026-09,5129,4980
P02793,Motor,Motor,North,2026-09,21601,20972
P02794,Motor,Motor,North,2026-09,23476,22792
P02795,Motor,Motor,North,2026-09,19613,19042
P02796,Motor,Motor,North,2026-09,17810,17291
P02797,Motor,Motor,North,2026-09,25821,25069
P02798,Motor,Motor,North,2026-09,22534,21878
P02799,Motor,Motor,North,2026-09,12223,11867
P02800,Motor,Motor,North,2026-09,29634,28771
P02801,Motor,Motor,North,2026-09,23197,22521
P02802,Motor,Motor,North,2026-09,30373,29488
P02803,Motor,Motor,North,2026-09,29946,29074
P02804,Motor,Motor,North,2026-09,28607,27774
P02805,Motor,Motor,North,2026-09,24426,23715
P02806,Motor,Motor,North,2026-09,20695,20092
P02807,Motor,Motor,North,2026-09,9515,9238
P02808,Motor,Motor,North,2026-09,19006,18452
P02809,Motor,Motor,North,2026-09,24682,23963
P02810,Motor,Motor,North,2026-09,18431,17894
P02811,Motor,Motor,North,2026-09,27313,26517
P02812,Motor,Motor,North,2026-09,7918,7687
P02813,Motor,Motor,North,2026-09,14854,14421
P02814,Motor,Motor,North,2026-09,18050,17524
P02815,Motor,Motor,North,2026-09,16167,15696
P02816,Motor,Motor,North,2026-09,7890,7660
P02817,Motor,Motor,North,2026-09,9039,8776
P02818,Motor,Motor,North,2026-09,26530,25757
P02819,Motor,Motor,North,2026-09,17498,16988
P02820,Motor,Motor,North,2026-09,6359,6174
P02821,Motor,Motor,North,2026-09,5535,5374
P02822,Motor,Motor,North,2026-09,17220,16718
P02823,Motor,Motor,North,2026-09,9316,9045
P02824,Motor,Motor,North,2026-09,23142,22468
P02825,Motor,Motor,North,2026-09,25448,24707
P02826,Motor,Motor,North,2026-09,10951,10632
P02827,Motor,Motor,North,2026-09,20254,19664
P02828,Motor,Motor,North,2026-09,9062,8798
P02829,Motor,Motor,North,2026-09,12875,12500
P02830,Motor,Motor,North,2026-09,27838,27027
P02831,Motor,Motor,North,2026-09,19025,18471
P02832,Motor,Motor,North,2026-09,27764,26955
P02833,Motor,Motor,North,2026-09,10873,10556
P02834,Motor,Motor,North,2026-09,13552,13157
P02835,Motor,Motor,North,2026-09,17155,16655
P02836,Motor,Motor,North,2026-09,17387,16881
P02837,Motor,Motor,North,2026-09,30621,29729
P02838,Motor,Motor,North,2026-09,8039,7805
P02839,Motor,Motor,North,2026-09,26896,26113
P02840,Motor,Motor,North,2026-09,27196,26404
P02841,Motor,Motor,North,2026-09,19257,18696
P02842,Motor,Motor,North,2026-09,13910,13505
P02843,Motor,Motor,North,2026-09,18389,17853
P02844,Motor,Motor,North,2026-09,12591,12224
P02845,Motor,Motor,North,2026-09,25545,24801
P02846,Motor,Motor,North,2026-09,17853,17333
P02847,Motor,Motor,North,2026-09,28785,27947
P02848,Motor,Motor,North,2026-09,21034,20421
P02849,Motor,Motor,North,2026-09,18263,17731
P02850,Motor,Motor,North,2026-09,23293,22615
P02851,Motor,Motor,North,2026-09,17998,17474
P02852,Motor,Motor,North,2026-09,28240,27417
P02853,Motor,Motor,North,2026-09,9829,9543
P02854,Motor,Motor,North,2026-09,30000,29126
P02855,Motor,Motor,North,2026-09,25879,25125
P02856,Motor,Motor,North,2026-09,27120,26330
P02857,Motor,Motor,North,2026-09,17461,16952
P02858,Motor,Motor,North,2026-09,26518,25746
P02859,Motor,Motor,North,2026-09,12957,12580
P02860,Motor,Motor,North,2026-09,24594,23878
P02861,Motor,Motor,North,2026-09,8705,8451
P02862,Motor,Motor,North,2026-09,12964,12586
P02863,Motor,Motor,North,2026-09,16510,16029
P02864,Motor,Motor,North,2026-09,13354,12965
P02865,Motor,Motor,North,2026-09,15008,14571
P02866,Motor,Motor,North,2026-09,26082,25322
P02867,Motor,Motor,North,2026-09,11676,11336
P02868,Motor,Motor,North,2026-09,24168,23464
P02869,Motor,Motor,North,2026-09,6998,6794
P02870,Motor,Motor,North,2026-09,24691,23972
P02871,Motor,Motor,North,2026-09,25364,24625
P02872,Motor,Motor,North,2026-09,15384,14936
P02873,Motor,Motor,North,2026-09,23585,22898
P02874,Motor,Motor,North,2026-09,28511,27681
P02875,Motor,Motor,North,2026-09,25585,24840
P02876,Motor,Motor,North,2026-09,15097,14657
P02877,Motor,Motor,North,2026-09,17494,16984
P02878,Motor,Motor,North,2026-09,25039,24310
P02879,Motor,Motor,North,2026-09,12595,12228
P02880,Motor,Motor,North,2026-09,25667,24919
P02881,Motor,Motor,North,2026-09,13501,13108
P02882,Motor,Motor,North,2026-09,25720,24971
P02883,Motor,Motor,North,2026-09,7333,7119
P02884,Motor,Motor,North,2026-09,6249,6067
P02885,Motor,Motor,North,2026-09,30622,29730
P02886,Motor,Motor,North,2026-09,27343,26547
P02887,Motor,Motor,North,2026-09,27685,26879
P02888,Motor,Motor,North,2026-09,29435,28578
P02889,Motor,Motor,North,2026-09,16320,15845
P02890,Motor,Motor,North,2026-09,12448,12085
P02891,Motor,Motor,North,2026-09,8438,8192
P02892,Motor,Motor,North,2026-09,17928,17406
P02893,Motor,Motor,North,2026-09,10740,10427
P02894,Motor,Motor,North,2026-09,29034,28188
P02895,Motor,Motor,North,2026-09,5216,5064
P02896,Motor,Motor,North,2026-09,8775,8519
P02897,Motor,Motor,North,2026-09,11415,11083
P02898,Motor,Motor,North,2026-09,10200,9903
P02899,Motor,Motor,North,2026-09,10886,10569
P02900,Motor,Motor,North,2026-09,21886,21249
P02901,Motor,Motor,North,2026-09,13487,13094
P02902,Motor,Motor,North,2026-09,20838,20231
P02903,Motor,Motor,North,2026-09,27875,27063
P02904,Motor,Motor,North,2026-09,20520,19922
P02905,Motor,Motor,North,2026-09,22871,22205
P02906,Motor,Motor,North,2026-09,14458,14037
P02907,Motor,Motor,North,2026-09,9198,8930
P02908,Motor,Motor,North,2026-09,13310,12922
P02909,Motor,Motor,North,2026-09,29768,28901
P02910,Motor,Motor,North,2026-09,21012,20400
P02911,Motor,Motor,North,2026-09,12209,11853
P02912,Motor,Motor,North,2026-09,16643,16158
P02913,Motor,Motor,North,2026-09,26475,25704
P02914,Motor,Motor,North,2026-09,22204,21557
P02915,Motor,Motor,North,2026-09,19448,18882
P02916,Motor,Motor,North,2026-09,27745,26937
P02917,Motor,Motor,North,2026-09,22306,21656
P02918,Motor,Motor,North,2026-09,21547,20919
P02919,Motor,Motor,North,2026-09,9965,9675
P02920,Motor,Motor,North,2026-09,7833,7605
P02921,Motor,Motor,North,2026-09,29790,28922
P02922,Motor,Motor,North,2026-09,20425,19830
P02923,Motor,Motor,North,2026-09,15741,15283
P02924,Motor,Motor,North,2026-09,20174,19586
P02925,Motor,Motor,North,2026-09,6694,6499
P02926,Motor,Motor,North,2026-09,26133,25372
P02927,Motor,Motor,North,2026-09,10652,10342
P02928,Motor,Motor,North,2026-09,25684,24936
P02929,Motor,Motor,North,2026-09,18776,18229
P02930,Motor,Motor,North,2026-09,12185,11830
P02931,Motor,Motor,North,2026-09,5885,5714
P02932,Motor,Motor,North,2026-09,25972,25216
P02933,Motor,Motor,North,2026-09,9625,9345
P02934,Motor,Motor,North,2026-09,6438,6250
P02935,Motor,Motor,North,2026-09,24440,23728
P02936,Motor,Motor,North,2026-09,14064,13654
P02937,Motor,Motor,North,2026-09,15068,14629
P02938,Motor,Motor,North,2026-09,11430,11097
P02939,Motor,Motor,North,2026-09,27081,26292
P02940,Motor,Motor,North,2026-09,12715,12345
P02941,Motor,Motor,North,2026-09,10487,10182
P02942,Motor,Motor,North,2026-09,13020,12641
P02943,Motor,Motor,North,2026-09,10307,10007
P02944,Motor,Motor,North,2026-09,13236,12850
P02945,Motor,Motor,North,2026-09,7234,7023
P02946,Motor,Motor,North,2026-09,9167,8900
P02947,Motor,Motor,North,2026-09,15777,15317
P02948,Motor,Motor,North,2026-09,27599,26795
P02949,Motor,Motor,North,2026-09,6579,6387
P02950,Motor,Motor,North,2026-09,10551,10244
P02951,Motor,Motor,North,2026-09,28337,27512
P02952,Motor,Motor,North,2026-09,27869,27057
P02953,Motor,Motor,North,2026-09,22485,21830
P02954,Motor,Motor,North,2026-09,11262,10934
P02955,Motor,Motor,North,2026-09,15847,15385
P02956,Motor,Motor,North,2026-09,10514,10208
P02957,Motor,Motor,North,2026-09,8401,8156
P02958,Motor,Motor,North,2026-09,14829,14397
P02959,Motor,Motor,North,2026-09,19836,19258
P02960,Motor,Motor,North,2026-09,14316,13899
P02961,Motor,Motor,North,2026-09,20731,20127
P02962,Motor,Motor,North,2026-09,12688,12318
P02963,Motor,Motor,North,2026-09,13956,13550
P02964,Motor,Motor,North,2026-09,25329,24591
P02965,Motor,Motor,North,2026-09,27570,26767
P02966,Motor,Motor,North,2026-09,13347,12958
P02967,Motor,Motor,North,2026-09,19726,19151
P02968,Motor,Motor,North,2026-09,12225,11869
P02969,Motor,Motor,North,2026-09,6477,6288
P02970,Motor,Motor,North,2026-09,23978,23280
P02971,Motor,Motor,North,2026-09,9485,9209
P02972,Motor,Motor,North,2026-09,15998,15532
P02973,Motor,Motor,North,2026-09,17566,17054
P02974,Motor,Motor,North,2026-09,9830,9544
P02975,Motor,Motor,North,2026-09,7531,7312
P02976,Motor,Motor,North,2026-09,14011,13603
P02977,Motor,Motor,North,2026-09,29461,28603
P02978,Motor,Motor,North,2026-09,20841,20234
P02979,Motor,Motor,North,2026-09,14865,14432
P02980,Motor,Motor,North,2026-09,6108,5930
P02981,Motor,Motor,North,2026-09,20461,19865
P02982,Motor,Motor,North,2026-09,7473,7255
P02983,Motor,Motor,North,2026-09,18985,18432
P02984,Motor,Motor,North,2026-09,24339,23630
P02985,Motor,Motor,North,2026-09,15943,15479
P02986,Motor,Motor,North,2026-09,12769,12397
P02987,Motor,Motor,North,2026-09,6325,6141
P02988,Motor,Motor,North,2026-09,5747,5580
P02989,Motor,Motor,North,2026-09,16108,15639
P02990,Motor,Motor,North,2026-09,27699,26892
P02991,Motor,Motor,North,2026-09,11354,11023
P02992,Motor,Motor,North,2026-09,19790,19214
P02993,Motor,Motor,North,2026-09,22610,21951
P02994,Motor,Motor,North,2026-09,6669,6475
P02995,Motor,Motor,North,2026-09,9028,8765
P02996,Motor,Motor,North,2026-09,13584,13188
P02997,Motor,Motor,North,2026-09,22246,21598
P02998,Motor,Motor,North,2026-09,16339,15863
P02999,Motor,Motor,North,2026-09,23885,23189
P03000,Motor,Motor,North,2026-09,27296,26501
P03001,Motor,Motor,North,2026-09,24503,23789
P03002,Motor,Motor,North,2026-09,30483,29595
P03003,Motor,Motor,North,2026-09,24401,23690
P03004,Motor,Motor,North,2026-09,26902,26118
P03005,Motor,Motor,North,2026-09,26395,25626
P03006,Motor,Motor,North,2026-09,23785,23092
P03007,Motor,Motor,North,2026-09,25613,24867
P03008,Motor,Motor,North,2026-09,29011,28166
P03009,Motor,Motor,North,2026-09,17264,16761
P03010,Motor,Motor,North,2026-09,21433,20809
P03011,Motor,Motor,North,2026-09,18279,17747
P03012,Motor,Motor,North,2026-09,26873,26090
P03013,Motor,Motor,North,2026-09,16142,15672
P03014,Motor,Motor,North,2026-09,26071,25312
P03015,Motor,Motor,North,2026-09,25551,24807
P03016,Motor,Motor,North,2026-09,29706,28841
P03017,Motor,Motor,North,2026-09,11477,11143
P03018,Motor,Motor,North,2026-09,23256,22579
P03019,Motor,Motor,North,2026-09,24466,23753
P03020,Motor,Motor,North,2026-09,29052,28206
P03021,Motor,Motor,North,2026-09,28300,27476
P03022,Motor,Motor,North,2026-09,19777,19201
P03023,Motor,Motor,North,2026-09,19921,19341
P03024,Motor,Motor,North,2026-09,9391,9117
P03025,Motor,Motor,North,2026-09,30041,29166
P03026,Motor,Motor,North,2026-09,11634,11295
P03027,Motor,Motor,North,2026-09,23644,22955
P03028,Motor,Motor,North,2026-09,25460,24718
P03029,Motor,Motor,North,2026-09,16395,15917
P03030,Motor,Motor,North,2026-09,10513,10207
P03031,Motor,Motor,North,2026-09,9945,9655
P03032,Motor,Motor,North,2026-09,27012,26225
P03033,Motor,Motor,North,2026-09,18172,17643
P03034,Motor,Motor,North,2026-09,7418,7202
P03035,Motor,Motor,North,2026-09,23446,22763
P03036,Motor,Motor,North,2026-09,11509,11174
P03037,Motor,Motor,North,2026-09,27521,26719
P03038,Motor,Motor,North,2026-09,13028,12649
P03039,Motor,Motor,North,2026-09,10234,9936
P03040,Motor,Motor,North,2026-09,7283,7071
P03041,Motor,Motor,North,2026-09,18192,17662
P03042,Motor,Motor,North,2026-09,16638,16153
P03043,Motor,Motor,North,2026-09,24322,23614
P03044,Motor,Motor,North,2026-09,16992,16497
P03045,Motor,Motor,North,2026-09,13904,13499
P03046,Motor,Motor,North,2026-09,11804,11460
P03047,Motor,Motor,North,2026-09,12225,11869
P03048,Motor,Motor,North,2026-09,28836,27996
P03049,Motor,Motor,North,2026-09,9334,9062
P03050,Motor,Motor,North,2026-09,30379,29494
P03051,Motor,Motor,North,2026-09,13472,13080
P03052,Motor,Motor,North,2026-09,7374,7159
P03053,Motor,Motor,North,2026-09,11472,11138
P03054,Motor,Motor,North,2026-09,6607,6415
P03055,Motor,Motor,North,2026-09,25312,24575
P03056,Motor,Motor,North,2026-09,18219,17688
P03057,Motor,Motor,North,2026-09,13729,13329
P03058,Motor,Motor,North,2026-09,22040,21398
P03059,Motor,Motor,North,2026-09,21238,20619
P03060,Motor,Motor,North,2026-09,29144,28295
P03061,Motor,Motor,North,2026-09,29691,28826
P03062,Motor,Motor,North,2026-09,22517,21861
P03063,Motor,Motor,North,2026-09,26023,25265
P03064,Motor,Motor,North,2026-09,25374,24635
P03065,Motor,Motor,North,2026-09,17675,17160
P03066,Motor,Motor,North,2026-09,23125,22451
P03067,Motor,Motor,North,2026-09,7114,6907
P03068,Motor,Motor,North,2026-09,24494,23781
P03069,Motor,Motor,North,2026-09,29705,28840
P03070,Motor,Motor,North,2026-09,7286,7074
P03071,Motor,Motor,North,2026-09,26491,25719
P03072,Motor,Motor,North,2026-09,28968,28124
P03073,Motor,Motor,North,2026-09,10896,10579
P03074,Motor,Motor,North,2026-09,18532,17992
P03075,Motor,Motor,North,2026-09,28837,27997
P03076,Motor,Motor,North,2026-09,29664,28800
P03077,Motor,Motor,North,2026-09,8383,8139
P03078,Motor,Motor,North,2026-09,14037,13628
P03079,Motor,Motor,North,2026-09,22963,22294
P03080,Motor,Motor,North,2026-09,10778,10464
P03081,Motor,Motor,North,2026-09,13417,13026
P03082,Motor,Motor,North,2026-09,5709,5543
P03083,Motor,Motor,North,2026-09,9038,8775
P03084,Motor,Motor,North,2026-09,19491,18923
P03085,Motor,Motor,North,2026-09,21811,21176
P03086,Motor,Motor,North,2026-09,21704,21072
P03087,Motor,Motor,North,2026-09,25015,24286
P03088,Motor,Motor,North,2026-09,15731,15273
P03089,Motor,Motor,North,2026-09,12106,11753
P03090,Motor,Motor,North,2026-09,5512,5351
P03091,Motor,Motor,North,2026-09,10397,10094
P03092,Motor,Motor,North,2026-09,13101,12719
P03093,Motor,Motor,North,2026-09,9670,9388
P03094,Motor,Motor,North,2026-09,5629,5465
P03095,Motor,Motor,North,2026-09,9139,8873
P03096,Motor,Motor,North,2026-09,22144,21499
P03097,Motor,Motor,North,2026-09,21211,20593
P03098,Motor,Motor,North,2026-09,29037,28191
P03099,Motor,Motor,North,2026-09,25520,24777
P03100,Motor,Motor,North,2026-09,19630,19058
P03101,Motor,Motor,North,2026-09,8630,8379
P03102,Motor,Motor,North,2026-09,19535,18966
P03103,Motor,Motor,North,2026-09,6689,6494
P03104,Motor,Motor,North,2026-09,16130,15660
P03105,Motor,Motor,North,2026-09,15092,14652
P03106,Motor,Motor,North,2026-09,16052,15584
P03107,Motor,Motor,North,2026-09,12268,11911
P03108,Motor,Motor,North,2026-09,22649,21989
P03109,Motor,Motor,North,2026-09,26614,25839
P03110,Motor,Motor,North,2026-09,24762,24041
P03111,Motor,Motor,North,2026-09,21163,20547
P03112,Motor,Motor,North,2026-09,18878,18328
P03113,Motor,Motor,North,2026-09,5908,5736
P03114,Motor,Motor,North,2026-09,23597,22910
P03115,Motor,Motor,North,2026-09,19048,18493
P03116,Motor,Motor,North,2026-09,12036,11685
P03117,Motor,Motor,North,2026-09,13495,13102
P03118,Motor,Motor,North,2026-09,29035,28189
P03119,Motor,Motor,North,2026-09,21077,20463
P03120,Motor,Motor,North,2026-09,17281,16778
P03121,Motor,Motor,North,2026-09,20989,20378
P03122,Motor,Motor,North,2026-09,15692,15235
P03123,Motor,Motor,North,2026-09,17135,16636
P03124,Motor,Motor,North,2026-09,12536,12171
P03125,Motor,Motor,North,2026-09,16359,15883
P03126,Motor,Motor,North,2026-09,22642,21983
P03127,Motor,Motor,North,2026-09,6135,5956
P03128,Motor,Motor,North,2026-09,25440,24699
P03129,Motor,Motor,North,2026-09,12349,11989
P03130,Motor,Motor,North,2026-09,22565,21908
P03131,Motor,Motor,North,2026-09,21547,20919
P03132,Motor,Motor,North,2026-09,21800,21165
P03133,Motor,Motor,North,2026-09,20662,20060
P03134,Motor,Motor,North,2026-09,29635,28772
P03135,Motor,Motor,North,2026-09,18110,17583
P03136,Motor,Motor,North,2026-09,23837,23143
P03137,Motor,Motor,North,2026-09,23150,22476
P03138,Motor,Motor,North,2026-09,11154,10829
P03139,Motor,Motor,North,2026-09,12357,11997
P03140,Motor,Motor,North,2026-09,15955,15490
P03141,Motor,Motor,North,2026-09,12214,11858
P03142,Motor,Motor,North,2026-09,14490,14068
P03143,Motor,Motor,North,2026-09,15109,14669
P03144,Motor,Motor,North,2026-09,20553,19954
P03145,Motor,Motor,North,2026-09,10736,10423
P03146,Motor,Motor,North,2026-09,25677,24929
P03147,Motor,Motor,North,2026-09,16300,15825
P03148,Motor,Motor,North,2026-09,23170,22495
P03149,Motor,Motor,North,2026-09,7196,6986
P03150,Motor,Motor,North,2026-09,17129,16630
P03151,Motor,Motor,North,2026-09,5835,5665
P03152,Motor,Motor,North,2026-09,22395,21743
P03153,Motor,Motor,North,2026-09,13901,13496
P03154,Motor,Motor,North,2026-09,29384,28528
P03155,Motor,Motor,North,2026-09,13400,13010
P03156,Motor,Motor,North,2026-09,19529,18960
P03157,Motor,Motor,North,2026-09,11695,11354
P03158,Motor,Motor,North,2026-09,20968,20357
P03159,Motor,Motor,North,2026-09,17055,16558
P03160,Motor,Motor,North,2026-09,14590,14165
P03161,Motor,Motor,North,2026-09,10322,10021
P03162,Motor,Motor,North,2026-09,7965,7733
P03163,Motor,Motor,North,2026-09,8178,7940
P03164,Motor,Motor,North,2026-09,30656,29763
P03165,Motor,Motor,North,2026-09,15655,15199
P03166,Motor,Motor,North,2026-09,5162,5012
P03167,Motor,Motor,North,2026-09,29478,28619
P03168,Motor,Motor,North,2026-09,5625,5461
P03169,Motor,Motor,North,2026-09,15816,15355
P03170,Motor,Motor,North,2026-09,23457,22774
P03171,Motor,Motor,North,2026-09,28497,27667
P03172,Motor,Motor,North,2026-09,23340,22660
P03173,Motor,Motor,North,2026-09,16967,16473
P03174,Motor,Motor,North,2026-09,30028,29153
P03175,Motor,Motor,North,2026-09,6119,5941
P03176,Motor,Motor,North,2026-09,30346,29462
P03177,Motor,Motor,North,2026-09,26830,26049
P03178,Motor,Motor,North,2026-09,28864,28023
P03179,Motor,Motor,North,2026-09,11628,11289
P03180,Motor,Motor,North,2026-09,8756,8501
P03181,Motor,Motor,North,2026-09,22073,21430
P03182,Motor,Motor,North,2026-09,18303,17770
P03183,Motor,Motor,North,2026-09,18490,17951
P03184,Motor,Motor,North,2026-09,28753,27916
P03185,Motor,Motor,North,2026-09,20968,20357
P03186,Motor,Motor,North,2026-09,13067,12686
P03187,Motor,Motor,North,2026-09,15342,14895
P03188,Motor,Motor,North,2026-09,8526,8278
P03189,Motor,Motor,North,2026-09,10030,9738
P03190,Motor,Motor,North,2026-09,8779,8523
P03191,Motor,Motor,North,2026-09,25830,25078
P03192,Motor,Motor,North,2026-09,23135,22461
P03193,Motor,Motor,North,2026-09,18673,18129
P03194,Motor,Motor,North,2026-09,14685,14257
P03195,Motor,Motor,North,2026-09,22205,21558
P03196,Motor,Motor,North,2026-09,25897,25143
P03197,Motor,Motor,North,2026-09,27644,26839
P03198,Motor,Motor,North,2026-09,19099,18543
P03199,Motor,Motor,North,2026-09,26075,25316
P03200,Motor,Motor,North,2026-09,18187,17657
P03201,Motor,Motor,North,2026-09,17246,16744
P03202,Motor,Motor,North,2026-09,27240,26447
P03203,Motor,Motor,North,2026-09,14992,14555
P03204,Motor,Motor,South,2026-09,20635,20034
P03205,Motor,Motor,South,2026-09,11469,11135
P03206,Motor,Motor,South,2026-09,15110,14670
P03207,Motor,Motor,South,2026-09,7180,6971
P03208,Motor,Motor,South,2026-09,11097,10774
P03209,Motor,Motor,South,2026-09,17611,17098
P03210,Motor,Motor,South,2026-09,31443,30527
P03211,Motor,Motor,South,2026-09,31596,30676
P03212,Motor,Motor,South,2026-09,31158,30250
P03213,Motor,Motor,South,2026-09,16457,15978
P03214,Motor,Motor,South,2026-09,7414,7198
P03215,Motor,Motor,South,2026-09,13829,13426
P03216,Motor,Motor,South,2026-09,11562,11225
P03217,Motor,Motor,South,2026-09,5656,5491
P03218,Motor,Motor,South,2026-09,7798,7571
P03219,Motor,Motor,South,2026-09,17252,16750
P03220,Motor,Motor,South,2026-09,14254,13839
P03221,Motor,Motor,South,2026-09,10047,9754
P03222,Motor,Motor,South,2026-09,24197,23492
P03223,Motor,Motor,South,2026-09,14715,14286
P03224,Motor,Motor,South,2026-09,27783,26974
P03225,Motor,Motor,South,2026-09,11647,11308
P03226,Motor,Motor,South,2026-09,19503,18935
P03227,Motor,Motor,South,2026-09,10147,9851
P03228,Motor,Motor,South,2026-09,18365,17830
P03229,Motor,Motor,South,2026-09,9309,9038
P03230,Motor,Motor,South,2026-09,9550,9272
P03231,Motor,Motor,South,2026-09,21453,20828
P03232,Motor,Motor,South,2026-09,12250,11893
P03233,Motor,Motor,South,2026-09,9835,9549
P03234,Motor,Motor,South,2026-09,29840,28971
P03235,Motor,Motor,South,2026-09,6418,6231
P03236,Motor,Motor,South,2026-09,20210,19621
P03237,Motor,Motor,South,2026-09,19764,19188
P03238,Motor,Motor,South,2026-09,11902,11555
P03239,Motor,Motor,South,2026-09,17241,16739
P03240,Motor,Motor,South,2026-09,7600,7379
P03241,Motor,Motor,South,2026-09,24334,23625
P03242,Motor,Motor,South,2026-09,11138,10814
P03243,Motor,Motor,South,2026-09,10391,10088
P03244,Motor,Motor,South,2026-09,13599,13203
P03245,Motor,Motor,South,2026-09,29117,28269
P03246,Motor,Motor,South,2026-09,26320,25553
P03247,Motor,Motor,South,2026-09,30292,29410
P03248,Motor,Motor,South,2026-09,22502,21847
P03249,Motor,Motor,South,2026-09,22792,22128
P03250,Motor,Motor,South,2026-09,17961,17438
P03251,Motor,Motor,South,2026-09,29191,28341
P03252,Motor,Motor,South,2026-09,18776,18229
P03253,Motor,Motor,South,2026-09,14661,14234
P03254,Motor,Motor,South,2026-09,22196,21550
P03255,Motor,Motor,South,2026-09,19708,19134
P03256,Motor,Motor,South,2026-09,8558,8309
P03257,Motor,Motor,South,2026-09,15656,15200
P03258,Motor,Motor,South,2026-09,13558,13163
P03259,Motor,Motor,South,2026-09,27650,26845
P03260,Motor,Motor,South,2026-09,15289,14844
P03261,Motor,Motor,South,2026-09,26982,26196
P03262,Motor,Motor,South,2026-09,16967,16473
P03263,Motor,Motor,South,2026-09,25185,24451
P03264,Motor,Motor,South,2026-09,8856,8598
P03265,Motor,Motor,South,2026-09,29705,28840
P03266,Motor,Motor,South,2026-09,17976,17452
P03267,Motor,Motor,South,2026-09,12145,11791
P03268,Motor,Motor,South,2026-09,11661,11321
P03269,Motor,Motor,South,2026-09,12284,11926
P03270,Motor,Motor,South,2026-09,14969,14533
P03271,Motor,Motor,South,2026-09,24234,23528
P03272,Motor,Motor,South,2026-09,30364,29480
P03273,Motor,Motor,South,2026-09,22954,22285
P03274,Motor,Motor,South,2026-09,19735,19160
P03275,Motor,Motor,South,2026-09,17131,16632
P03276,Motor,Motor,South,2026-09,27158,26367
P03277,Motor,Motor,South,2026-09,27725,26917
P03278,Motor,Motor,South,2026-09,13022,12643
P03279,Motor,Motor,South,2026-09,30465,29578
P03280,Motor,Motor,South,2026-09,15719,15261
P03281,Motor,Motor,South,2026-09,26415,25646
P03282,Motor,Motor,South,2026-09,30819,29921
P03283,Motor,Motor,South,2026-09,23868,23173
P03284,Motor,Motor,South,2026-09,9549,9271
P03285,Motor,Motor,South,2026-09,20764,20159
P03286,Motor,Motor,South,2026-09,8420,8175
P03287,Motor,Motor,South,2026-09,26126,25365
P03288,Motor,Motor,South,2026-09,12713,12343
P03289,Motor,Motor,South,2026-09,23645,22956
P03290,Motor,Motor,South,2026-09,29321,28467
P03291,Motor,Motor,South,2026-09,10063,9770
P03292,Motor,Motor,South,2026-09,15659,15203
P03293,Motor,Motor,South,2026-09,22375,21723
P03294,Motor,Motor,South,2026-09,16367,15890
P03295,Motor,Motor,South,2026-09,9900,9612
P03296,Motor,Motor,South,2026-09,6050,5874
P03297,Motor,Motor,South,2026-09,16022,15555
P03298,Motor,Motor,South,2026-09,22430,21777
P03299,Motor,Motor,South,2026-09,20443,19848
P03300,Motor,Motor,South,2026-09,9409,9135
P03301,Motor,Motor,South,2026-09,17187,16686
P03302,Motor,Motor,South,2026-09,15041,14603
P03303,Motor,Motor,South,2026-09,12525,12160
P03304,Motor,Motor,South,2026-09,24545,23830
P03305,Motor,Motor,South,2026-09,13461,13069
P03306,Motor,Motor,South,2026-09,19549,18980
P03307,Motor,Motor,South,2026-09,29667,28803
P03308,Motor,Motor,South,2026-09,19527,18958
P03309,Motor,Motor,South,2026-09,21580,20951
P03310,Motor,Motor,South,2026-09,7217,7007
P03311,Motor,Motor,South,2026-09,9988,9697
P03312,Motor,Motor,South,2026-09,7949,7717
P03313,Motor,Motor,South,2026-09,25483,24741
P03314,Motor,Motor,South,2026-09,27362,26565
P03315,Motor,Motor,South,2026-09,10207,9910
P03316,Motor,Motor,South,2026-09,11075,10752
P03317,Motor,Motor,South,2026-09,13820,13417
P03318,Motor,Motor,South,2026-09,20895,20286
P03319,Motor,Motor,South,2026-09,21706,21074
P03320,Motor,Motor,South,2026-09,23422,22740
P03321,Motor,Motor,South,2026-09,29191,28341
P03322,Motor,Motor,South,2026-09,13076,12695
P03323,Motor,Motor,South,2026-09,22683,22022
P03324,Motor,Motor,South,2026-09,20066,19482
P03325,Motor,Motor,South,2026-09,13360,12971
P03326,Motor,Motor,South,2026-09,29250,28398
P03327,Motor,Motor,South,2026-09,7804,7577
P03328,Motor,Motor,South,2026-09,24089,23387
P03329,Motor,Motor,South,2026-09,24508,23794
P03330,Motor,Motor,South,2026-09,29459,28601
P03331,Motor,Motor,South,2026-09,18980,18427
P03332,Motor,Motor,South,2026-09,13777,13376
P03333,Motor,Motor,South,2026-09,27146,26355
P03334,Motor,Motor,South,2026-09,25642,24895
P03335,Motor,Motor,South,2026-09,18498,17959
P03336,Motor,Motor,South,2026-09,25564,24819
P03337,Motor,Motor,South,2026-09,12358,11998
P03338,Motor,Motor,South,2026-09,20853,20246
P03339,Motor,Motor,South,2026-09,28134,27315
P03340,Motor,Motor,South,2026-09,13681,13283
P03341,Motor,Motor,South,2026-09,18055,17529
P03342,Motor,Motor,South,2026-09,30403,29517
P03343,Motor,Motor,South,2026-09,26366,25598
P03344,Motor,Motor,South,2026-09,28712,27876
P03345,Motor,Motor,South,2026-09,15458,15008
P03346,Motor,Motor,South,2026-09,31603,30683
P03347,Motor,Motor,South,2026-09,9312,9041
P03348,Motor,Motor,South,2026-09,18985,18432
P03349,Motor,Motor,South,2026-09,17942,17419
P03350,Motor,Motor,South,2026-09,26371,25603
P03351,Motor,Motor,South,2026-09,29282,28429
P03352,Motor,Motor,South,2026-09,24594,23878
P03353,Motor,Motor,South,2026-09,21839,21203
P03354,Motor,Motor,South,2026-09,16573,16090
P03355,Motor,Motor,South,2026-09,18761,18215
P03356,Motor,Motor,South,2026-09,18735,18189
P03357,Motor,Motor,South,2026-09,5821,5651
P03358,Motor,Motor,South,2026-09,18570,18029
P03359,Motor,Motor,South,2026-09,27891,27079
P03360,Motor,Motor,South,2026-09,24017,23317
P03361,Motor,Motor,South,2026-09,26300,25534
P03362,Motor,Motor,South,2026-09,15596,15142
P03363,Motor,Motor,South,2026-09,19254,18693
P03364,Motor,Motor,South,2026-09,6167,5987
P03365,Motor,Motor,South,2026-09,15398,14950
P03366,Motor,Motor,South,2026-09,17813,17294
P03367,Motor,Motor,South,2026-09,12023,11673
P03368,Motor,Motor,South,2026-09,6108,5930
P03369,Motor,Motor,South,2026-09,23518,22833
P03370,Motor,Motor,South,2026-09,16775,16286
P03371,Motor,Motor,South,2026-09,16262,15788
P03372,Motor,Motor,South,2026-09,11885,11539
P03373,Motor,Motor,South,2026-09,19489,18921
P03374,Motor,Motor,South,2026-09,16852,16361
P03375,Motor,Motor,South,2026-09,17801,17283
P03376,Motor,Motor,South,2026-09,20625,20024
P03377,Motor,Motor,South,2026-09,5450,5291
P03378,Motor,Motor,South,2026-09,29257,28405
P03379,Motor,Motor,South,2026-09,7161,6952
P03380,Motor,Motor,South,2026-09,17193,16692
P03381,Motor,Motor,South,2026-09,10759,10446
P03382,Motor,Motor,South,2026-09,19117,18560
P03383,Motor,Motor,South,2026-09,12684,12315
P03384,Motor,Motor,South,2026-09,27997,27182
P03385,Motor,Motor,South,2026-09,15752,15293
P03386,Motor,Motor,South,2026-09,22154,21509
P03387,Motor,Motor,South,2026-09,11856,11511
P03388,Motor,Motor,South,2026-09,5795,5626
P03389,Motor,Motor,South,2026-09,15958,15493
P03390,Motor,Motor,South,2026-09,19453,18886
P03391,Motor,Motor,South,2026-09,17420,16913
P03392,Motor,Motor,South,2026-09,30692,29798
P03393,Motor,Motor,South,2026-09,23953,23255
P03394,Motor,Motor,South,2026-09,31581,30661
P03395,Motor,Motor,South,2026-09,13076,12695
P03396,Motor,Motor,South,2026-09,26124,25363
P03397,Motor,Motor,South,2026-09,19956,19375
P03398,Motor,Motor,South,2026-09,21440,20816
P03399,Motor,Motor,South,2026-09,31321,30409
P03400,Motor,Motor,South,2026-09,22556,21899
P03401,Motor,Motor,South,2026-09,29023,28178
P03402,Motor,Motor,South,2026-09,24452,23740
P03403,Motor,Motor,South,2026-09,8647,8395
P03404,Motor,Motor,South,2026-09,23756,23064
P03405,Motor,Motor,South,2026-09,18074,17548
P03406,Motor,Motor,South,2026-09,29551,28690
P03407,Motor,Motor,South,2026-09,26594,25819
P03408,Motor,Motor,South,2026-09,8033,7799
P03409,Motor,Motor,South,2026-09,8820,8563
P03410,Motor,Motor,South,2026-09,7121,6914
P03411,Motor,Motor,South,2026-09,18310,17777
P03412,Motor,Motor,South,2026-09,7416,7200
P03413,Motor,Motor,South,2026-09,24397,23686
P03414,Motor,Motor,South,2026-09,19872,19293
P03415,Motor,Motor,South,2026-09,27361,26564
P03416,Motor,Motor,South,2026-09,12673,12304
P03417,Motor,Motor,South,2026-09,18994,18441
P03418,Motor,Motor,South,2026-09,8385,8141
P03419,Motor,Motor,South,2026-09,28647,27813
P03420,Motor,Motor,South,2026-09,9904,9616
P03421,Motor,Motor,South,2026-09,7987,7754
P03422,Motor,Motor,South,2026-09,10699,10387
P03423,Motor,Motor,South,2026-09,26577,25803
P03424,Motor,Motor,South,2026-09,8077,7842
P03425,Motor,Motor,South,2026-09,21512,20885
P03426,Motor,Motor,South,2026-09,24991,24263
P03427,Motor,Motor,South,2026-09,25121,24389
P03428,Motor,Motor,South,2026-09,10303,10003
P03429,Motor,Motor,South,2026-09,6910,6709
P03430,Motor,Motor,South,2026-09,17137,16638
P03431,Motor,Motor,South,2026-09,10631,10321
P03432,Motor,Motor,South,2026-09,23752,23060
P03433,Motor,Motor,South,2026-09,14704,14276
P03434,Motor,Motor,South,2026-09,17152,16652
P03435,Motor,Motor,South,2026-09,8280,8039
P03436,Motor,Motor,South,2026-09,20273,19683
P03437,Motor,Motor,South,2026-09,10183,9886
P03438,Motor,Motor,South,2026-09,23216,22540
P03439,Motor,Motor,South,2026-09,7163,6954
P03440,Motor,Motor,South,2026-09,31059,30154
P03441,Motor,Motor,South,2026-09,23362,22682
P03442,Motor,Motor,South,2026-09,10083,9789
P03443,Motor,Motor,South,2026-09,5655,5490
P03444,Motor,Motor,South,2026-09,14117,13706
P03445,Motor,Motor,South,2026-09,9318,9047
P03446,Motor,Motor,South,2026-09,11052,10730
P03447,Motor,Motor,South,2026-09,28334,27509
P03448,Motor,Motor,South,2026-09,21215,20597
P03449,Motor,Motor,South,2026-09,9944,9654
P03450,Motor,Motor,South,2026-09,19985,19403
P03451,Motor,Motor,South,2026-09,12039,11688
P03452,Motor,Motor,South,2026-09,31067,30162
P03453,Motor,Motor,South,2026-09,6148,5969
P03454,Motor,Motor,South,2026-09,24625,23908
P03455,Motor,Motor,South,2026-09,25700,24951
P03456,Motor,Motor,South,2026-09,7057,6851
P03457,Motor,Motor,South,2026-09,9822,9536
P03458,Motor,Motor,South,2026-09,15434,14984
P03459,Motor,Motor,South,2026-09,28213,27391
P03460,Motor,Motor,South,2026-09,19466,18899
P03461,Motor,Motor,South,2026-09,22591,21933
P03462,Motor,Motor,South,2026-09,25964,25208
P03463,Motor,Motor,South,2026-09,27156,26365
P03464,Motor,Motor,South,2026-09,17862,17342
P03465,Motor,Motor,South,2026-09,18721,18176
P03466,Motor,Motor,South,2026-09,24247,23541
P03467,Motor,Motor,South,2026-09,12238,11882
P03468,Motor,Motor,South,2026-09,27852,27041
P03469,Motor,Motor,South,2026-09,5832,5662
P03470,Motor,Motor,South,2026-09,10453,10149
P03471,Motor,Motor,South,2026-09,26418,25649
P03472,Motor,Motor,South,2026-09,14270,13854
P03473,Motor,Motor,South,2026-09,9240,8971
P03474,Motor,Motor,South,2026-09,10216,9918
P03475,Motor,Motor,South,2026-09,19301,18739
P03476,Motor,Motor,South,2026-09,27633,26828
P03477,Motor,Motor,South,2026-09,7148,6940
P03478,Motor,Motor,South,2026-09,6087,5910
P03479,Motor,Motor,South,2026-09,17569,17057
P03480,Motor,Motor,South,2026-09,30538,29649
P03481,Motor,Motor,South,2026-09,12653,12284
P03482,Motor,Motor,South,2026-09,30617,29725
P03483,Motor,Motor,South,2026-09,28729,27892
P03484,Motor,Motor,South,2026-09,12761,12389
P03485,Motor,Motor,South,2026-09,26860,26078
P03486,Motor,Motor,South,2026-09,23399,22717
P03487,Motor,Motor,South,2026-09,18802,18254
P03488,Motor,Motor,South,2026-09,16453,15974
P03489,Motor,Motor,South,2026-09,26822,26041
P03490,Motor,Motor,South,2026-09,26230,25466
P03491,Motor,Motor,South,2026-09,25275,24539
P03492,Motor,Motor,South,2026-09,31650,30728
P03493,Motor,Motor,South,2026-09,17921,17399
P03494,Motor,Motor,South,2026-09,26596,25821
P03495,Motor,Motor,South,2026-09,28063,27246
P03496,Motor,Motor,South,2026-09,10872,10555
P03497,Motor,Motor,South,2026-09,6393,6207
P03498,Motor,Motor,South,2026-09,15973,15508
P03499,Motor,Motor,South,2026-09,27911,27098
P03500,Motor,Motor,South,2026-09,12918,12542
P03501,Motor,Motor,South,2026-09,23771,23079
P03502,Motor,Motor,South,2026-09,5477,5317
P03503,Motor,Motor,South,2026-09,14669,14242
P03504,Motor,Motor,South,2026-09,21540,20913
P03505,Motor,Motor,South,2026-09,8710,8456
P03506,Motor,Motor,South,2026-09,28965,28121
P03507,Motor,Motor,South,2026-09,9410,9136
P03508,Motor,Motor,South,2026-09,29313,28459
P03509,Motor,Motor,South,2026-09,10998,10678
P03510,Motor,Motor,South,2026-09,31545,30626
P03511,Motor,Motor,South,2026-09,21256,20637
P03512,Motor,Motor,South,2026-09,7511,7292
P03513,Motor,Motor,South,2026-09,7007,6803
P03514,Motor,Motor,South,2026-09,7262,7050
P03515,Motor,Motor,South,2026-09,20864,20256
P03516,Motor,Motor,South,2026-09,26666,25889
P03517,Motor,Motor,South,2026-09,15926,15462
P03518,Motor,Motor,South,2026-09,17032,16536
P03519,Motor,Motor,South,2026-09,20847,20240
P03520,Motor,Motor,South,2026-09,19362,18798
P03521,Motor,Motor,South,2026-09,23456,22773
P03522,Motor,Motor,South,2026-09,17744,17227
P03523,Motor,Motor,South,2026-09,24138,23435
P03524,Motor,Motor,South,2026-09,31624,30703
P03525,Motor,Motor,South,2026-09,14535,14112
P03526,Motor,Motor,South,2026-09,5605,5442
P03527,Motor,Motor,South,2026-09,8600,8350
P03528,Motor,Motor,South,2026-09,19903,19323
P03529,Motor,Motor,South,2026-09,14376,13957
P03530,Motor,Motor,South,2026-09,30110,29233
P03531,Motor,Motor,South,2026-09,21856,21219
P03532,Motor,Motor,South,2026-09,19026,18472
P03533,Motor,Motor,South,2026-09,26361,25593
P03534,Motor,Motor,South,2026-09,12113,11760
P03535,Motor,Motor,South,2026-09,26934,26150
P03536,Motor,Motor,South,2026-09,5363,5207
P03537,Motor,Motor,South,2026-09,21650,21019
P03538,Motor,Motor,South,2026-09,29972,29099
P03539,Motor,Motor,South,2026-09,26092,25332
P03540,Motor,Motor,South,2026-09,27830,27019
P03541,Motor,Motor,South,2026-09,15767,15308
P03542,Motor,Motor,South,2026-09,27053,26265
P03543,Motor,Motor,South,2026-09,19832,19254
P03544,Motor,Motor,South,2026-09,21620,20990
P03545,Motor,Motor,South,2026-09,6839,6640
P03546,Motor,Motor,South,2026-09,10606,10297
P03547,Motor,Motor,South,2026-09,19835,19257
P03548,Motor,Motor,South,2026-09,6836,6637
P03549,Motor,Motor,South,2026-09,24866,24142
P03550,Motor,Motor,South,2026-09,27471,26671
P03551,Motor,Motor,South,2026-09,29592,28730
P03552,Motor,Motor,South,2026-09,7970,7738
P03553,Motor,Motor,South,2026-09,30103,29226
P03554,Motor,Motor,South,2026-09,7069,6863
P03555,Motor,Motor,South,2026-09,17804,17285
P03556,Motor,Motor,South,2026-09,27476,26676
P03557,Motor,Motor,South,2026-09,7140,6932
P03558,Motor,Motor,South,2026-09,5764,5596
P03559,Motor,Motor,South,2026-09,5941,5768
P03560,Motor,Motor,South,2026-09,18786,18239
P03561,Motor,Motor,South,2026-09,26719,25941
P03562,Motor,Motor,South,2026-09,8648,8396
P03563,Motor,Motor,South,2026-09,8574,8324
P03564,Motor,Motor,South,2026-09,20299,19708
P03565,Motor,Motor,South,2026-09,11471,11137
P03566,Motor,Motor,South,2026-09,24570,23854
P03567,Motor,Motor,South,2026-09,30365,29481
P03568,Motor,Motor,South,2026-09,25516,24773
P03569,Motor,Motor,South,2026-09,28452,27623
P03570,Motor,Motor,South,2026-09,19007,18453
P03571,Motor,Motor,South,2026-09,27266,26472
P03572,Motor,Motor,South,2026-09,10114,9819
P03573,Motor,Motor,South,2026-09,7087,6881
P03574,Motor,Motor,South,2026-09,22608,21950
P03575,Motor,Motor,South,2026-09,6655,6461
P03576,Motor,Motor,South,2026-09,28855,28015
P03577,Motor,Motor,South,2026-09,23549,22863
P03578,Motor,Motor,South,2026-09,30433,29547
P03579,Motor,Motor,South,2026-09,13573,13178
P03580,Motor,Motor,South,2026-09,18124,17596
P03581,Motor,Motor,South,2026-09,24872,24148
P03582,Motor,Motor,South,2026-09,11695,11354
P03583,Motor,Motor,South,2026-09,19595,19024
P03584,Motor,Motor,South,2026-09,22701,22040
P03585,Motor,Motor,South,2026-09,31136,30229
P03586,Motor,Motor,South,2026-09,24953,24226
P03587,Motor,Motor,South,2026-09,8403,8158
P03588,Motor,Motor,South,2026-09,17838,17318
P03589,Motor,Motor,South,2026-09,20834,20227
P03590,Motor,Motor,South,2026-09,9156,8889
P03591,Motor,Motor,South,2026-09,16692,16206
P03592,Motor,Motor,South,2026-09,12784,12412
P03593,Motor,Motor,South,2026-09,8421,8176
P03594,Motor,Motor,South,2026-09,18807,18259
P03595,Motor,Motor,South,2026-09,9657,9376
P03596,Motor,Motor,South,2026-09,20880,20272
P03597,Motor,Motor,South,2026-09,9764,9480
P03598,Motor,Motor,South,2026-09,24395,23684
P03599,Motor,Motor,South,2026-09,10439,10135
P03600,Motor,Motor,South,2026-09,28956,28113
P03601,Motor,Motor,South,2026-09,5975,5801
P03602,Motor,Motor,South,2026-09,19070,18515
P03603,Motor,Motor,South,2026-09,13737,13337
P03604,Motor,Motor,South,2026-09,11227,10900
P03605,Motor,Motor,South,2026-09,17739,17222
P03606,Motor,Motor,South,2026-09,27523,26721
P03607,Motor,Motor,South,2026-09,29458,28600
P03608,Motor,Motor,South,2026-09,13292,12905
P03609,Motor,Motor,South,2026-09,9357,9084
P03610,Motor,Motor,South,2026-09,24304,23596
P03611,Motor,Motor,South,2026-09,20655,20053
P03612,Motor,Motor,South,2026-09,10591,10283
P03613,Motor,Motor,South,2026-09,25364,24625
P03614,Motor,Motor,South,2026-09,18989,18436
P03615,Motor,Motor,South,2026-09,22541,21884
P03616,Motor,Motor,South,2026-09,14773,14343
P03617,Motor,Motor,South,2026-09,16881,16389
P03618,Motor,Motor,South,2026-09,10046,9753
P03619,Motor,Motor,South,2026-09,25264,24528
P03620,Motor,Motor,South,2026-09,9430,9155
P03621,Motor,Motor,South,2026-09,25840,25087
P03622,Motor,Motor,South,2026-09,26360,25592
P03623,Motor,Motor,South,2026-09,25002,24274
P03624,Motor,Motor,South,2026-09,5796,5627
P03625,Motor,Motor,South,2026-09,12497,12133
P03626,Motor,Motor,South,2026-09,17653,17139
P03627,Motor,Motor,South,2026-09,21013,20401
P03628,Motor,Motor,South,2026-09,29562,28701
P03629,Motor,Motor,South,2026-09,15204,14761
P03630,Motor,Motor,South,2026-09,28394,27567
P03631,Motor,Motor,South,2026-09,9600,9320
P03632,Motor,Motor,South,2026-09,15090,14650
P03633,Motor,Motor,South,2026-09,6663,6469
P03634,Motor,Motor,South,2026-09,24894,24169
P03635,Motor,Motor,South,2026-09,9262,8992
P03636,Motor,Motor,South,2026-09,12072,11720
P03637,Motor,Motor,South,2026-09,25758,25008
P03638,Motor,Motor,South,2026-09,19406,18841
P03639,Motor,Motor,South,2026-09,5652,5487
P03640,Motor,Motor,South,2026-09,5342,5186
P03641,Motor,Motor,South,2026-09,18771,18224
P03642,Motor,Motor,South,2026-09,13337,12949
P03643,Motor,Motor,South,2026-09,10046,9753
P03644,Motor,Motor,South,2026-09,21489,20863
P03645,Motor,Motor,South,2026-09,11317,10987
P03646,Motor,Motor,South,2026-09,20924,20315
P03647,Motor,Motor,South,2026-09,15300,14854
P03648,Motor,Motor,South,2026-09,10216,9918
P03649,Motor,Motor,South,2026-09,8930,8670
P03650,Motor,Motor,South,2026-09,11539,11203
P03651,Motor,Motor,South,2026-09,6071,5894
P03652,Motor,Motor,South,2026-09,13421,13030
P03653,Motor,Motor,South,2026-09,29106,28258
P03654,Motor,Motor,South,2026-09,27241,26448
P03655,Motor,Motor,South,2026-09,15108,14668
P03656,Motor,Motor,South,2026-09,20492,19895
P03657,Motor,Motor,South,2026-09,20268,19678
P03658,Motor,Motor,South,2026-09,27171,26380
P03659,Motor,Motor,South,2026-09,11524,11188
P03660,Motor,Motor,South,2026-09,13111,12729
P03661,Motor,Motor,South,2026-09,13254,12868
P03662,Motor,Motor,South,2026-09,6362,6177
P03663,Motor,Motor,South,2026-09,13594,13198
P03664,Motor,Motor,South,2026-09,28471,27642
P03665,Motor,Motor,South,2026-09,29370,28515
P03666,Motor,Motor,South,2026-09,8178,7940
P03667,Motor,Motor,South,2026-09,17381,16875
P03668,Motor,Motor,South,2026-09,15355,14908
P03669,Motor,Motor,South,2026-09,18208,17678
P03670,Motor,Motor,South,2026-09,19935,19354
P03671,Motor,Motor,South,2026-09,5817,5648
P03672,Motor,Motor,South,2026-09,27529,26727
P03673,Motor,Motor,South,2026-09,31000,30097
P03674,Motor,Motor,East,2026-09,13789,13387
P03675,Motor,Motor,East,2026-09,10891,10574
P03676,Motor,Motor,East,2026-09,21041,20428
P03677,Motor,Motor,East,2026-09,9727,9444
P03678,Motor,Motor,East,2026-09,6221,6040
P03679,Motor,Motor,East,2026-09,13409,13018
P03680,Motor,Motor,East,2026-09,21263,20644
P03681,Motor,Motor,East,2026-09,22949,22281
P03682,Motor,Motor,East,2026-09,20389,19795
P03683,Motor,Motor,East,2026-09,16556,16074
P03684,Motor,Motor,East,2026-09,20189,19601
P03685,Motor,Motor,East,2026-09,19254,18693
P03686,Motor,Motor,East,2026-09,9488,9212
P03687,Motor,Motor,East,2026-09,16401,15923
P03688,Motor,Motor,East,2026-09,21204,20586
P03689,Motor,Motor,East,2026-09,11297,10968
P03690,Motor,Motor,East,2026-09,18655,18112
P03691,Motor,Motor,East,2026-09,14887,14453
P03692,Motor,Motor,East,2026-09,15360,14913
P03693,Motor,Motor,East,2026-09,6337,6152
P03694,Motor,Motor,East,2026-09,18923,18372
P03695,Motor,Motor,East,2026-09,23280,22602
P03696,Motor,Motor,East,2026-09,7458,7241
P03697,Motor,Motor,East,2026-09,12367,12007
P03698,Motor,Motor,East,2026-09,5432,5274
P03699,Motor,Motor,East,2026-09,5016,4870
P03700,Motor,Motor,East,2026-09,25988,25231
P03701,Motor,Motor,East,2026-09,15149,14708
P03702,Motor,Motor,East,2026-09,12135,11782
P03703,Motor,Motor,East,2026-09,10374,10072
P03704,Motor,Motor,East,2026-09,25778,25027
P03705,Motor,Motor,East,2026-09,9880,9592
P03706,Motor,Motor,East,2026-09,20222,19633
P03707,Motor,Motor,East,2026-09,10568,10260
P03708,Motor,Motor,East,2026-09,5909,5737
P03709,Motor,Motor,East,2026-09,19295,18733
P03710,Motor,Motor,East,2026-09,4404,4276
P03711,Motor,Motor,East,2026-09,19131,18574
P03712,Motor,Motor,East,2026-09,9839,9552
P03713,Motor,Motor,East,2026-09,20668,20066
P03714,Motor,Motor,East,2026-09,21184,20567
P03715,Motor,Motor,East,2026-09,20187,19599
P03716,Motor,Motor,East,2026-09,4904,4761
P03717,Motor,Motor,East,2026-09,19742,19167
P03718,Motor,Motor,East,2026-09,25999,25242
P03719,Motor,Motor,East,2026-09,9670,9388
P03720,Motor,Motor,East,2026-09,10360,10058
P03721,Motor,Motor,East,2026-09,22141,21496
P03722,Motor,Motor,East,2026-09,7873,7644
P03723,Motor,Motor,East,2026-09,18800,18252
P03724,Motor,Motor,East,2026-09,20863,20255
P03725,Motor,Motor,East,2026-09,5181,5030
P03726,Motor,Motor,East,2026-09,16467,15987
P03727,Motor,Motor,East,2026-09,16950,16456
P03728,Motor,Motor,East,2026-09,10997,10677
P03729,Motor,Motor,East,2026-09,23513,22828
P03730,Motor,Motor,East,2026-09,7925,7694
P03731,Motor,Motor,East,2026-09,12325,11966
P03732,Motor,Motor,East,2026-09,22908,22241
P03733,Motor,Motor,East,2026-09,8534,8285
P03734,Motor,Motor,East,2026-09,22312,21662
P03735,Motor,Motor,East,2026-09,6097,5919
P03736,Motor,Motor,East,2026-09,15057,14618
P03737,Motor,Motor,East,2026-09,6014,5839
P03738,Motor,Motor,East,2026-09,19178,18619
P03739,Motor,Motor,East,2026-09,21640,21010
P03740,Motor,Motor,East,2026-09,22934,22266
P03741,Motor,Motor,East,2026-09,25805,25053
P03742,Motor,Motor,East,2026-09,19050,18495
P03743,Motor,Motor,East,2026-09,21170,20553
P03744,Motor,Motor,East,2026-09,15417,14968
P03745,Motor,Motor,East,2026-09,24308,23600
P03746,Motor,Motor,East,2026-09,18432,17895
P03747,Motor,Motor,East,2026-09,23670,22981
P03748,Motor,Motor,East,2026-09,9512,9235
P03749,Motor,Motor,East,2026-09,15220,14777
P03750,Motor,Motor,East,2026-09,20312,19720
P03751,Motor,Motor,East,2026-09,8797,8541
P03752,Motor,Motor,East,2026-09,8986,8724
P03753,Motor,Motor,East,2026-09,25735,24985
P03754,Motor,Motor,East,2026-09,13863,13459
P03755,Motor,Motor,East,2026-09,8341,8098
P03756,Motor,Motor,East,2026-09,11610,11272
P03757,Motor,Motor,East,2026-09,13050,12670
P03758,Motor,Motor,East,2026-09,17981,17457
P03759,Motor,Motor,East,2026-09,24533,23818
P03760,Motor,Motor,East,2026-09,25921,25166
P03761,Motor,Motor,East,2026-09,18606,18064
P03762,Motor,Motor,East,2026-09,19659,19086
P03763,Motor,Motor,East,2026-09,11399,11067
P03764,Motor,Motor,East,2026-09,23094,22421
P03765,Motor,Motor,East,2026-09,9127,8861
P03766,Motor,Motor,East,2026-09,6693,6498
P03767,Motor,Motor,East,2026-09,25631,24884
P03768,Motor,Motor,East,2026-09,23246,22569
P03769,Motor,Motor,East,2026-09,11002,10682
P03770,Motor,Motor,East,2026-09,19118,18561
P03771,Motor,Motor,East,2026-09,14571,14147
P03772,Motor,Motor,East,2026-09,11428,11095
P03773,Motor,Motor,East,2026-09,10634,10324
P03774,Motor,Motor,East,2026-09,7341,7127
P03775,Motor,Motor,East,2026-09,16369,15892
P03776,Motor,Motor,East,2026-09,14125,13714
P03777,Motor,Motor,East,2026-09,15558,15105
P03778,Motor,Motor,East,2026-09,9073,8809
P03779,Motor,Motor,East,2026-09,24873,24149
P03780,Motor,Motor,East,2026-09,18320,17786
P03781,Motor,Motor,East,2026-09,24021,23321
P03782,Motor,Motor,East,2026-09,6756,6559
P03783,Motor,Motor,East,2026-09,17976,17452
P03784,Motor,Motor,East,2026-09,22926,22258
P03785,Motor,Motor,East,2026-09,11598,11260
P03786,Motor,Motor,East,2026-09,8632,8381
P03787,Motor,Motor,East,2026-09,10159,9863
P03788,Motor,Motor,East,2026-09,10331,10030
P03789,Motor,Motor,East,2026-09,14138,13726
P03790,Motor,Motor,East,2026-09,11490,11155
P03791,Motor,Motor,East,2026-09,10295,9995
P03792,Motor,Motor,East,2026-09,18536,17996
P03793,Motor,Motor,East,2026-09,5528,5367
P03794,Motor,Motor,East,2026-09,11805,11461
P03795,Motor,Motor,East,2026-09,19437,18871
P03796,Motor,Motor,East,2026-09,8210,7971
P03797,Motor,Motor,East,2026-09,9195,8927
P03798,Motor,Motor,East,2026-09,8753,8498
P03799,Motor,Motor,East,2026-09,4389,4261
P03800,Motor,Motor,East,2026-09,14719,14290
P03801,Motor,Motor,East,2026-09,5220,5068
P03802,Motor,Motor,East,2026-09,10332,10031
P03803,Motor,Motor,East,2026-09,26101,25341
P03804,Motor,Motor,East,2026-09,24432,23720
P03805,Motor,Motor,East,2026-09,9067,8803
P03806,Motor,Motor,East,2026-09,11142,10817
P03807,Motor,Motor,East,2026-09,14498,14076
P03808,Motor,Motor,East,2026-09,22816,22151
P03809,Motor,Motor,East,2026-09,21903,21265
P03810,Motor,Motor,East,2026-09,7127,6919
P03811,Motor,Motor,East,2026-09,7087,6881
P03812,Motor,Motor,East,2026-09,13472,13080
P03813,Motor,Motor,East,2026-09,23377,22696
P03814,Motor,Motor,East,2026-09,23638,22950
P03815,Motor,Motor,East,2026-09,6715,6519
P03816,Motor,Motor,East,2026-09,16915,16422
P03817,Motor,Motor,East,2026-09,7770,7544
P03818,Motor,Motor,East,2026-09,19358,18794
P03819,Motor,Motor,East,2026-09,24388,23678
P03820,Motor,Motor,East,2026-09,14304,13887
P03821,Motor,Motor,East,2026-09,6184,6004
P03822,Motor,Motor,East,2026-09,17023,16527
P03823,Motor,Motor,East,2026-09,13293,12906
P03824,Motor,Motor,East,2026-09,22083,21440
P03825,Motor,Motor,East,2026-09,11804,11460
P03826,Motor,Motor,East,2026-09,23481,22797
P03827,Motor,Motor,East,2026-09,10348,10047
P03828,Motor,Motor,East,2026-09,7810,7583
P03829,Motor,Motor,East,2026-09,11064,10742
P03830,Motor,Motor,East,2026-09,5131,4982
P03831,Motor,Motor,East,2026-09,10513,10207
P03832,Motor,Motor,East,2026-09,18789,18242
P03833,Motor,Motor,East,2026-09,7477,7259
P03834,Motor,Motor,East,2026-09,6802,6604
P03835,Motor,Motor,East,2026-09,7262,7050
P03836,Motor,Motor,East,2026-09,6064,5887
P03837,Motor,Motor,East,2026-09,23476,22792
P03838,Motor,Motor,East,2026-09,24993,24265
P03839,Motor,Motor,East,2026-09,5386,5229
P03840,Motor,Motor,East,2026-09,20973,20362
P03841,Motor,Motor,East,2026-09,20472,19876
P03842,Motor,Motor,East,2026-09,26147,25385
P03843,Motor,Motor,East,2026-09,11969,11620
P03844,Motor,Motor,East,2026-09,10606,10297
P03845,Motor,Motor,East,2026-09,14267,13851
P03846,Motor,Motor,East,2026-09,23081,22409
P03847,Motor,Motor,East,2026-09,20285,19694
P03848,Motor,Motor,East,2026-09,14671,14244
P03849,Motor,Motor,East,2026-09,9712,9429
P03850,Motor,Motor,East,2026-09,20251,19661
P03851,Motor,Motor,East,2026-09,23036,22365
P03852,Motor,Motor,East,2026-09,13106,12724
P03853,Motor,Motor,East,2026-09,18975,18422
P03854,Motor,Motor,East,2026-09,13112,12730
P03855,Motor,Motor,East,2026-09,14822,14390
P03856,Motor,Motor,East,2026-09,15836,15375
P03857,Motor,Motor,East,2026-09,21315,20694
P03858,Motor,Motor,East,2026-09,25723,24974
P03859,Motor,Motor,East,2026-09,14076,13666
P03860,Motor,Motor,East,2026-09,11847,11502
P03861,Motor,Motor,East,2026-09,12530,12165
P03862,Motor,Motor,East,2026-09,7293,7081
P03863,Motor,Motor,East,2026-09,10856,10540
P03864,Motor,Motor,East,2026-09,6257,6075
P03865,Motor,Motor,East,2026-09,13717,13317
P03866,Motor,Motor,East,2026-09,8025,7791
P03867,Motor,Motor,East,2026-09,11937,11589
P03868,Motor,Motor,East,2026-09,21705,21073
P03869,Motor,Motor,East,2026-09,9742,9458
P03870,Motor,Motor,East,2026-09,17736,17219
P03871,Motor,Motor,East,2026-09,24056,23355
P03872,Motor,Motor,East,2026-09,16754,16266
P03873,Motor,Motor,East,2026-09,8603,8352
P03874,Motor,Motor,East,2026-09,11901,11554
P03875,Motor,Motor,East,2026-09,17266,16763
P03876,Motor,Motor,East,2026-09,15436,14986
P03877,Motor,Motor,East,2026-09,7616,7394
P03878,Motor,Motor,East,2026-09,14130,13718
P03879,Motor,Motor,East,2026-09,16233,15760
P03880,Motor,Motor,East,2026-09,10209,9912
P03881,Motor,Motor,East,2026-09,17748,17231
P03882,Motor,Motor,East,2026-09,5902,5730
P03883,Motor,Motor,East,2026-09,11722,11381
P03884,Motor,Motor,East,2026-09,21939,21300
P03885,Motor,Motor,East,2026-09,10033,9741
P03886,Motor,Motor,East,2026-09,17589,17077
P03887,Motor,Motor,East,2026-09,13326,12938
P03888,Motor,Motor,East,2026-09,11283,10954
P03889,Motor,Motor,East,2026-09,24382,23672
P03890,Motor,Motor,East,2026-09,11868,11522
P03891,Motor,Motor,East,2026-09,9539,9261
P03892,Motor,Motor,East,2026-09,24233,23527
P03893,Motor,Motor,East,2026-09,20664,20062
P03894,Motor,Motor,East,2026-09,19263,18702
P03895,Motor,Motor,East,2026-09,5451,5292
P03896,Motor,Motor,East,2026-09,7236,7025
P03897,Motor,Motor,East,2026-09,18313,17780
P03898,Motor,Motor,East,2026-09,8945,8684
P03899,Motor,Motor,East,2026-09,9298,9027
P03900,Motor,Motor,East,2026-09,21389,20766
P03901,Motor,Motor,East,2026-09,10615,10306
P03902,Motor,Motor,East,2026-09,5933,5760
P03903,Motor,Motor,East,2026-09,5164,5014
P03904,Motor,Motor,East,2026-09,14050,13641
P03905,Motor,Motor,East,2026-09,17850,17330
P03906,Motor,Motor,East,2026-09,23350,22670
P03907,Motor,Motor,East,2026-09,6790,6592
P03908,Motor,Motor,East,2026-09,8665,8413
P03909,Motor,Motor,East,2026-09,15942,15478
P03910,Motor,Motor,East,2026-09,12323,11964
P03911,Motor,Motor,East,2026-09,14910,14476
P03912,Motor,Motor,East,2026-09,24556,23841
P03913,Motor,Motor,East,2026-09,16272,15798
P03914,Motor,Motor,East,2026-09,13437,13046
P03915,Motor,Motor,East,2026-09,25984,25227
P03916,Motor,Motor,East,2026-09,5794,5625
P03917,Motor,Motor,East,2026-09,24731,24011
P03918,Motor,Motor,East,2026-09,15328,14882
P03919,Motor,Motor,East,2026-09,15374,14926
P03920,Motor,Motor,East,2026-09,24510,23796
P03921,Motor,Motor,East,2026-09,15452,15002
P03922,Motor,Motor,East,2026-09,13946,13540
P03923,Motor,Motor,East,2026-09,10322,10021
P03924,Motor,Motor,East,2026-09,18761,18215
P03925,Motor,Motor,East,2026-09,16813,16323
P03926,Motor,Motor,East,2026-09,9052,8788
P03927,Motor,Motor,East,2026-09,19867,19288
P03928,Motor,Motor,East,2026-09,18439,17902
P03929,Motor,Motor,East,2026-09,13049,12669
P03930,Motor,Motor,East,2026-09,4465,4335
P03931,Motor,Motor,East,2026-09,14124,13713
P03932,Motor,Motor,East,2026-09,4501,4370
P03933,Motor,Motor,East,2026-09,6007,5832
P03934,Motor,Motor,East,2026-09,13776,13375
P03935,Motor,Motor,East,2026-09,6158,5979
P03936,Motor,Motor,East,2026-09,10391,10088
P03937,Motor,Motor,East,2026-09,18688,18144
P03938,Motor,Motor,East,2026-09,11111,10787
P03939,Motor,Motor,East,2026-09,26163,25401
P03940,Motor,Motor,East,2026-09,24386,23676
P03941,Motor,Motor,East,2026-09,17156,16656
P03942,Motor,Motor,East,2026-09,25492,24750
P03943,Motor,Motor,East,2026-09,23332,22652
P03944,Motor,Motor,East,2026-09,11335,11005
P03945,Motor,Motor,East,2026-09,20744,20140
P03946,Motor,Motor,East,2026-09,7358,7144
P03947,Motor,Motor,East,2026-09,19323,18760
P03948,Motor,Motor,East,2026-09,15097,14657
P03949,Motor,Motor,East,2026-09,4737,4599
P03950,Motor,Motor,East,2026-09,10360,10058
P03951,Motor,Motor,East,2026-09,25239,24504
P03952,Motor,Motor,East,2026-09,11268,10940
P03953,Motor,Motor,East,2026-09,8333,8090
P03954,Motor,Motor,East,2026-09,8466,8219
P03955,Motor,Motor,East,2026-09,14837,14405
P03956,Motor,Motor,East,2026-09,22776,22113
P03957,Motor,Motor,East,2026-09,20928,20318
P03958,Motor,Motor,East,2026-09,13912,13507
P03959,Motor,Motor,East,2026-09,8929,8669
P03960,Motor,Motor,East,2026-09,5376,5219
P03961,Motor,Motor,East,2026-09,14476,14054
P03962,Motor,Motor,East,2026-09,22168,21522
P03963,Motor,Motor,East,2026-09,20310,19718
P03964,Motor,Motor,East,2026-09,13295,12908
P03965,Motor,Motor,East,2026-09,17361,16855
P03966,Motor,Motor,East,2026-09,13899,13494
P03967,Motor,Motor,East,2026-09,17018,16522
P03968,Motor,Motor,East,2026-09,15675,15218
P03969,Motor,Motor,East,2026-09,19245,18684
P03970,Motor,Motor,East,2026-09,15460,15010
P03971,Motor,Motor,East,2026-09,24917,24191
P03972,Motor,Motor,East,2026-09,13720,13320
P03973,Motor,Motor,East,2026-09,4716,4579
P03974,Motor,Motor,East,2026-09,9533,9255
P03975,Motor,Motor,East,2026-09,15305,14859
P03976,Motor,Motor,East,2026-09,16178,15707
P03977,Motor,Motor,East,2026-09,16436,15957
P03978,Motor,Motor,East,2026-09,19979,19397
P03979,Motor,Motor,East,2026-09,10369,10067
P03980,Motor,Motor,East,2026-09,18894,18344
P03981,Motor,Motor,East,2026-09,19749,19174
P03982,Motor,Motor,East,2026-09,13354,12965
P03983,Motor,Motor,East,2026-09,13154,12771
P03984,Motor,Motor,East,2026-09,8278,8037
P03985,Motor,Motor,East,2026-09,13413,13022
P03986,Motor,Motor,East,2026-09,21557,20929
P03987,Motor,Motor,East,2026-09,24226,23520
P03988,Motor,Motor,East,2026-09,17337,16832
P03989,Motor,Motor,East,2026-09,10909,10591
P03990,Motor,Motor,East,2026-09,19273,18712
P03991,Motor,Motor,East,2026-09,20538,19940
P03992,Motor,Motor,East,2026-09,11627,11288
P03993,Motor,Motor,East,2026-09,22425,21772
P03994,Motor,Motor,East,2026-09,5979,5805
P03995,Motor,Motor,East,2026-09,4604,4470
P03996,Motor,Motor,East,2026-09,7056,6850
P03997,Motor,Motor,East,2026-09,7778,7551
P03998,Motor,Motor,East,2026-09,23569,22883
P03999,Motor,Motor,East,2026-09,13653,13255
P04000,Motor,Motor,East,2026-09,10375,10073
P04001,Motor,Motor,East,2026-09,13742,13342
P04002,Motor,Motor,East,2026-09,12994,12616
P04003,Motor,Motor,East,2026-09,10954,10635
P04004,Motor,Motor,East,2026-09,7381,7166
P04005,Motor,Motor,East,2026-09,18698,18153
P04006,Motor,Motor,East,2026-09,7353,7139
P04007,Motor,Motor,East,2026-09,21309,20688
P04008,Motor,Motor,East,2026-09,8775,8519
P04009,Motor,Motor,East,2026-09,20346,19753
P04010,Motor,Motor,East,2026-09,21967,21327
P04011,Motor,Motor,East,2026-09,7107,6900
P04012,Motor,Motor,East,2026-09,6264,6082
P04013,Motor,Motor,East,2026-09,25112,24381
P04014,Motor,Motor,East,2026-09,14485,14063
P04015,Motor,Motor,East,2026-09,18136,17608
P04016,Motor,Motor,East,2026-09,4877,4735
P04017,Motor,Motor,East,2026-09,10458,10153
P04018,Motor,Motor,East,2026-09,15410,14961
P04019,Motor,Motor,East,2026-09,23729,23038
P04020,Motor,Motor,East,2026-09,10299,9999
P04021,Motor,Motor,East,2026-09,21303,20683
P04022,Motor,Motor,East,2026-09,18836,18287
P04023,Motor,Motor,East,2026-09,6888,6687
P04024,Motor,Motor,East,2026-09,10778,10464
P04025,Motor,Motor,East,2026-09,9566,9287
P04026,Motor,Motor,East,2026-09,14036,13627
P04027,Motor,Motor,East,2026-09,18249,17717
P04028,Motor,Motor,East,2026-09,13837,13434
P04029,Motor,Motor,East,2026-09,9711,9428
P04030,Motor,Motor,East,2026-09,19571,19001
P04031,Motor,Motor,East,2026-09,17137,16638
P04032,Motor,Motor,East,2026-09,15714,15256
P04033,Motor,Motor,East,2026-09,16480,16000
P04034,Motor,Motor,East,2026-09,9216,8948
P04035,Motor,Motor,East,2026-09,19233,18673
P04036,Motor,Motor,East,2026-09,12834,12460
P04037,Motor,Motor,East,2026-09,12310,11951
P04038,Motor,Motor,East,2026-09,7640,7417
P04039,Motor,Motor,East,2026-09,17407,16900
P04040,Motor,Motor,East,2026-09,17535,17024
P04041,Motor,Motor,East,2026-09,11803,11459
P04042,Motor,Motor,East,2026-09,23152,22478
P04043,Motor,Motor,East,2026-09,22838,22173
P04044,Motor,Motor,East,2026-09,6752,6555
P04045,Motor,Motor,East,2026-09,19552,18983
P04046,Motor,Motor,East,2026-09,12973,12595
P04047,Motor,Motor,East,2026-09,26208,25445
P04048,Motor,Motor,East,2026-09,9284,9014
P04049,Motor,Motor,East,2026-09,10497,10191
P04050,Motor,Motor,East,2026-09,14027,13618
P04051,Motor,Motor,East,2026-09,10239,9941
P04052,Motor,Motor,East,2026-09,19486,18918
P04053,Motor,Motor,East,2026-09,14874,14441
P04054,Motor,Motor,East,2026-09,9194,8926
P04055,Motor,Motor,East,2026-09,15430,14981
P04056,Motor,Motor,East,2026-09,23785,23092
P04057,Motor,Motor,East,2026-09,21679,21048
P04058,Motor,Motor,East,2026-09,15266,14821
P04059,Motor,Motor,East,2026-09,10671,10360
P04060,Motor,Motor,East,2026-09,8299,8057
P04061,Motor,Motor,East,2026-09,23557,22871
P04062,Motor,Motor,East,2026-09,19883,19304
P04063,Motor,Motor,East,2026-09,16868,16377
P04064,Motor,Motor,East,2026-09,23581,22894
P04065,Motor,Motor,East,2026-09,7028,6823
P04066,Motor,Motor,East,2026-09,19279,18717
P04067,Motor,Motor,East,2026-09,9103,8838
P04068,Motor,Motor,East,2026-09,7003,6799
P04069,Motor,Motor,East,2026-09,14541,14117
P04070,Motor,Motor,East,2026-09,12832,12458
P04071,Motor,Motor,East,2026-09,24929,24203
P04072,Motor,Motor,East,2026-09,11446,11113
P04073,Motor,Motor,East,2026-09,22171,21525
P04074,Motor,Motor,East,2026-09,20728,20124
P04075,Motor,Motor,East,2026-09,18960,18408
P04076,Motor,Motor,East,2026-09,24476,23763
P04077,Motor,Motor,East,2026-09,13280,12893
P04078,Motor,Motor,East,2026-09,12881,12506
P04079,Motor,Motor,East,2026-09,7885,7655
P04080,Motor,Motor,East,2026-09,10393,10090
P04081,Motor,Motor,East,2026-09,23588,22901
P04082,Motor,Motor,East,2026-09,14732,14303
P04083,Motor,Motor,East,2026-09,11826,11482
P04084,Motor,Motor,East,2026-09,9090,8825
P04085,Motor,Motor,East,2026-09,14963,14527
P04086,Motor,Motor,East,2026-09,20025,19442
P04087,Motor,Motor,East,2026-09,10632,10322
P04088,Motor,Motor,East,2026-09,20921,20312
P04089,Motor,Motor,East,2026-09,18127,17599
P04090,Motor,Motor,East,2026-09,21573,20945
P04091,Motor,Motor,East,2026-09,9850,9563
P04092,Motor,Motor,East,2026-09,18154,17625
P04093,Motor,Motor,East,2026-09,7727,7502
P04094,Motor,Motor,East,2026-09,12317,11958
P04095,Motor,Motor,East,2026-09,20193,19605
P04096,Motor,Motor,East,2026-09,18168,17639
P04097,Motor,Motor,East,2026-09,8473,8226
P04098,Motor,Motor,East,2026-09,23119,22446
P04099,Motor,Motor,East,2026-09,5534,5373
P04100,Motor,Motor,East,2026-09,17372,16866
P04101,Motor,Motor,East,2026-09,25861,25108
P04102,Motor,Motor,East,2026-09,15979,15514
P04103,Motor,Motor,East,2026-09,21860,21223
P04104,Motor,Motor,East,2026-09,17371,16865
P04105,Motor,Motor,East,2026-09,21476,20850
P04106,Motor,Motor,East,2026-09,18690,18146
P04107,Motor,Motor,East,2026-09,19467,18900
P04108,Motor,Motor,East,2026-09,9345,9073
P04109,Motor,Motor,East,2026-09,20574,19975
P04110,Motor,Motor,East,2026-09,9567,9288
P04111,Motor,Motor,East,2026-09,25791,25040
P04112,Motor,Motor,East,2026-09,9345,9073
P04113,Motor,Motor,East,2026-09,9540,9262
P04114,Motor,Motor,West,2026-09,15138,14697
P04115,Motor,Motor,West,2026-09,14713,14284
P04116,Motor,Motor,West,2026-09,17158,16658
P04117,Motor,Motor,West,2026-09,13657,13259
P04118,Motor,Motor,West,2026-09,23985,23286
P04119,Motor,Motor,West,2026-09,22280,21631
P04120,Motor,Motor,West,2026-09,23119,22446
P04121,Motor,Motor,West,2026-09,17773,17255
P04122,Motor,Motor,West,2026-09,17890,17369
P04123,Motor,Motor,West,2026-09,17337,16832
P04124,Motor,Motor,West,2026-09,13602,13206
P04125,Motor,Motor,West,2026-09,11186,10860
P04126,Motor,Motor,West,2026-09,16968,16474
P04127,Motor,Motor,West,2026-09,4832,4691
P04128,Motor,Motor,West,2026-09,4444,4315
P04129,Motor,Motor,West,2026-09,22531,21875
P04130,Motor,Motor,West,2026-09,5280,5126
P04131,Motor,Motor,West,2026-09,15528,15076
P04132,Motor,Motor,West,2026-09,17461,16952
P04133,Motor,Motor,West,2026-09,8530,8282
P04134,Motor,Motor,West,2026-09,23476,22792
P04135,Motor,Motor,West,2026-09,8357,8114
P04136,Motor,Motor,West,2026-09,23236,22559
P04137,Motor,Motor,West,2026-09,20632,20031
P04138,Motor,Motor,West,2026-09,9443,9168
P04139,Motor,Motor,West,2026-09,7515,7296
P04140,Motor,Motor,West,2026-09,11060,10738
P04141,Motor,Motor,West,2026-09,12811,12438
P04142,Motor,Motor,West,2026-09,9551,9273
P04143,Motor,Motor,West,2026-09,25686,24938
P04144,Motor,Motor,West,2026-09,9205,8937
P04145,Motor,Motor,West,2026-09,22081,21438
P04146,Motor,Motor,West,2026-09,7694,7470
P04147,Motor,Motor,West,2026-09,25286,24550
P04148,Motor,Motor,West,2026-09,9117,8851
P04149,Motor,Motor,West,2026-09,13320,12932
P04150,Motor,Motor,West,2026-09,16252,15779
P04151,Motor,Motor,West,2026-09,6862,6662
P04152,Motor,Motor,West,2026-09,21786,21151
P04153,Motor,Motor,West,2026-09,10170,9874
P04154,Motor,Motor,West,2026-09,16053,15585
P04155,Motor,Motor,West,2026-09,16061,15593
P04156,Motor,Motor,West,2026-09,17197,16696
P04157,Motor,Motor,West,2026-09,5473,5314
P04158,Motor,Motor,West,2026-09,7898,7668
P04159,Motor,Motor,West,2026-09,7738,7513
P04160,Motor,Motor,West,2026-09,10756,10443
P04161,Motor,Motor,West,2026-09,7389,7174
P04162,Motor,Motor,West,2026-09,24037,23337
P04163,Motor,Motor,West,2026-09,15275,14830
P04164,Motor,Motor,West,2026-09,17645,17131
P04165,Motor,Motor,West,2026-09,11944,11596
P04166,Motor,Motor,West,2026-09,10203,9906
P04167,Motor,Motor,West,2026-09,15066,14627
P04168,Motor,Motor,West,2026-09,10590,10282
P04169,Motor,Motor,West,2026-09,11647,11308
P04170,Motor,Motor,West,2026-09,13985,13578
P04171,Motor,Motor,West,2026-09,15120,14680
P04172,Motor,Motor,West,2026-09,25374,24635
P04173,Motor,Motor,West,2026-09,9069,8805
P04174,Motor,Motor,West,2026-09,14739,14310
P04175,Motor,Motor,West,2026-09,7488,7270
P04176,Motor,Motor,West,2026-09,11783,11440
P04177,Motor,Motor,West,2026-09,19653,19081
P04178,Motor,Motor,West,2026-09,8023,7789
P04179,Motor,Motor,West,2026-09,16741,16253
P04180,Motor,Motor,West,2026-09,13213,12828
P04181,Motor,Motor,West,2026-09,5390,5233
P04182,Motor,Motor,West,2026-09,24276,23569
P04183,Motor,Motor,West,2026-09,13146,12763
P04184,Motor,Motor,West,2026-09,21080,20466
P04185,Motor,Motor,West,2026-09,13205,12820
P04186,Motor,Motor,West,2026-09,24368,23658
P04187,Motor,Motor,West,2026-09,10508,10202
P04188,Motor,Motor,West,2026-09,13117,12735
P04189,Motor,Motor,West,2026-09,20543,19945
P04190,Motor,Motor,West,2026-09,11648,11309
P04191,Motor,Motor,West,2026-09,12091,11739
P04192,Motor,Motor,West,2026-09,25599,24853
P04193,Motor,Motor,West,2026-09,16189,15717
P04194,Motor,Motor,West,2026-09,19055,18500
P04195,Motor,Motor,West,2026-09,18071,17545
P04196,Motor,Motor,West,2026-09,22023,21382
P04197,Motor,Motor,West,2026-09,22750,22087
P04198,Motor,Motor,West,2026-09,16352,15876
P04199,Motor,Motor,West,2026-09,10596,10287
P04200,Motor,Motor,West,2026-09,4773,4634
P04201,Motor,Motor,West,2026-09,17448,16940
P04202,Motor,Motor,West,2026-09,21970,21330
P04203,Motor,Motor,West,2026-09,13938,13532
P04204,Motor,Motor,West,2026-09,7814,7586
P04205,Motor,Motor,West,2026-09,10457,10152
P04206,Motor,Motor,West,2026-09,15211,14768
P04207,Motor,Motor,West,2026-09,22211,21564
P04208,Motor,Motor,West,2026-09,7965,7733
P04209,Motor,Motor,West,2026-09,17400,16893
P04210,Motor,Motor,West,2026-09,20426,19831
P04211,Motor,Motor,West,2026-09,24340,23631
P04212,Motor,Motor,West,2026-09,6786,6588
P04213,Motor,Motor,West,2026-09,24133,23430
P04214,Motor,Motor,West,2026-09,17171,16671
P04215,Motor,Motor,West,2026-09,20711,20108
P04216,Motor,Motor,West,2026-09,5437,5279
P04217,Motor,Motor,West,2026-09,15129,14688
P04218,Motor,Motor,West,2026-09,17624,17111
P04219,Motor,Motor,West,2026-09,10859,10543
P04220,Motor,Motor,West,2026-09,13533,13139
P04221,Motor,Motor,West,2026-09,16161,15690
P04222,Motor,Motor,West,2026-09,16124,15654
P04223,Motor,Motor,West,2026-09,5182,5031
P04224,Motor,Motor,West,2026-09,13701,13302
P04225,Motor,Motor,West,2026-09,8866,8608
P04226,Motor,Motor,West,2026-09,23925,23228
P04227,Motor,Motor,West,2026-09,25208,24474
P04228,Motor,Motor,West,2026-09,10705,10393
P04229,Motor,Motor,West,2026-09,8038,7804
P04230,Motor,Motor,West,2026-09,8988,8726
P04231,Motor,Motor,West,2026-09,14521,14098
P04232,Motor,Motor,West,2026-09,23020,22350
P04233,Motor,Motor,West,2026-09,14998,14561
P04234,Motor,Motor,West,2026-09,5471,5312
P04235,Motor,Motor,West,2026-09,5140,4990
P04236,Motor,Motor,West,2026-09,9157,8890
P04237,Motor,Motor,West,2026-09,22341,21690
P04238,Motor,Motor,West,2026-09,17600,17087
P04239,Motor,Motor,West,2026-09,16346,15870
P04240,Motor,Motor,West,2026-09,11119,10795
P04241,Motor,Motor,West,2026-09,24198,23493
P04242,Motor,Motor,West,2026-09,11380,11049
P04243,Motor,Motor,West,2026-09,22174,21528
P04244,Motor,Motor,West,2026-09,23480,22796
P04245,Motor,Motor,West,2026-09,14640,14214
P04246,Motor,Motor,West,2026-09,23445,22762
P04247,Motor,Motor,West,2026-09,10216,9918
P04248,Motor,Motor,West,2026-09,18392,17856
P04249,Motor,Motor,West,2026-09,6170,5990
P04250,Motor,Motor,West,2026-09,14439,14018
P04251,Motor,Motor,West,2026-09,8941,8681
P04252,Motor,Motor,West,2026-09,5630,5466
P04253,Motor,Motor,West,2026-09,4365,4238
P04254,Motor,Motor,West,2026-09,11242,10915
P04255,Motor,Motor,West,2026-09,16916,16423
P04256,Motor,Motor,West,2026-09,14038,13629
P04257,Motor,Motor,West,2026-09,10750,10437
P04258,Motor,Motor,West,2026-09,25521,24778
P04259,Motor,Motor,West,2026-09,24414,23703
P04260,Motor,Motor,West,2026-09,6977,6774
P04261,Motor,Motor,West,2026-09,13179,12795
P04262,Motor,Motor,West,2026-09,18187,17657
P04263,Motor,Motor,West,2026-09,20000,19417
P04264,Motor,Motor,West,2026-09,12134,11781
P04265,Motor,Motor,West,2026-09,20273,19683
P04266,Motor,Motor,West,2026-09,6945,6743
P04267,Motor,Motor,West,2026-09,11394,11062
P04268,Motor,Motor,West,2026-09,19634,19062
P04269,Motor,Motor,West,2026-09,17690,17175
P04270,Motor,Motor,West,2026-09,22222,21575
P04271,Motor,Motor,West,2026-09,5289,5135
P04272,Motor,Motor,West,2026-09,8022,7788
P04273,Motor,Motor,West,2026-09,5324,5169
P04274,Motor,Motor,West,2026-09,8401,8156
P04275,Motor,Motor,West,2026-09,4376,4249
P04276,Motor,Motor,West,2026-09,15087,14648
P04277,Motor,Motor,West,2026-09,15603,15149
P04278,Motor,Motor,West,2026-09,18380,17845
P04279,Motor,Motor,West,2026-09,12532,12167
P04280,Motor,Motor,West,2026-09,4354,4227
P04281,Motor,Motor,West,2026-09,18723,18178
P04282,Motor,Motor,West,2026-09,5448,5289
P04283,Motor,Motor,West,2026-09,22842,22177
P04284,Motor,Motor,West,2026-09,4770,4631
P04285,Motor,Motor,West,2026-09,15650,15194
P04286,Motor,Motor,West,2026-09,23458,22775
P04287,Motor,Motor,West,2026-09,16550,16068
P04288,Motor,Motor,West,2026-09,17320,16816
P04289,Motor,Motor,West,2026-09,18888,18338
P04290,Motor,Motor,West,2026-09,6907,6706
P04291,Motor,Motor,West,2026-09,18745,18199
P04292,Motor,Motor,West,2026-09,23146,22472
P04293,Motor,Motor,West,2026-09,25158,24425
P04294,Motor,Motor,West,2026-09,13777,13376
P04295,Motor,Motor,West,2026-09,11666,11326
P04296,Motor,Motor,West,2026-09,20425,19830
P04297,Motor,Motor,West,2026-09,15916,15452
P04298,Motor,Motor,West,2026-09,9797,9512
P04299,Motor,Motor,West,2026-09,7973,7741
P04300,Motor,Motor,West,2026-09,7932,7701
P04301,Motor,Motor,West,2026-09,14122,13711
P04302,Motor,Motor,West,2026-09,7930,7699
P04303,Motor,Motor,West,2026-09,4707,4570
P04304,Motor,Motor,West,2026-09,5401,5244
P04305,Motor,Motor,West,2026-09,24207,23502
P04306,Motor,Motor,West,2026-09,5848,5678
P04307,Motor,Motor,West,2026-09,5852,5682
P04308,Motor,Motor,West,2026-09,13951,13545
P04309,Motor,Motor,West,2026-09,9536,9258
P04310,Motor,Motor,West,2026-09,24911,24185
P04311,Motor,Motor,West,2026-09,23802,23109
P04312,Motor,Motor,West,2026-09,12956,12579
P04313,Motor,Motor,West,2026-09,13899,13494
P04314,Motor,Motor,West,2026-09,12322,11963
P04315,Motor,Motor,West,2026-09,5096,4948
P04316,Motor,Motor,West,2026-09,10560,10252
P04317,Motor,Motor,West,2026-09,6913,6712
P04318,Motor,Motor,West,2026-09,6479,6290
P04319,Motor,Motor,West,2026-09,16301,15826
P04320,Motor,Motor,West,2026-09,6401,6215
P04321,Motor,Motor,West,2026-09,6490,6301
P04322,Motor,Motor,West,2026-09,14580,14155
P04323,Motor,Motor,West,2026-09,13761,13360
P04324,Motor,Motor,West,2026-09,7234,7023
P04325,Motor,Motor,West,2026-09,4381,4253
P04326,Motor,Motor,West,2026-09,8419,8174
P04327,Motor,Motor,West,2026-09,9339,9067
P04328,Motor,Motor,West,2026-09,21430,20806
P04329,Motor,Motor,West,2026-09,23898,23202
P04330,Motor,Motor,West,2026-09,12982,12604
P04331,Motor,Motor,West,2026-09,12963,12585
P04332,Motor,Motor,West,2026-09,19549,18980
P04333,Motor,Motor,West,2026-09,17717,17201
P04334,Motor,Motor,West,2026-09,8230,7990
P04335,Motor,Motor,West,2026-09,6592,6400
P04336,Motor,Motor,West,2026-09,13661,13263
P04337,Motor,Motor,West,2026-09,16386,15909
P04338,Motor,Motor,West,2026-09,7256,7045
P04339,Motor,Motor,West,2026-09,10568,10260
P04340,Motor,Motor,West,2026-09,10840,10524
P04341,Motor,Motor,West,2026-09,9883,9595
P04342,Motor,Motor,West,2026-09,14156,13744
P04343,Motor,Motor,West,2026-09,18276,17744
P04344,Motor,Motor,West,2026-09,15199,14756
P04345,Motor,Motor,West,2026-09,8602,8351
P04346,Motor,Motor,West,2026-09,6490,6301
P04347,Motor,Motor,West,2026-09,21894,21256
P04348,Motor,Motor,West,2026-09,14554,14130
P04349,Motor,Motor,West,2026-09,5617,5453
P04350,Motor,Motor,West,2026-09,9815,9529
P04351,Motor,Motor,West,2026-09,21512,20885
P04352,Motor,Motor,West,2026-09,20391,19797
P04353,Motor,Motor,West,2026-09,23049,22378
P04354,Motor,Motor,West,2026-09,17185,16684
P04355,Motor,Motor,West,2026-09,13346,12957
P04356,Motor,Motor,West,2026-09,13425,13034
P04357,Motor,Motor,West,2026-09,8441,8195
P04358,Motor,Motor,West,2026-09,18228,17697
P04359,Motor,Motor,West,2026-09,16820,16330
P04360,Motor,Motor,West,2026-09,7602,7381
P04361,Motor,Motor,West,2026-09,23260,22583
P04362,Motor,Motor,West,2026-09,12180,11825
P04363,Motor,Motor,West,2026-09,5351,5195
P04364,Motor,Motor,West,2026-09,11309,10980
P04365,Motor,Motor,West,2026-09,22922,22254
P04366,Motor,Motor,West,2026-09,23931,23234
P04367,Motor,Motor,West,2026-09,14792,14361
P04368,Motor,Motor,West,2026-09,24775,24053
P04369,Motor,Motor,West,2026-09,23037,22366
P04370,Motor,Motor,West,2026-09,21966,21326
P04371,Motor,Motor,West,2026-09,22704,22043
P04372,Motor,Motor,West,2026-09,12466,12103
P04373,Motor,Motor,West,2026-09,20492,19895
P04374,Motor,Motor,West,2026-09,16654,16169
P04375,Motor,Motor,West,2026-09,19704,19130
P04376,Motor,Motor,West,2026-09,8094,7858
P04377,Motor,Motor,West,2026-09,19955,19374
P04378,Motor,Motor,West,2026-09,24801,24079
P04379,Motor,Motor,West,2026-09,10770,10456
P04380,Motor,Motor,West,2026-09,25413,24673
P04381,Motor,Motor,West,2026-09,12392,12031
P04382,Motor,Motor,West,2026-09,8564,8315
P04383,Motor,Motor,West,2026-09,6691,6496
P04384,Motor,Motor,West,2026-09,21103,20488
P04385,Motor,Motor,West,2026-09,16172,15701
P04386,Motor,Motor,West,2026-09,10865,10549
P04387,Motor,Motor,West,2026-09,17320,16816
P04388,Motor,Motor,West,2026-09,11400,11068
P04389,Motor,Motor,West,2026-09,13891,13486
P04390,Motor,Motor,West,2026-09,22767,22104
P04391,Motor,Motor,West,2026-09,18600,18058
P04392,Motor,Motor,West,2026-09,20620,20019
P04393,Motor,Motor,West,2026-09,16786,16297
P04394,Motor,Motor,West,2026-09,25525,24782
P04395,Motor,Motor,West,2026-09,9457,9182
P04396,Motor,Motor,West,2026-09,9904,9616
P04397,Motor,Motor,West,2026-09,6268,6085
P04398,Motor,Motor,West,2026-09,16155,15684
P04399,Motor,Motor,West,2026-09,17426,16918
P04400,Motor,Motor,West,2026-09,19839,19261
P04401,Motor,Motor,West,2026-09,11472,11138
P04402,Motor,Motor,West,2026-09,4547,4415
P04403,Motor,Motor,West,2026-09,17830,17311
P04404,Motor,Motor,West,2026-09,25682,24934
P04405,Motor,Motor,West,2026-09,10596,10287
P04406,Motor,Motor,West,2026-09,8226,7986
P04407,Motor,Motor,West,2026-09,10322,10021
P04408,Motor,Motor,West,2026-09,13399,13009
P04409,Motor,Motor,West,2026-09,9660,9379
P04410,Motor,Motor,West,2026-09,11718,11377
P04411,Motor,Motor,West,2026-09,17958,17435
P04412,Motor,Motor,West,2026-09,11677,11337
P04413,Motor,Motor,West,2026-09,12770,12398
P04414,Motor,Motor,West,2026-09,5143,4993
P04415,Motor,Motor,West,2026-09,23952,23254
P04416,Motor,Motor,West,2026-09,13003,12624
P04417,Motor,Motor,West,2026-09,11316,10986
P04418,Motor,Motor,West,2026-09,6138,5959
P04419,Motor,Motor,West,2026-09,17873,17352
P04420,Motor,Motor,West,2026-09,22792,22128
P04421,Motor,Motor,West,2026-09,5166,5016
P04422,Motor,Motor,West,2026-09,7397,7182
P04423,Motor,Motor,West,2026-09,7421,7205
P04424,Motor,Motor,West,2026-09,17189,16688
P04425,Motor,Motor,West,2026-09,24022,23322
P04426,Motor,Motor,West,2026-09,13664,13266
P04427,Motor,Motor,West,2026-09,11651,11312
P04428,Motor,Motor,West,2026-09,20693,20090
P04429,Motor,Motor,West,2026-09,20194,19606
P04430,Motor,Motor,West,2026-09,9572,9293
P04431,Motor,Motor,West,2026-09,7730,7505
P04432,Motor,Motor,West,2026-09,11951,11603
P04433,Motor,Motor,West,2026-09,20902,20293
P04434,Motor,Motor,West,2026-09,19177,18618
P04435,Motor,Motor,West,2026-09,18550,18010
P04436,Motor,Motor,West,2026-09,22055,21413
P04437,Motor,Motor,West,2026-09,10223,9925
P04438,Motor,Motor,West,2026-09,11563,11226
P04439,Motor,Motor,West,2026-09,5192,5041
P04440,Motor,Motor,West,2026-09,22898,22231
P04441,Motor,Motor,West,2026-09,16763,16275
P04442,Motor,Motor,West,2026-09,10672,10361
P04443,Motor,Motor,West,2026-09,5772,5604
P04444,Motor,Motor,West,2026-09,19784,19208
P04445,Motor,Motor,West,2026-09,20326,19734
P04446,Motor,Motor,West,2026-09,18558,18017
P04447,Motor,Motor,West,2026-09,8651,8399
P04448,Motor,Motor,West,2026-09,23851,23156
P04449,Motor,Motor,West,2026-09,20421,19826
P04450,Motor,Motor,West,2026-09,18377,17842
P04451,Motor,Motor,West,2026-09,18231,17700
P04452,Motor,Motor,West,2026-09,23660,22971
P04453,Motor,Motor,West,2026-09,24174,23470
P04454,Motor,Motor,West,2026-09,17046,16550
P04455,Motor,Motor,West,2026-09,13212,12827
P04456,Motor,Motor,West,2026-09,12078,11726
P04457,Motor,Motor,West,2026-09,21834,21198
P04458,Motor,Motor,West,2026-09,18095,17568
P04459,Motor,Motor,West,2026-09,5940,5767
P04460,Motor,Motor,West,2026-09,7332,7118
P04461,Motor,Motor,West,2026-09,23572,22885
P04462,Motor,Motor,West,2026-09,23235,22558
P04463,Motor,Motor,West,2026-09,24678,23959
P04464,Motor,Motor,West,2026-09,13452,13060
P04465,Motor,Motor,West,2026-09,21083,20469
P04466,Motor,Motor,West,2026-09,22030,21388
P04467,Motor,Motor,West,2026-09,11049,10727
P04468,Motor,Motor,West,2026-09,7398,7183
P04469,Motor,Motor,West,2026-09,25646,24899
P04470,Motor,Motor,West,2026-09,4933,4789
P04471,Motor,Motor,West,2026-09,17083,16585
P04472,Motor,Motor,West,2026-09,18216,17685
P04473,Motor,Motor,West,2026-09,18892,18342
P04474,Motor,Motor,West,2026-09,9761,9477
P04475,Motor,Motor,West,2026-09,19745,19170
P04476,Motor,Motor,West,2026-09,8921,8661
P04477,Motor,Motor,West,2026-09,22047,21405
P04478,Motor,Motor,West,2026-09,8980,8718
P04479,Motor,Motor,West,2026-09,19212,18652
P04480,Motor,Motor,West,2026-09,21070,20456
P04481,Motor,Motor,West,2026-09,8333,8090
P04482,Motor,Motor,West,2026-09,9383,9110
P04483,Motor,Motor,West,2026-09,20977,20366
P04484,Motor,Motor,West,2026-09,6127,5949
P04485,Motor,Motor,West,2026-09,8372,8128
P04486,Motor,Motor,West,2026-09,14045,13636
P04487,Motor,Motor,West,2026-09,24214,23509
P04488,Motor,Motor,West,2026-09,16323,15848
P04489,Motor,Motor,West,2026-09,12591,12224
P04490,Motor,Motor,West,2026-09,25246,24511
P04491,Motor,Motor,West,2026-09,14220,13806
P04492,Motor,Motor,West,2026-09,13577,13182
P04493,Motor,Motor,West,2026-09,13105,12723
P04494,Motor,Motor,West,2026-09,10974,10654
P04495,Motor,Motor,West,2026-09,11263,10935
P04496,Motor,Motor,West,2026-09,19022,18468
P04497,Motor,Motor,West,2026-09,5160,5010
P04498,Motor,Motor,West,2026-09,18892,18342
P04499,Motor,Motor,West,2026-09,8595,8345
P04500,Motor,Motor,West,2026-09,12517,12152
P04501,Motor,Motor,West,2026-09,7424,7208
P04502,Motor,Motor,West,2026-09,16128,15658
P04503,Motor,Motor,West,2026-09,19911,19331
P04504,Motor,Motor,West,2026-09,11883,11537
P04505,Motor,Motor,West,2026-09,7786,7559
P04506,Motor,Motor,West,2026-09,9138,8872
P04507,Motor,Motor,West,2026-09,21812,21177
P04508,Motor,Motor,West,2026-09,10019,9727
P04509,Motor,Motor,West,2026-09,20883,20275
P04510,Motor,Motor,West,2026-09,11380,11049
P04511,Motor,Motor,West,2026-09,8329,8086
P04512,Motor,Motor,West,2026-09,19868,19289
P04513,Motor,Motor,West,2026-09,14323,13906
P04514,Motor,Motor,West,2026-09,4955,4811
P04515,Motor,Motor,West,2026-09,24852,24128
P04516,Motor,Motor,West,2026-09,7451,7234
P04517,Motor,Motor,West,2026-09,11856,11511
P04518,Motor,Motor,West,2026-09,12529,12164
P04519,Motor,Motor,West,2026-09,14771,14341
P04520,Motor,Motor,West,2026-09,21113,20498
P04521,Motor,Motor,West,2026-09,4416,4287
P04522,Motor,Motor,West,2026-09,24263,23556
P04523,Motor,Motor,West,2026-09,18125,17597
P04524,Health,Health,North,2026-09,16490,16010
P04525,Health,Health,North,2026-09,16963,16469
P04526,Health,Health,North,2026-09,32474,31528
P04527,Health,Health,North,2026-09,33335,32364
P04528,Health,Health,North,2026-09,32374,31431
P04529,Health,Health,North,2026-09,10282,9983
P04530,Health,Health,North,2026-09,18339,17805
P04531,Health,Health,North,2026-09,28340,27515
P04532,Health,Health,North,2026-09,15358,14911
P04533,Health,Health,North,2026-09,25864,25111
P04534,Health,Health,North,2026-09,13097,12716
P04535,Health,Health,North,2026-09,15683,15226
P04536,Health,Health,North,2026-09,31772,30847
P04537,Health,Health,North,2026-09,13498,13105
P04538,Health,Health,North,2026-09,34885,33869
P04539,Health,Health,North,2026-09,15169,14727
P04540,Health,Health,North,2026-09,6697,6502
P04541,Health,Health,North,2026-09,13630,13233
P04542,Health,Health,North,2026-09,11122,10798
P04543,Health,Health,North,2026-09,21178,20561
P04544,Health,Health,North,2026-09,9370,9097
P04545,Health,Health,North,2026-09,24750,24029
P04546,Health,Health,North,2026-09,32206,31268
P04547,Health,Health,North,2026-09,16854,16363
P04548,Health,Health,North,2026-09,11041,10719
P04549,Health,Health,North,2026-09,17978,17454
P04550,Health,Health,North,2026-09,29541,28681
P04551,Health,Health,North,2026-09,23714,23023
P04552,Health,Health,North,2026-09,9023,8760
P04553,Health,Health,North,2026-09,22087,21444
P04554,Health,Health,North,2026-09,20017,19434
P04555,Health,Health,North,2026-09,15793,15333
P04556,Health,Health,North,2026-09,9293,9022
P04557,Health,Health,North,2026-09,35388,34357
P04558,Health,Health,North,2026-09,11267,10939
P04559,Health,Health,North,2026-09,11767,11424
P04560,Health,Health,North,2026-09,10355,10053
P04561,Health,Health,North,2026-09,23076,22404
P04562,Health,Health,North,2026-09,19286,18724
P04563,Health,Health,North,2026-09,13469,13077
P04564,Health,Health,North,2026-09,18858,18309
P04565,Health,Health,North,2026-09,26172,25410
P04566,Health,Health,North,2026-09,14432,14012
P04567,Health,Health,North,2026-09,33414,32441
P04568,Health,Health,North,2026-09,15171,14729
P04569,Health,Health,North,2026-09,11930,11583
P04570,Health,Health,North,2026-09,34593,33585
P04571,Health,Health,North,2026-09,30278,29396
P04572,Health,Health,North,2026-09,16273,15799
P04573,Health,Health,North,2026-09,31203,30294
P04574,Health,Health,North,2026-09,21537,20910
P04575,Health,Health,North,2026-09,16381,15904
P04576,Health,Health,North,2026-09,31148,30241
P04577,Health,Health,North,2026-09,28528,27697
P04578,Health,Health,North,2026-09,14917,14483
P04579,Health,Health,North,2026-09,24169,23465
P04580,Health,Health,North,2026-09,17060,16563
P04581,Health,Health,North,2026-09,6023,5848
P04582,Health,Health,North,2026-09,34810,33796
P04583,Health,Health,North,2026-09,22460,21806
P04584,Health,Health,North,2026-09,23923,23226
P04585,Health,Health,North,2026-09,23966,23268
P04586,Health,Health,North,2026-09,22490,21835
P04587,Health,Health,North,2026-09,14683,14255
P04588,Health,Health,North,2026-09,35102,34080
P04589,Health,Health,North,2026-09,24618,23901
P04590,Health,Health,North,2026-09,26094,25334
P04591,Health,Health,North,2026-09,19618,19047
P04592,Health,Health,North,2026-09,14617,14191
P04593,Health,Health,North,2026-09,7921,7690
P04594,Health,Health,North,2026-09,16486,16006
P04595,Health,Health,North,2026-09,11268,10940
P04596,Health,Health,North,2026-09,25829,25077
P04597,Health,Health,North,2026-09,32329,31387
P04598,Health,Health,North,2026-09,15064,14625
P04599,Health,Health,North,2026-09,15966,15501
P04600,Health,Health,North,2026-09,26078,25318
P04601,Health,Health,North,2026-09,10465,10160
P04602,Health,Health,North,2026-09,33840,32854
P04603,Health,Health,North,2026-09,16894,16402
P04604,Health,Health,North,2026-09,9025,8762
P04605,Health,Health,North,2026-09,11226,10899
P04606,Health,Health,North,2026-09,33938,32950
P04607,Health,Health,North,2026-09,13396,13006
P04608,Health,Health,North,2026-09,25834,25082
P04609,Health,Health,North,2026-09,10671,10360
P04610,Health,Health,North,2026-09,11808,11464
P04611,Health,Health,North,2026-09,32336,31394
P04612,Health,Health,North,2026-09,10428,10124
P04613,Health,Health,North,2026-09,6554,6363
P04614,Health,Health,North,2026-09,21010,20398
P04615,Health,Health,North,2026-09,31841,30914
P04616,Health,Health,North,2026-09,15759,15300
P04617,Health,Health,North,2026-09,9832,9546
P04618,Health,Health,North,2026-09,35422,34390
P04619,Health,Health,North,2026-09,26268,25503
P04620,Health,Health,North,2026-09,31480,30563
P04621,Health,Health,North,2026-09,28528,27697
P04622,Health,Health,North,2026-09,26913,26129
P04623,Health,Health,North,2026-09,17514,17004
P04624,Health,Health,North,2026-09,15710,15252
P04625,Health,Health,North,2026-09,27473,26673
P04626,Health,Health,North,2026-09,27466,26666
P04627,Health,Health,North,2026-09,34473,33469
P04628,Health,Health,North,2026-09,23030,22359
P04629,Health,Health,North,2026-09,14820,14388
P04630,Health,Health,North,2026-09,20660,20058
P04631,Health,Health,North,2026-09,24380,23670
P04632,Health,Health,North,2026-09,18778,18231
P04633,Health,Health,North,2026-09,29696,28831
P04634,Health,Health,North,2026-09,23509,22824
P04635,Health,Health,North,2026-09,6275,6092
P04636,Health,Health,North,2026-09,23066,22394
P04637,Health,Health,North,2026-09,24976,24249
P04638,Health,Health,North,2026-09,33415,32442
P04639,Health,Health,North,2026-09,18388,17852
P04640,Health,Health,North,2026-09,23204,22528
P04641,Health,Health,North,2026-09,20224,19635
P04642,Health,Health,North,2026-09,21921,21283
P04643,Health,Health,North,2026-09,8009,7776
P04644,Health,Health,North,2026-09,32877,31919
P04645,Health,Health,North,2026-09,33270,32301
P04646,Health,Health,North,2026-09,22413,21760
P04647,Health,Health,North,2026-09,22667,22007
P04648,Health,Health,North,2026-09,7717,7492
P04649,Health,Health,North,2026-09,23907,23211
P04650,Health,Health,North,2026-09,18850,18301
P04651,Health,Health,North,2026-09,27236,26443
P04652,Health,Health,North,2026-09,7405,7189
P04653,Health,Health,North,2026-09,27292,26497
P04654,Health,Health,North,2026-09,14588,14163
P04655,Health,Health,North,2026-09,25518,24775
P04656,Health,Health,North,2026-09,24782,24060
P04657,Health,Health,North,2026-09,12788,12416
P04658,Health,Health,North,2026-09,19189,18630
P04659,Health,Health,North,2026-09,31029,30125
P04660,Health,Health,North,2026-09,24137,23434
P04661,Health,Health,North,2026-09,8052,7817
P04662,Health,Health,North,2026-09,19263,18702
P04663,Health,Health,North,2026-09,15334,14887
P04664,Health,Health,North,2026-09,25217,24483
P04665,Health,Health,North,2026-09,24406,23695
P04666,Health,Health,North,2026-09,6304,6120
P04667,Health,Health,North,2026-09,24200,23495
P04668,Health,Health,North,2026-09,28010,27194
P04669,Health,Health,North,2026-09,29024,28179
P04670,Health,Health,North,2026-09,7759,7533
P04671,Health,Health,North,2026-09,15091,14651
P04672,Health,Health,North,2026-09,18614,18072
P04673,Health,Health,North,2026-09,11378,11047
P04674,Health,Health,North,2026-09,18598,18056
P04675,Health,Health,North,2026-09,8124,7887
P04676,Health,Health,North,2026-09,9384,9111
P04677,Health,Health,North,2026-09,26027,25269
P04678,Health,Health,North,2026-09,13860,13456
P04679,Health,Health,North,2026-09,27307,26512
P04680,Health,Health,North,2026-09,7434,7217
P04681,Health,Health,North,2026-09,22852,22186
P04682,Health,Health,North,2026-09,17721,17205
P04683,Health,Health,North,2026-09,29871,29001
P04684,Health,Health,North,2026-09,29481,28622
P04685,Health,Health,North,2026-09,17244,16742
P04686,Health,Health,North,2026-09,24650,23932
P04687,Health,Health,North,2026-09,12810,12437
P04688,Health,Health,North,2026-09,23382,22701
P04689,Health,Health,North,2026-09,8427,8182
P04690,Health,Health,North,2026-09,19014,18460
P04691,Health,Health,North,2026-09,11467,11133
P04692,Health,Health,North,2026-09,32459,31514
P04693,Health,Health,North,2026-09,19322,18759
P04694,Health,Health,North,2026-09,23693,23003
P04695,Health,Health,North,2026-09,16790,16301
P04696,Health,Health,North,2026-09,14644,14217
P04697,Health,Health,North,2026-09,12072,11720
P04698,Health,Health,North,2026-09,33313,32343
P04699,Health,Health,North,2026-09,29945,29073
P04700,Health,Health,North,2026-09,9985,9694
P04701,Health,Health,North,2026-09,28365,27539
P04702,Health,Health,North,2026-09,18532,17992
P04703,Health,Health,North,2026-09,6454,6266
P04704,Health,Health,North,2026-09,21823,21187
P04705,Health,Health,North,2026-09,9889,9601
P04706,Health,Health,North,2026-09,12283,11925
P04707,Health,Health,North,2026-09,26847,26065
P04708,Health,Health,North,2026-09,13697,13298
P04709,Health,Health,North,2026-09,32715,31762
P04710,Health,Health,North,2026-09,25682,24934
P04711,Health,Health,North,2026-09,30929,30028
P04712,Health,Health,North,2026-09,24424,23713
P04713,Health,Health,North,2026-09,32025,31092
P04714,Health,Health,North,2026-09,16829,16339
P04715,Health,Health,North,2026-09,22446,21792
P04716,Health,Health,North,2026-09,21449,20824
P04717,Health,Health,North,2026-09,33071,32108
P04718,Health,Health,North,2026-09,10933,10615
P04719,Health,Health,North,2026-09,23312,22633
P04720,Health,Health,North,2026-09,28596,27763
P04721,Health,Health,North,2026-09,17079,16582
P04722,Health,Health,North,2026-09,31987,31055
P04723,Health,Health,North,2026-09,17168,16668
P04724,Health,Health,North,2026-09,11185,10859
P04725,Health,Health,North,2026-09,23491,22807
P04726,Health,Health,North,2026-09,18594,18052
P04727,Health,Health,North,2026-09,6448,6260
P04728,Health,Health,North,2026-09,8084,7849
P04729,Health,Health,North,2026-09,11843,11498
P04730,Health,Health,North,2026-09,29043,28197
P04731,Health,Health,North,2026-09,32719,31766
P04732,Health,Health,North,2026-09,22341,21690
P04733,Health,Health,North,2026-09,9156,8889
P04734,Health,Health,North,2026-09,22004,21363
P04735,Health,Health,North,2026-09,31627,30706
P04736,Health,Health,North,2026-09,28448,27619
P04737,Health,Health,North,2026-09,14714,14285
P04738,Health,Health,North,2026-09,9705,9422
P04739,Health,Health,North,2026-09,32979,32018
P04740,Health,Health,North,2026-09,31582,30662
P04741,Health,Health,North,2026-09,7601,7380
P04742,Health,Health,North,2026-09,30671,29778
P04743,Health,Health,North,2026-09,8905,8646
P04744,Health,Health,North,2026-09,7889,7659
P04745,Health,Health,North,2026-09,28722,27885
P04746,Health,Health,North,2026-09,22061,21418
P04747,Health,Health,North,2026-09,18413,17877
P04748,Health,Health,North,2026-09,33073,32110
P04749,Health,Health,North,2026-09,31139,30232
P04750,Health,Health,North,2026-09,7719,7494
P04751,Health,Health,North,2026-09,24451,23739
P04752,Health,Health,North,2026-09,29130,28282
P04753,Health,Health,North,2026-09,22486,21831
P04754,Health,Health,North,2026-09,35444,34412
P04755,Health,Health,North,2026-09,26547,25774
P04756,Health,Health,North,2026-09,9112,8847
P04757,Health,Health,North,2026-09,11934,11586
P04758,Health,Health,North,2026-09,30748,29852
P04759,Health,Health,North,2026-09,35856,34812
P04760,Health,Health,North,2026-09,8938,8678
P04761,Health,Health,North,2026-09,8998,8736
P04762,Health,Health,North,2026-09,28865,28024
P04763,Health,Health,North,2026-09,7921,7690
P04764,Health,Health,South,2026-09,8526,8278
P04765,Health,Health,South,2026-09,24139,23436
P04766,Health,Health,South,2026-09,10225,9927
P04767,Health,Health,South,2026-09,20672,20070
P04768,Health,Health,South,2026-09,13112,12730
P04769,Health,Health,South,2026-09,7549,7329
P04770,Health,Health,South,2026-09,8350,8107
P04771,Health,Health,South,2026-09,33127,32162
P04772,Health,Health,South,2026-09,28169,27349
P04773,Health,Health,South,2026-09,33751,32768
P04774,Health,Health,South,2026-09,19979,19397
P04775,Health,Health,South,2026-09,18289,17756
P04776,Health,Health,South,2026-09,16652,16167
P04777,Health,Health,South,2026-09,24343,23634
P04778,Health,Health,South,2026-09,16448,15969
P04779,Health,Health,South,2026-09,28218,27396
P04780,Health,Health,South,2026-09,29860,28990
P04781,Health,Health,South,2026-09,32082,31148
P04782,Health,Health,South,2026-09,13205,12820
P04783,Health,Health,South,2026-09,21680,21049
P04784,Health,Health,South,2026-09,12627,12259
P04785,Health,Health,South,2026-09,7084,6878
P04786,Health,Health,South,2026-09,27071,26283
P04787,Health,Health,South,2026-09,22335,21684
P04788,Health,Health,South,2026-09,27551,26749
P04789,Health,Health,South,2026-09,8577,8327
P04790,Health,Health,South,2026-09,35651,34613
P04791,Health,Health,South,2026-09,35616,34579
P04792,Health,Health,South,2026-09,19831,19253
P04793,Health,Health,South,2026-09,31790,30864
P04794,Health,Health,South,2026-09,13227,12842
P04795,Health,Health,South,2026-09,27958,27144
P04796,Health,Health,South,2026-09,32182,31245
P04797,Health,Health,South,2026-09,30257,29376
P04798,Health,Health,South,2026-09,30172,29293
P04799,Health,Health,South,2026-09,19772,19196
P04800,Health,Health,South,2026-09,30417,29531
P04801,Health,Health,South,2026-09,26561,25787
P04802,Health,Health,South,2026-09,9914,9625
P04803,Health,Health,South,2026-09,9369,9096
P04804,Health,Health,South,2026-09,28983,28139
P04805,Health,Health,South,2026-09,24616,23899
P04806,Health,Health,South,2026-09,21452,20827
P04807,Health,Health,South,2026-09,33019,32057
P04808,Health,Health,South,2026-09,25634,24887
P04809,Health,Health,South,2026-09,17778,17260
P04810,Health,Health,South,2026-09,18307,17774
P04811,Health,Health,South,2026-09,24012,23313
P04812,Health,Health,South,2026-09,28636,27802
P04813,Health,Health,South,2026-09,22793,22129
P04814,Health,Health,South,2026-09,21136,20520
P04815,Health,Health,South,2026-09,27640,26835
P04816,Health,Health,South,2026-09,26995,26209
P04817,Health,Health,South,2026-09,30725,29830
P04818,Health,Health,South,2026-09,7829,7601
P04819,Health,Health,South,2026-09,28477,27648
P04820,Health,Health,South,2026-09,21285,20665
P04821,Health,Health,South,2026-09,8192,7953
P04822,Health,Health,South,2026-09,26212,25449
P04823,Health,Health,South,2026-09,27331,26535
P04824,Health,Health,South,2026-09,21578,20950
P04825,Health,Health,South,2026-09,29635,28772
P04826,Health,Health,South,2026-09,14917,14483
P04827,Health,Health,South,2026-09,11985,11636
P04828,Health,Health,South,2026-09,16423,15945
P04829,Health,Health,South,2026-09,18192,17662
P04830,Health,Health,South,2026-09,26717,25939
P04831,Health,Health,South,2026-09,31178,30270
P04832,Health,Health,South,2026-09,27462,26662
P04833,Health,Health,South,2026-09,11153,10828
P04834,Health,Health,South,2026-09,16885,16393
P04835,Health,Health,South,2026-09,10688,10377
P04836,Health,Health,South,2026-09,26442,25672
P04837,Health,Health,South,2026-09,13364,12975
P04838,Health,Health,South,2026-09,21631,21001
P04839,Health,Health,South,2026-09,29576,28715
P04840,Health,Health,South,2026-09,25971,25215
P04841,Health,Health,South,2026-09,14862,14429
P04842,Health,Health,South,2026-09,15890,15427
P04843,Health,Health,South,2026-09,25447,24706
P04844,Health,Health,South,2026-09,22349,21698
P04845,Health,Health,South,2026-09,8838,8581
P04846,Health,Health,South,2026-09,32027,31094
P04847,Health,Health,South,2026-09,21250,20631
P04848,Health,Health,South,2026-09,20080,19495
P04849,Health,Health,South,2026-09,11882,11536
P04850,Health,Health,South,2026-09,17206,16705
P04851,Health,Health,South,2026-09,15889,15426
P04852,Health,Health,South,2026-09,14038,13629
P04853,Health,Health,South,2026-09,22885,22218
P04854,Health,Health,South,2026-09,19749,19174
P04855,Health,Health,South,2026-09,32480,31534
P04856,Health,Health,South,2026-09,34035,33044
P04857,Health,Health,South,2026-09,12509,12145
P04858,Health,Health,South,2026-09,8950,8689
P04859,Health,Health,South,2026-09,29383,28527
P04860,Health,Health,South,2026-09,35631,34593
P04861,Health,Health,South,2026-09,31717,30793
P04862,Health,Health,South,2026-09,6670,6476
P04863,Health,Health,South,2026-09,13457,13065
P04864,Health,Health,South,2026-09,7256,7045
P04865,Health,Health,South,2026-09,30440,29553
P04866,Health,Health,South,2026-09,23302,22623
P04867,Health,Health,South,2026-09,21283,20663
P04868,Health,Health,South,2026-09,22498,21843
P04869,Health,Health,South,2026-09,13492,13099
P04870,Health,Health,South,2026-09,23905,23209
P04871,Health,Health,South,2026-09,6878,6678
P04872,Health,Health,South,2026-09,25229,24494
P04873,Health,Health,South,2026-09,27866,27054
P04874,Health,Health,South,2026-09,26034,25276
P04875,Health,Health,South,2026-09,15868,15406
P04876,Health,Health,South,2026-09,30603,29712
P04877,Health,Health,South,2026-09,27302,26507
P04878,Health,Health,South,2026-09,9790,9505
P04879,Health,Health,South,2026-09,11783,11440
P04880,Health,Health,South,2026-09,24963,24236
P04881,Health,Health,South,2026-09,14594,14169
P04882,Health,Health,South,2026-09,9525,9248
P04883,Health,Health,South,2026-09,10585,10277
P04884,Health,Health,South,2026-09,10903,10585
P04885,Health,Health,South,2026-09,20212,19623
P04886,Health,Health,South,2026-09,24076,23375
P04887,Health,Health,South,2026-09,11225,10898
P04888,Health,Health,South,2026-09,27211,26418
P04889,Health,Health,South,2026-09,14344,13926
P04890,Health,Health,South,2026-09,15255,14811
P04891,Health,Health,South,2026-09,12629,12261
P04892,Health,Health,South,2026-09,29379,28523
P04893,Health,Health,South,2026-09,34586,33579
P04894,Health,Health,South,2026-09,20650,20049
P04895,Health,Health,South,2026-09,7217,7007
P04896,Health,Health,South,2026-09,13734,13334
P04897,Health,Health,South,2026-09,10677,10366
P04898,Health,Health,South,2026-09,31096,30190
P04899,Health,Health,South,2026-09,8494,8247
P04900,Health,Health,South,2026-09,34785,33772
P04901,Health,Health,South,2026-09,23514,22829
P04902,Health,Health,South,2026-09,21403,20780
P04903,Health,Health,South,2026-09,31233,30323
P04904,Health,Health,South,2026-09,6786,6588
P04905,Health,Health,South,2026-09,29139,28290
P04906,Health,Health,South,2026-09,9441,9166
P04907,Health,Health,South,2026-09,31036,30132
P04908,Health,Health,South,2026-09,21744,21111
P04909,Health,Health,South,2026-09,7787,7560
P04910,Health,Health,South,2026-09,30811,29914
P04911,Health,Health,South,2026-09,6778,6581
P04912,Health,Health,South,2026-09,10090,9796
P04913,Health,Health,South,2026-09,29756,28889
P04914,Health,Health,South,2026-09,19826,19249
P04915,Health,Health,South,2026-09,32247,31308
P04916,Health,Health,South,2026-09,24913,24187
P04917,Health,Health,South,2026-09,24558,23843
P04918,Health,Health,South,2026-09,14679,14251
P04919,Health,Health,South,2026-09,9951,9661
P04920,Health,Health,South,2026-09,34627,33618
P04921,Health,Health,South,2026-09,9089,8824
P04922,Health,Health,South,2026-09,21739,21106
P04923,Health,Health,South,2026-09,14092,13682
P04924,Health,Health,South,2026-09,13841,13438
P04925,Health,Health,South,2026-09,23695,23005
P04926,Health,Health,South,2026-09,29759,28892
P04927,Health,Health,South,2026-09,29140,28291
P04928,Health,Health,South,2026-09,31872,30944
P04929,Health,Health,South,2026-09,14698,14270
P04930,Health,Health,South,2026-09,19853,19275
P04931,Health,Health,South,2026-09,6243,6061
P04932,Health,Health,South,2026-09,28235,27413
P04933,Health,Health,South,2026-09,14980,14544
P04934,Health,Health,South,2026-09,22708,22047
P04935,Health,Health,South,2026-09,11013,10692
P04936,Health,Health,South,2026-09,30398,29513
P04937,Health,Health,South,2026-09,30336,29452
P04938,Health,Health,South,2026-09,32130,31194
P04939,Health,Health,South,2026-09,7334,7120
P04940,Health,Health,South,2026-09,35560,34524
P04941,Health,Health,South,2026-09,13353,12964
P04942,Health,Health,South,2026-09,15191,14749
P04943,Health,Health,South,2026-09,13399,13009
P04944,Health,Health,South,2026-09,13942,13536
P04945,Health,Health,South,2026-09,22445,21791
P04946,Health,Health,South,2026-09,13115,12733
P04947,Health,Health,South,2026-09,17707,17191
P04948,Health,Health,South,2026-09,25514,24771
P04949,Health,Health,South,2026-09,30895,29995
P04950,Health,Health,South,2026-09,26621,25846
P04951,Health,Health,South,2026-09,23687,22997
P04952,Health,Health,South,2026-09,10369,10067
P04953,Health,Health,South,2026-09,30301,29418
P04954,Health,Health,South,2026-09,7076,6870
P04955,Health,Health,South,2026-09,13842,13439
P04956,Health,Health,South,2026-09,7665,7442
P04957,Health,Health,South,2026-09,25867,25114
P04958,Health,Health,South,2026-09,16949,16455
P04959,Health,Health,South,2026-09,25408,24668
P04960,Health,Health,South,2026-09,16313,15838
P04961,Health,Health,South,2026-09,19555,18985
P04962,Health,Health,South,2026-09,19620,19049
P04963,Health,Health,South,2026-09,7323,7110
P04964,Health,Health,South,2026-09,18793,18246
P04965,Health,Health,South,2026-09,25080,24350
P04966,Health,Health,South,2026-09,22248,21600
P04967,Health,Health,South,2026-09,8209,7970
P04968,Health,Health,South,2026-09,25886,25132
P04969,Health,Health,South,2026-09,15174,14732
P04970,Health,Health,South,2026-09,6394,6208
P04971,Health,Health,South,2026-09,10604,10295
P04972,Health,Health,South,2026-09,20802,20196
P04973,Health,Health,South,2026-09,15220,14777
P04974,Health,Health,South,2026-09,26671,25894
P04975,Health,Health,South,2026-09,13141,12758
P04976,Health,Health,South,2026-09,29009,28164
P04977,Health,Health,South,2026-09,14507,14084
P04978,Health,Health,South,2026-09,24478,23765
P04979,Health,Health,South,2026-09,29797,28929
P04980,Health,Health,South,2026-09,17462,16953
P04981,Health,Health,South,2026-09,7359,7145
P04982,Health,Health,South,2026-09,21931,21292
P04983,Health,Health,South,2026-09,35647,34609
P04984,Health,Health,South,2026-09,34859,33844
P04985,Health,Health,South,2026-09,12555,12189
P04986,Health,Health,South,2026-09,28499,27669
P04987,Health,Health,South,2026-09,16250,15777
P04988,Health,Health,South,2026-09,10744,10431
P04989,Health,Health,South,2026-09,25822,25070
P04990,Health,Health,South,2026-09,20900,20291
P04991,Health,Health,South,2026-09,22044,21402
P04992,Health,Health,South,2026-09,30637,29745
P04993,Health,Health,South,2026-09,16000,15534
P04994,Health,Health,East,2026-09,11188,10862
P04995,Health,Health,East,2026-09,32121,31185
P04996,Health,Health,East,2026-09,29627,28764
P04997,Health,Health,East,2026-09,36059,35009
P04998,Health,Health,East,2026-09,37008,35930
P04999,Health,Health,East,2026-09,34318,33318
P05000,Health,Health,East,2026-09,10450,10146
P05001,Health,Health,East,2026-09,33850,32864
P05002,Health,Health,East,2026-09,32603,31653
P05003,Health,Health,East,2026-09,33621,32642
P05004,Health,Health,East,2026-09,11040,10718
P05005,Health,Health,East,2026-09,9944,9654
P05006,Health,Health,East,2026-09,35276,34249
P05007,Health,Health,East,2026-09,11735,11393
P05008,Health,Health,East,2026-09,17849,17329
P05009,Health,Health,East,2026-09,20591,19991
P05010,Health,Health,East,2026-09,10185,9888
P05011,Health,Health,East,2026-09,6926,6724
P05012,Health,Health,East,2026-09,37482,36390
P05013,Health,Health,East,2026-09,33796,32812
P05014,Health,Health,East,2026-09,34916,33899
P05015,Health,Health,East,2026-09,15210,14767
P05016,Health,Health,East,2026-09,13187,12803
P05017,Health,Health,East,2026-09,19646,19074
P05018,Health,Health,East,2026-09,20507,19910
P05019,Health,Health,East,2026-09,6454,6266
P05020,Health,Health,East,2026-09,30738,29843
P05021,Health,Health,East,2026-09,37563,36469
P05022,Health,Health,East,2026-09,22873,22207
P05023,Health,Health,East,2026-09,18465,17927
P05024,Health,Health,East,2026-09,18606,18064
P05025,Health,Health,East,2026-09,9294,9023
P05026,Health,Health,East,2026-09,14633,14207
P05027,Health,Health,East,2026-09,22040,21398
P05028,Health,Health,East,2026-09,19834,19256
P05029,Health,Health,East,2026-09,23386,22705
P05030,Health,Health,East,2026-09,32930,31971
P05031,Health,Health,East,2026-09,13348,12959
P05032,Health,Health,East,2026-09,7146,6938
P05033,Health,Health,East,2026-09,7478,7260
P05034,Health,Health,East,2026-09,10490,10184
P05035,Health,Health,East,2026-09,24185,23481
P05036,Health,Health,East,2026-09,31647,30725
P05037,Health,Health,East,2026-09,34115,33121
P05038,Health,Health,East,2026-09,26214,25450
P05039,Health,Health,East,2026-09,18932,18381
P05040,Health,Health,East,2026-09,11128,10804
P05041,Health,Health,East,2026-09,18879,18329
P05042,Health,Health,East,2026-09,16713,16226
P05043,Health,Health,East,2026-09,33588,32610
P05044,Health,Health,East,2026-09,21556,20928
P05045,Health,Health,East,2026-09,13379,12989
P05046,Health,Health,East,2026-09,15343,14896
P05047,Health,Health,East,2026-09,10562,10254
P05048,Health,Health,East,2026-09,35112,34089
P05049,Health,Health,East,2026-09,7858,7629
P05050,Health,Health,East,2026-09,6682,6487
P05051,Health,Health,East,2026-09,12022,11672
P05052,Health,Health,East,2026-09,31731,30807
P05053,Health,Health,East,2026-09,22709,22048
P05054,Health,Health,East,2026-09,25923,25168
P05055,Health,Health,East,2026-09,17507,16997
P05056,Health,Health,East,2026-09,8434,8188
P05057,Health,Health,East,2026-09,33153,32187
P05058,Health,Health,East,2026-09,12301,11943
P05059,Health,Health,East,2026-09,7316,7103
P05060,Health,Health,East,2026-09,24255,23549
P05061,Health,Health,East,2026-09,8892,8633
P05062,Health,Health,East,2026-09,9283,9013
P05063,Health,Health,East,2026-09,31402,30487
P05064,Health,Health,East,2026-09,21709,21077
P05065,Health,Health,East,2026-09,13859,13455
P05066,Health,Health,East,2026-09,17222,16720
P05067,Health,Health,East,2026-09,29169,28319
P05068,Health,Health,East,2026-09,8361,8117
P05069,Health,Health,East,2026-09,9934,9645
P05070,Health,Health,East,2026-09,25622,24876
P05071,Health,Health,East,2026-09,25331,24593
P05072,Health,Health,East,2026-09,36803,35731
P05073,Health,Health,East,2026-09,18035,17510
P05074,Health,Health,East,2026-09,8320,8078
P05075,Health,Health,East,2026-09,23151,22477
P05076,Health,Health,East,2026-09,26315,25549
P05077,Health,Health,East,2026-09,10660,10350
P05078,Health,Health,East,2026-09,23632,22944
P05079,Health,Health,East,2026-09,12486,12122
P05080,Health,Health,East,2026-09,32794,31839
P05081,Health,Health,East,2026-09,32493,31547
P05082,Health,Health,East,2026-09,19764,19188
P05083,Health,Health,East,2026-09,36624,35557
P05084,Health,Health,East,2026-09,37033,35954
P05085,Health,Health,East,2026-09,10335,10034
P05086,Health,Health,East,2026-09,17820,17301
P05087,Health,Health,East,2026-09,25122,24390
P05088,Health,Health,East,2026-09,8941,8681
P05089,Health,Health,East,2026-09,18290,17757
P05090,Health,Health,East,2026-09,14476,14054
P05091,Health,Health,East,2026-09,36162,35109
P05092,Health,Health,East,2026-09,19197,18638
P05093,Health,Health,East,2026-09,30218,29338
P05094,Health,Health,East,2026-09,18416,17880
P05095,Health,Health,East,2026-09,10415,10112
P05096,Health,Health,East,2026-09,33372,32400
P05097,Health,Health,East,2026-09,6291,6108
P05098,Health,Health,East,2026-09,8034,7800
P05099,Health,Health,East,2026-09,17716,17200
P05100,Health,Health,East,2026-09,27840,27029
P05101,Health,Health,East,2026-09,17004,16509
P05102,Health,Health,East,2026-09,8359,8116
P05103,Health,Health,East,2026-09,16254,15781
P05104,Health,Health,East,2026-09,13968,13561
P05105,Health,Health,East,2026-09,6448,6260
P05106,Health,Health,East,2026-09,23065,22393
P05107,Health,Health,East,2026-09,9940,9650
P05108,Health,Health,East,2026-09,15303,14857
P05109,Health,Health,East,2026-09,26405,25636
P05110,Health,Health,East,2026-09,29039,28193
P05111,Health,Health,East,2026-09,14548,14124
P05112,Health,Health,East,2026-09,16611,16127
P05113,Health,Health,East,2026-09,14029,13620
P05114,Health,Health,East,2026-09,36315,35257
P05115,Health,Health,East,2026-09,12258,11901
P05116,Health,Health,East,2026-09,12028,11678
P05117,Health,Health,East,2026-09,20248,19658
P05118,Health,Health,East,2026-09,12220,11864
P05119,Health,Health,East,2026-09,11197,10871
P05120,Health,Health,East,2026-09,9288,9017
P05121,Health,Health,East,2026-09,26373,25605
P05122,Health,Health,East,2026-09,25491,24749
P05123,Health,Health,East,2026-09,26686,25909
P05124,Health,Health,East,2026-09,30552,29662
P05125,Health,Health,East,2026-09,16522,16041
P05126,Health,Health,East,2026-09,35107,34084
P05127,Health,Health,East,2026-09,29293,28440
P05128,Health,Health,East,2026-09,31538,30619
P05129,Health,Health,East,2026-09,28909,28067
P05130,Health,Health,East,2026-09,17530,17019
P05131,Health,Health,East,2026-09,15163,14721
P05132,Health,Health,East,2026-09,19540,18971
P05133,Health,Health,East,2026-09,9324,9052
P05134,Health,Health,East,2026-09,20443,19848
P05135,Health,Health,East,2026-09,7632,7410
P05136,Health,Health,East,2026-09,6401,6215
P05137,Health,Health,East,2026-09,35517,34483
P05138,Health,Health,East,2026-09,27916,27103
P05139,Health,Health,East,2026-09,23915,23218
P05140,Health,Health,East,2026-09,16985,16490
P05141,Health,Health,East,2026-09,24186,23482
P05142,Health,Health,East,2026-09,34264,33266
P05143,Health,Health,East,2026-09,26756,25977
P05144,Health,Health,East,2026-09,25190,24456
P05145,Health,Health,East,2026-09,20724,20120
P05146,Health,Health,East,2026-09,17129,16630
P05147,Health,Health,East,2026-09,28206,27384
P05148,Health,Health,East,2026-09,37071,35991
P05149,Health,Health,East,2026-09,19611,19040
P05150,Health,Health,East,2026-09,18589,18048
P05151,Health,Health,East,2026-09,19716,19142
P05152,Health,Health,East,2026-09,19636,19064
P05153,Health,Health,East,2026-09,37374,36285
P05154,Health,Health,East,2026-09,28463,27634
P05155,Health,Health,East,2026-09,17552,17041
P05156,Health,Health,East,2026-09,17940,17417
P05157,Health,Health,East,2026-09,19801,19224
P05158,Health,Health,East,2026-09,7430,7214
P05159,Health,Health,East,2026-09,22846,22181
P05160,Health,Health,East,2026-09,31747,30822
P05161,Health,Health,East,2026-09,27013,26226
P05162,Health,Health,East,2026-09,12506,12142
P05163,Health,Health,East,2026-09,29130,28282
P05164,Health,Health,East,2026-09,28862,28021
P05165,Health,Health,East,2026-09,14519,14096
P05166,Health,Health,East,2026-09,25829,25077
P05167,Health,Health,East,2026-09,25455,24714
P05168,Health,Health,East,2026-09,32639,31688
P05169,Health,Health,East,2026-09,10549,10242
P05170,Health,Health,East,2026-09,12394,12033
P05171,Health,Health,East,2026-09,21532,20905
P05172,Health,Health,East,2026-09,7663,7440
P05173,Health,Health,East,2026-09,19324,18761
P05174,Health,Health,East,2026-09,31019,30116
P05175,Health,Health,East,2026-09,10946,10627
P05176,Health,Health,East,2026-09,20715,20112
P05177,Health,Health,East,2026-09,37347,36259
P05178,Health,Health,East,2026-09,22158,21513
P05179,Health,Health,East,2026-09,21920,21282
P05180,Health,Health,East,2026-09,23819,23125
P05181,Health,Health,East,2026-09,12117,11764
P05182,Health,Health,East,2026-09,10897,10580
P05183,Health,Health,East,2026-09,27540,26738
P05184,Health,Health,East,2026-09,18701,18156
P05185,Health,Health,East,2026-09,15378,14930
P05186,Health,Health,East,2026-09,7264,7052
P05187,Health,Health,East,2026-09,32835,31879
P05188,Health,Health,East,2026-09,7292,7080
P05189,Health,Health,East,2026-09,29820,28951
P05190,Health,Health,East,2026-09,18268,17736
P05191,Health,Health,East,2026-09,25070,24340
P05192,Health,Health,East,2026-09,14052,13643
P05193,Health,Health,East,2026-09,11156,10831
P05194,Health,Health,East,2026-09,23020,22350
P05195,Health,Health,East,2026-09,28113,27294
P05196,Health,Health,East,2026-09,12415,12053
P05197,Health,Health,East,2026-09,19975,19393
P05198,Health,Health,East,2026-09,20235,19646
P05199,Health,Health,East,2026-09,13057,12677
P05200,Health,Health,East,2026-09,24014,23315
P05201,Health,Health,East,2026-09,10859,10543
P05202,Health,Health,East,2026-09,22279,21630
P05203,Health,Health,East,2026-09,9839,9552
P05204,Health,Health,East,2026-09,21519,20892
P05205,Health,Health,East,2026-09,16059,15591
P05206,Health,Health,East,2026-09,20474,19878
P05207,Health,Health,East,2026-09,19893,19314
P05208,Health,Health,East,2026-09,34778,33765
P05209,Health,Health,East,2026-09,21657,21026
P05210,Health,Health,East,2026-09,31970,31039
P05211,Health,Health,East,2026-09,13361,12972
P05212,Health,Health,East,2026-09,17330,16825
P05213,Health,Health,East,2026-09,8634,8383
P05214,Health,Health,West,2026-09,18669,18125
P05215,Health,Health,West,2026-09,29672,28808
P05216,Health,Health,West,2026-09,7848,7619
P05217,Health,Health,West,2026-09,28607,27774
P05218,Health,Health,West,2026-09,6783,6585
P05219,Health,Health,West,2026-09,6518,6328
P05220,Health,Health,West,2026-09,18897,18347
P05221,Health,Health,West,2026-09,12039,11688
P05222,Health,Health,West,2026-09,22682,22021
P05223,Health,Health,West,2026-09,6453,6265
P05224,Health,Health,West,2026-09,6727,6531
P05225,Health,Health,West,2026-09,26494,25722
P05226,Health,Health,West,2026-09,11720,11379
P05227,Health,Health,West,2026-09,24473,23760
P05228,Health,Health,West,2026-09,27145,26354
P05229,Health,Health,West,2026-09,7411,7195
P05230,Health,Health,West,2026-09,27712,26905
P05231,Health,Health,West,2026-09,13386,12996
P05232,Health,Health,West,2026-09,16847,16356
P05233,Health,Health,West,2026-09,8191,7952
P05234,Health,Health,West,2026-09,29679,28815
P05235,Health,Health,West,2026-09,21738,21105
P05236,Health,Health,West,2026-09,20136,19550
P05237,Health,Health,West,2026-09,33393,32420
P05238,Health,Health,West,2026-09,15274,14829
P05239,Health,Health,West,2026-09,31170,30262
P05240,Health,Health,West,2026-09,26281,25516
P05241,Health,Health,West,2026-09,32248,31309
P05242,Health,Health,West,2026-09,31656,30734
P05243,Health,Health,West,2026-09,34035,33044
P05244,Health,Health,West,2026-09,9478,9202
P05245,Health,Health,West,2026-09,28462,27633
P05246,Health,Health,West,2026-09,28704,27868
P05247,Health,Health,West,2026-09,24129,23426
P05248,Health,Health,West,2026-09,13684,13285
P05249,Health,Health,West,2026-09,33295,32325
P05250,Health,Health,West,2026-09,11557,11220
P05251,Health,Health,West,2026-09,19991,19409
P05252,Health,Health,West,2026-09,20618,20017
P05253,Health,Health,West,2026-09,10339,10038
P05254,Health,Health,West,2026-09,26362,25594
P05255,Health,Health,West,2026-09,8254,8014
P05256,Health,Health,West,2026-09,25521,24778
P05257,Health,Health,West,2026-09,29965,29092
P05258,Health,Health,West,2026-09,15699,15242
P05259,Health,Health,West,2026-09,25988,25231
P05260,Health,Health,West,2026-09,10195,9898
P05261,Health,Health,West,2026-09,29889,29018
P05262,Health,Health,West,2026-09,32921,31962
P05263,Health,Health,West,2026-09,10079,9785
P05264,Health,Health,West,2026-09,25485,24743
P05265,Health,Health,West,2026-09,20169,19582
P05266,Health,Health,West,2026-09,20903,20294
P05267,Health,Health,West,2026-09,25903,25149
P05268,Health,Health,West,2026-09,19681,19108
P05269,Health,Health,West,2026-09,22870,22204
P05270,Health,Health,West,2026-09,12314,11955
P05271,Health,Health,West,2026-09,16532,16050
P05272,Health,Health,West,2026-09,30441,29554
P05273,Health,Health,West,2026-09,8856,8598
P05274,Health,Health,West,2026-09,22792,22128
P05275,Health,Health,West,2026-09,10982,10662
P05276,Health,Health,West,2026-09,29906,29035
P05277,Health,Health,West,2026-09,22262,21614
P05278,Health,Health,West,2026-09,17233,16731
P05279,Health,Health,West,2026-09,12854,12480
P05280,Health,Health,West,2026-09,18198,17668
P05281,Health,Health,West,2026-09,33079,32116
P05282,Health,Health,West,2026-09,20266,19676
P05283,Health,Health,West,2026-09,19131,18574
P05284,Health,Health,West,2026-09,27041,26253
P05285,Health,Health,West,2026-09,16547,16065
P05286,Health,Health,West,2026-09,17929,17407
P05287,Health,Health,West,2026-09,15344,14897
P05288,Health,Health,West,2026-09,10028,9736
P05289,Health,Health,West,2026-09,26113,25352
P05290,Health,Health,West,2026-09,30663,29770
P05291,Health,Health,West,2026-09,31593,30673
P05292,Health,Health,West,2026-09,30885,29985
P05293,Health,Health,West,2026-09,18625,18083
P05294,Health,Health,West,2026-09,13833,13430
P05295,Health,Health,West,2026-09,23944,23247
P05296,Health,Health,West,2026-09,32997,32036
P05297,Health,Health,West,2026-09,26492,25720
P05298,Health,Health,West,2026-09,19856,19278
P05299,Health,Health,West,2026-09,25399,24659
P05300,Health,Health,West,2026-09,27791,26982
P05301,Health,Health,West,2026-09,31985,31053
P05302,Health,Health,West,2026-09,27525,26723
P05303,Health,Health,West,2026-09,18094,17567
P05304,Health,Health,West,2026-09,13534,13140
P05305,Health,Health,West,2026-09,20000,19417
P05306,Health,Health,West,2026-09,15094,14654
P05307,Health,Health,West,2026-09,32655,31704
P05308,Health,Health,West,2026-09,20231,19642
P05309,Health,Health,West,2026-09,19204,18645
P05310,Health,Health,West,2026-09,15665,15209
P05311,Health,Health,West,2026-09,23987,23288
P05312,Health,Health,West,2026-09,20576,19977
P05313,Health,Health,West,2026-09,9403,9129
P05314,Health,Health,West,2026-09,30554,29664
P05315,Health,Health,West,2026-09,15974,15509
P05316,Health,Health,West,2026-09,18076,17550
P05317,Health,Health,West,2026-09,11593,11255
P05318,Health,Health,West,2026-09,21529,20902
P05319,Health,Health,West,2026-09,25777,25026
P05320,Health,Health,West,2026-09,30895,29995
P05321,Health,Health,West,2026-09,7190,6981
P05322,Health,Health,West,2026-09,33530,32553
P05323,Health,Health,West,2026-09,25827,25075
P05324,Health,Health,West,2026-09,13839,13436
P05325,Health,Health,West,2026-09,11559,11222
P05326,Health,Health,West,2026-09,14176,13763
P05327,Health,Health,West,2026-09,30740,29845
P05328,Health,Health,West,2026-09,14042,13633
P05329,Health,Health,West,2026-09,18941,18389
P05330,Health,Health,West,2026-09,25882,25128
P05331,Health,Health,West,2026-09,30633,29741
P05332,Health,Health,West,2026-09,24535,23820
P05333,Health,Health,West,2026-09,27236,26443
P05334,Health,Health,West,2026-09,10668,10357
P05335,Health,Health,West,2026-09,30788,29891
P05336,Health,Health,West,2026-09,13594,13198
P05337,Health,Health,West,2026-09,9383,9110
P05338,Health,Health,West,2026-09,33612,32633
P05339,Health,Health,West,2026-09,11477,11143
P05340,Health,Health,West,2026-09,9620,9340
P05341,Health,Health,West,2026-09,23605,22917
P05342,Health,Health,West,2026-09,14827,14395
P05343,Health,Health,West,2026-09,9525,9248
P05344,Health,Health,West,2026-09,22893,22226
P05345,Health,Health,West,2026-09,27404,26606
P05346,Health,Health,West,2026-09,28382,27555
P05347,Health,Health,West,2026-09,10159,9863
P05348,Health,Health,West,2026-09,21628,20998
P05349,Health,Health,West,2026-09,28967,28123
P05350,Health,Health,West,2026-09,10319,10018
P05351,Health,Health,West,2026-09,11650,11311
P05352,Health,Health,West,2026-09,5784,5616
P05353,Health,Health,West,2026-09,20707,20104
P05354,Health,Health,West,2026-09,11278,10950
P05355,Health,Health,West,2026-09,26411,25642
P05356,Health,Health,West,2026-09,33211,32244
P05357,Health,Health,West,2026-09,11680,11340
P05358,Health,Health,West,2026-09,24264,23557
P05359,Health,Health,West,2026-09,11769,11426
P05360,Health,Health,West,2026-09,6229,6048
P05361,Health,Health,West,2026-09,27392,26594
P05362,Health,Health,West,2026-09,18118,17590
P05363,Health,Health,West,2026-09,32770,31816
P05364,Health,Health,West,2026-09,20983,20372
P05365,Health,Health,West,2026-09,10216,9918
P05366,Health,Health,West,2026-09,18568,18027
P05367,Health,Health,West,2026-09,11513,11178
P05368,Health,Health,West,2026-09,30805,29908
P05369,Health,Health,West,2026-09,25459,24717
P05370,Health,Health,West,2026-09,15466,15016
P05371,Health,Health,West,2026-09,20798,20192
P05372,Health,Health,West,2026-09,24847,24123
P05373,Health,Health,West,2026-09,28086,27268
P05374,Health,Health,West,2026-09,8005,7772
P05375,Health,Health,West,2026-09,6359,6174
P05376,Health,Health,West,2026-09,8986,8724
P05377,Health,Health,West,2026-09,17002,16507
P05378,Health,Health,West,2026-09,19052,18497
P05379,Health,Health,West,2026-09,9615,9335
P05380,Health,Health,West,2026-09,17465,16956
P05381,Health,Health,West,2026-09,18335,17801
P05382,Health,Health,West,2026-09,8832,8575
P05383,Health,Health,West,2026-09,31909,30980
P05384,Health,Health,West,2026-09,22836,22171
P05385,Health,Health,West,2026-09,16818,16328
P05386,Health,Health,West,2026-09,20200,19612
P05387,Health,Health,West,2026-09,14694,14266
P05388,Health,Health,West,2026-09,30129,29251
P05389,Health,Health,West,2026-09,22147,21502
P05390,Health,Health,West,2026-09,19857,19279
P05391,Health,Health,West,2026-09,31745,30820
P05392,Health,Health,West,2026-09,29661,28797
P05393,Health,Health,West,2026-09,28942,28099
P05394,Health,Health,West,2026-09,12162,11808
P05395,Health,Health,West,2026-09,10091,9797
P05396,Health,Health,West,2026-09,25436,24695
P05397,Health,Health,West,2026-09,19108,18551
P05398,Health,Health,West,2026-09,25253,24517
P05399,Health,Health,West,2026-09,27451,26651
P05400,Health,Health,West,2026-09,14154,13742
P05401,Health,Health,West,2026-09,13849,13446
P05402,Health,Health,West,2026-09,19741,19166
P05403,Health,Health,West,2026-09,13532,13138
P05404,Health,Health,West,2026-09,24784,24062
P05405,Health,Health,West,2026-09,27054,26266
P05406,Health,Health,West,2026-09,19204,18645
P05407,Health,Health,West,2026-09,26399,25630
P05408,Health,Health,West,2026-09,20301,19710
P05409,Health,Health,West,2026-09,26086,25326
P05410,Health,Health,West,2026-09,12144,11790
P05411,Health,Health,West,2026-09,26828,26047
P05412,Health,Health,West,2026-09,26151,25389
P05413,Health,Health,West,2026-09,13333,12945
P05414,Health,Health,West,2026-09,21602,20973
P05415,Health,Health,West,2026-09,30156,29278
P05416,Health,Health,West,2026-09,12845,12471
P05417,Health,Health,West,2026-09,26747,25968
P05418,Health,Health,West,2026-09,32975,32015
P05419,Health,Health,West,2026-09,30468,29581
P05420,Health,Health,West,2026-09,17189,16688
P05421,Health,Health,West,2026-09,23067,22395
P05422,Health,Health,West,2026-09,34056,33064
P05423,Health,Health,West,2026-09,21959,21319
P05424,Home,Home,North,2026-09,21237,20618
P05425,Home,Home,North,2026-09,29363,28508
P05426,Home,Home,North,2026-09,26516,25744
P05427,Home,Home,North,2026-09,6560,6369
P05428,Home,Home,North,2026-09,31143,30236
P05429,Home,Home,North,2026-09,6722,6526
P05430,Home,Home,North,2026-09,21495,20869
P05431,Home,Home,North,2026-09,21130,20515
P05432,Home,Home,North,2026-09,26881,26098
P05433,Home,Home,North,2026-09,9496,9219
P05434,Home,Home,North,2026-09,10339,10038
P05435,Home,Home,North,2026-09,25947,25191
P05436,Home,Home,North,2026-09,9524,9247
P05437,Home,Home,North,2026-09,18243,17712
P05438,Home,Home,North,2026-09,25390,24650
P05439,Home,Home,North,2026-09,23198,22522
P05440,Home,Home,North,2026-09,11190,10864
P05441,Home,Home,North,2026-09,13734,13334
P05442,Home,Home,North,2026-09,31857,30929
P05443,Home,Home,North,2026-09,17678,17163
P05444,Home,Home,North,2026-09,6662,6468
P05445,Home,Home,North,2026-09,11435,11102
P05446,Home,Home,North,2026-09,14783,14352
P05447,Home,Home,North,2026-09,32689,31737
P05448,Home,Home,North,2026-09,13699,13300
P05449,Home,Home,North,2026-09,6170,5990
P05450,Home,Home,North,2026-09,19429,18863
P05451,Home,Home,North,2026-09,7729,7504
P05452,Home,Home,North,2026-09,12919,12543
P05453,Home,Home,North,2026-09,32495,31549
P05454,Home,Home,North,2026-09,24653,23935
P05455,Home,Home,North,2026-09,6831,6632
P05456,Home,Home,North,2026-09,17678,17163
P05457,Home,Home,North,2026-09,10128,9833
P05458,Home,Home,North,2026-09,8801,8545
P05459,Home,Home,North,2026-09,21449,20824
P05460,Home,Home,North,2026-09,19231,18671
P05461,Home,Home,North,2026-09,25695,24947
P05462,Home,Home,North,2026-09,29768,28901
P05463,Home,Home,North,2026-09,12174,11819
P05464,Home,Home,North,2026-09,30604,29713
P05465,Home,Home,North,2026-09,19567,18997
P05466,Home,Home,North,2026-09,12504,12140
P05467,Home,Home,North,2026-09,28500,27670
P05468,Home,Home,North,2026-09,6419,6232
P05469,Home,Home,North,2026-09,20698,20095
P05470,Home,Home,North,2026-09,25117,24385
P05471,Home,Home,North,2026-09,13080,12699
P05472,Home,Home,North,2026-09,28982,28138
P05473,Home,Home,North,2026-09,11998,11649
P05474,Home,Home,North,2026-09,28338,27513
P05475,Home,Home,North,2026-09,7591,7370
P05476,Home,Home,North,2026-09,9809,9523
P05477,Home,Home,North,2026-09,15833,15372
P05478,Home,Home,North,2026-09,28726,27889
P05479,Home,Home,North,2026-09,9391,9117
P05480,Home,Home,North,2026-09,29308,28454
P05481,Home,Home,North,2026-09,11711,11370
P05482,Home,Home,North,2026-09,17782,17264
P05483,Home,Home,North,2026-09,15063,14624
P05484,Home,Home,North,2026-09,8670,8417
P05485,Home,Home,North,2026-09,31185,30277
P05486,Home,Home,North,2026-09,17392,16885
P05487,Home,Home,North,2026-09,24264,23557
P05488,Home,Home,North,2026-09,21127,20512
P05489,Home,Home,North,2026-09,19123,18566
P05490,Home,Home,North,2026-09,22253,21605
P05491,Home,Home,North,2026-09,29932,29060
P05492,Home,Home,North,2026-09,24508,23794
P05493,Home,Home,North,2026-09,19961,19380
P05494,Home,Home,North,2026-09,23033,22362
P05495,Home,Home,North,2026-09,21976,21336
P05496,Home,Home,North,2026-09,17254,16751
P05497,Home,Home,North,2026-09,22477,21822
P05498,Home,Home,North,2026-09,17539,17028
P05499,Home,Home,North,2026-09,26097,25337
P05500,Home,Home,North,2026-09,31856,30928
P05501,Home,Home,North,2026-09,31609,30688
P05502,Home,Home,North,2026-09,27817,27007
P05503,Home,Home,North,2026-09,21849,21213
P05504,Home,Home,North,2026-09,25872,25118
P05505,Home,Home,North,2026-09,10303,10003
P05506,Home,Home,North,2026-09,18505,17966
P05507,Home,Home,North,2026-09,12463,12100
P05508,Home,Home,North,2026-09,5546,5384
P05509,Home,Home,North,2026-09,31796,30870
P05510,Home,Home,North,2026-09,28992,28148
P05511,Home,Home,North,2026-09,19449,18883
P05512,Home,Home,North,2026-09,12376,12016
P05513,Home,Home,North,2026-09,24336,23627
P05514,Home,Home,North,2026-09,17300,16796
P05515,Home,Home,North,2026-09,27343,26547
P05516,Home,Home,North,2026-09,32689,31737
P05517,Home,Home,North,2026-09,14964,14528
P05518,Home,Home,North,2026-09,12111,11758
P05519,Home,Home,North,2026-09,12737,12366
P05520,Home,Home,North,2026-09,7994,7761
P05521,Home,Home,North,2026-09,16190,15718
P05522,Home,Home,North,2026-09,5926,5753
P05523,Home,Home,North,2026-09,8568,8318
P05524,Home,Home,North,2026-09,12854,12480
P05525,Home,Home,North,2026-09,9807,9521
P05526,Home,Home,North,2026-09,25403,24663
P05527,Home,Home,North,2026-09,8329,8086
P05528,Home,Home,North,2026-09,29050,28204
P05529,Home,Home,North,2026-09,11476,11142
P05530,Home,Home,North,2026-09,8410,8165
P05531,Home,Home,North,2026-09,5726,5559
P05532,Home,Home,North,2026-09,24941,24215
P05533,Home,Home,North,2026-09,12443,12081
P05534,Home,Home,North,2026-09,19335,18772
P05535,Home,Home,North,2026-09,8492,8245
P05536,Home,Home,North,2026-09,32302,31361
P05537,Home,Home,North,2026-09,8867,8609
P05538,Home,Home,North,2026-09,16677,16191
P05539,Home,Home,North,2026-09,28660,27825
P05540,Home,Home,North,2026-09,12124,11771
P05541,Home,Home,North,2026-09,12726,12355
P05542,Home,Home,North,2026-09,27483,26683
P05543,Home,Home,North,2026-09,12900,12524
P05544,Home,Home,North,2026-09,5529,5368
P05545,Home,Home,North,2026-09,17112,16614
P05546,Home,Home,North,2026-09,5792,5623
P05547,Home,Home,North,2026-09,30244,29363
P05548,Home,Home,North,2026-09,22941,22273
P05549,Home,Home,North,2026-09,21339,20717
P05550,Home,Home,North,2026-09,10944,10625
P05551,Home,Home,North,2026-09,24525,23811
P05552,Home,Home,North,2026-09,23907,23211
P05553,Home,Home,North,2026-09,7098,6891
P05554,Home,Home,North,2026-09,29455,28597
P05555,Home,Home,North,2026-09,21241,20622
P05556,Home,Home,North,2026-09,27047,26259
P05557,Home,Home,North,2026-09,12615,12248
P05558,Home,Home,North,2026-09,8777,8521
P05559,Home,Home,North,2026-09,24593,23877
P05560,Home,Home,North,2026-09,27086,26297
P05561,Home,Home,North,2026-09,15971,15506
P05562,Home,Home,North,2026-09,6097,5919
P05563,Home,Home,North,2026-09,27749,26941
P05564,Home,Home,North,2026-09,11067,10745
P05565,Home,Home,North,2026-09,14690,14262
P05566,Home,Home,North,2026-09,22571,21914
P05567,Home,Home,North,2026-09,8174,7936
P05568,Home,Home,North,2026-09,7413,7197
P05569,Home,Home,North,2026-09,6151,5972
P05570,Home,Home,North,2026-09,30430,29544
P05571,Home,Home,North,2026-09,13936,13530
P05572,Home,Home,North,2026-09,23455,22772
P05573,Home,Home,North,2026-09,32409,31465
P05574,Home,Home,North,2026-09,23694,23004
P05575,Home,Home,North,2026-09,19761,19185
P05576,Home,Home,North,2026-09,19646,19074
P05577,Home,Home,North,2026-09,15722,15264
P05578,Home,Home,North,2026-09,21796,21161
P05579,Home,Home,North,2026-09,31580,30660
P05580,Home,Home,North,2026-09,26926,26142
P05581,Home,Home,North,2026-09,17011,16516
P05582,Home,Home,North,2026-09,14511,14088
P05583,Home,Home,North,2026-09,29528,28668
P05584,Home,Home,South,2026-09,30143,29265
P05585,Home,Home,South,2026-09,28661,27826
P05586,Home,Home,South,2026-09,20004,19421
P05587,Home,Home,South,2026-09,17827,17308
P05588,Home,Home,South,2026-09,17183,16683
P05589,Home,Home,South,2026-09,6830,6631
P05590,Home,Home,South,2026-09,28830,27990
P05591,Home,Home,South,2026-09,26871,26088
P05592,Home,Home,South,2026-09,17319,16815
P05593,Home,Home,South,2026-09,12654,12285
P05594,Home,Home,South,2026-09,14328,13911
P05595,Home,Home,South,2026-09,8528,8280
P05596,Home,Home,South,2026-09,24328,23619
P05597,Home,Home,South,2026-09,19970,19388
P05598,Home,Home,South,2026-09,11457,11123
P05599,Home,Home,South,2026-09,21721,21088
P05600,Home,Home,South,2026-09,31122,30216
P05601,Home,Home,South,2026-09,8509,8261
P05602,Home,Home,South,2026-09,17379,16873
P05603,Home,Home,South,2026-09,18321,17787
P05604,Home,Home,South,2026-09,9681,9399
P05605,Home,Home,South,2026-09,19308,18746
P05606,Home,Home,South,2026-09,21272,20652
P05607,Home,Home,South,2026-09,9431,9156
P05608,Home,Home,South,2026-09,9362,9089
P05609,Home,Home,South,2026-09,27879,27067
P05610,Home,Home,South,2026-09,13496,13103
P05611,Home,Home,South,2026-09,21914,21276
P05612,Home,Home,South,2026-09,21821,21185
P05613,Home,Home,South,2026-09,27426,26627
P05614,Home,Home,South,2026-09,24805,24083
P05615,Home,Home,South,2026-09,27463,26663
P05616,Home,Home,South,2026-09,21779,21145
P05617,Home,Home,South,2026-09,17140,16641
P05618,Home,Home,South,2026-09,15665,15209
P05619,Home,Home,South,2026-09,15282,14837
P05620,Home,Home,South,2026-09,16320,15845
P05621,Home,Home,South,2026-09,8691,8438
P05622,Home,Home,South,2026-09,16468,15988
P05623,Home,Home,South,2026-09,15557,15104
P05624,Home,Home,South,2026-09,6191,6011
P05625,Home,Home,South,2026-09,12539,12174
P05626,Home,Home,South,2026-09,25123,24391
P05627,Home,Home,South,2026-09,20532,19934
P05628,Home,Home,South,2026-09,26554,25781
P05629,Home,Home,South,2026-09,19601,19030
P05630,Home,Home,South,2026-09,27819,27009
P05631,Home,Home,South,2026-09,26289,25523
P05632,Home,Home,South,2026-09,7872,7643
P05633,Home,Home,South,2026-09,31064,30159
P05634,Home,Home,South,2026-09,5668,5503
P05635,Home,Home,South,2026-09,21031,20418
P05636,Home,Home,South,2026-09,26194,25431
P05637,Home,Home,South,2026-09,14038,13629
P05638,Home,Home,South,2026-09,21076,20462
P05639,Home,Home,South,2026-09,14835,14403
P05640,Home,Home,South,2026-09,6878,6678
P05641,Home,Home,South,2026-09,5501,5341
P05642,Home,Home,South,2026-09,7782,7555
P05643,Home,Home,South,2026-09,7875,7646
P05644,Home,Home,South,2026-09,21401,20778
P05645,Home,Home,South,2026-09,19157,18599
P05646,Home,Home,South,2026-09,17299,16795
P05647,Home,Home,South,2026-09,23540,22854
P05648,Home,Home,South,2026-09,5723,5556
P05649,Home,Home,South,2026-09,12430,12068
P05650,Home,Home,South,2026-09,25795,25044
P05651,Home,Home,South,2026-09,29294,28441
P05652,Home,Home,South,2026-09,16847,16356
P05653,Home,Home,South,2026-09,7429,7213
P05654,Home,Home,South,2026-09,26359,25591
P05655,Home,Home,South,2026-09,28640,27806
P05656,Home,Home,South,2026-09,16196,15724
P05657,Home,Home,South,2026-09,11701,11360
P05658,Home,Home,South,2026-09,6439,6251
P05659,Home,Home,South,2026-09,20878,20270
P05660,Home,Home,South,2026-09,29292,28439
P05661,Home,Home,South,2026-09,23169,22494
P05662,Home,Home,South,2026-09,13652,13254
P05663,Home,Home,South,2026-09,22246,21598
P05664,Home,Home,South,2026-09,27238,26445
P05665,Home,Home,South,2026-09,17837,17317
P05666,Home,Home,South,2026-09,26913,26129
P05667,Home,Home,South,2026-09,15622,15167
P05668,Home,Home,South,2026-09,14477,14055
P05669,Home,Home,South,2026-09,20665,20063
P05670,Home,Home,South,2026-09,17542,17031
P05671,Home,Home,South,2026-09,31067,30162
P05672,Home,Home,South,2026-09,18907,18356
P05673,Home,Home,South,2026-09,15444,14994
P05674,Home,Home,South,2026-09,15701,15244
P05675,Home,Home,South,2026-09,19740,19165
P05676,Home,Home,South,2026-09,14646,14219
P05677,Home,Home,South,2026-09,24357,23648
P05678,Home,Home,South,2026-09,15325,14879
P05679,Home,Home,South,2026-09,15417,14968
P05680,Home,Home,South,2026-09,21562,20934
P05681,Home,Home,South,2026-09,6885,6684
P05682,Home,Home,South,2026-09,22575,21917
P05683,Home,Home,South,2026-09,18606,18064
P05684,Home,Home,South,2026-09,17235,16733
P05685,Home,Home,South,2026-09,24261,23554
P05686,Home,Home,South,2026-09,25291,24554
P05687,Home,Home,South,2026-09,27613,26809
P05688,Home,Home,South,2026-09,15170,14728
P05689,Home,Home,South,2026-09,13909,13504
P05690,Home,Home,South,2026-09,24131,23428
P05691,Home,Home,South,2026-09,20633,20032
P05692,Home,Home,South,2026-09,21953,21314
P05693,Home,Home,South,2026-09,19940,19359
P05694,Home,Home,South,2026-09,25672,24924
P05695,Home,Home,South,2026-09,10294,9994
P05696,Home,Home,South,2026-09,19945,19364
P05697,Home,Home,South,2026-09,9451,9176
P05698,Home,Home,South,2026-09,16027,15560
P05699,Home,Home,South,2026-09,22802,22138
P05700,Home,Home,South,2026-09,18292,17759
P05701,Home,Home,South,2026-09,15297,14851
P05702,Home,Home,South,2026-09,28635,27801
P05703,Home,Home,South,2026-09,25675,24927
P05704,Home,Home,South,2026-09,19168,18610
P05705,Home,Home,South,2026-09,30352,29468
P05706,Home,Home,South,2026-09,16478,15998
P05707,Home,Home,South,2026-09,26078,25318
P05708,Home,Home,South,2026-09,9711,9428
P05709,Home,Home,South,2026-09,12821,12448
P05710,Home,Home,South,2026-09,14202,13788
P05711,Home,Home,South,2026-09,8071,7836
P05712,Home,Home,South,2026-09,18522,17983
P05713,Home,Home,South,2026-09,10353,10051
P05714,Home,Home,South,2026-09,22016,21375
P05715,Home,Home,South,2026-09,10295,9995
P05716,Home,Home,South,2026-09,8538,8289
P05717,Home,Home,South,2026-09,30855,29956
P05718,Home,Home,South,2026-09,22651,21991
P05719,Home,Home,South,2026-09,29994,29120
P05720,Home,Home,South,2026-09,18207,17677
P05721,Home,Home,South,2026-09,6160,5981
P05722,Home,Home,South,2026-09,20437,19842
P05723,Home,Home,South,2026-09,20014,19431
P05724,Home,Home,South,2026-09,5673,5508
P05725,Home,Home,South,2026-09,28009,27193
P05726,Home,Home,South,2026-09,21640,21010
P05727,Home,Home,South,2026-09,24932,24206
P05728,Home,Home,South,2026-09,18314,17781
P05729,Home,Home,South,2026-09,21599,20970
P05730,Home,Home,South,2026-09,12074,11722
P05731,Home,Home,South,2026-09,30978,30076
P05732,Home,Home,South,2026-09,15854,15392
P05733,Home,Home,South,2026-09,9563,9284
P05734,Home,Home,East,2026-09,11201,10875
P05735,Home,Home,East,2026-09,13649,13251
P05736,Home,Home,East,2026-09,10726,10414
P05737,Home,Home,East,2026-09,8073,7838
P05738,Home,Home,East,2026-09,10789,10475
P05739,Home,Home,East,2026-09,28579,27747
P05740,Home,Home,East,2026-09,7372,7157
P05741,Home,Home,East,2026-09,13563,13168
P05742,Home,Home,East,2026-09,18827,18279
P05743,Home,Home,East,2026-09,14332,13915
P05744,Home,Home,East,2026-09,18547,18007
P05745,Home,Home,East,2026-09,6291,6108
P05746,Home,Home,East,2026-09,21933,21294
P05747,Home,Home,East,2026-09,19733,19158
P05748,Home,Home,East,2026-09,22770,22107
P05749,Home,Home,East,2026-09,19831,19253
P05750,Home,Home,East,2026-09,16487,16007
P05751,Home,Home,East,2026-09,14219,13805
P05752,Home,Home,East,2026-09,11022,10701
P05753,Home,Home,East,2026-09,18094,17567
P05754,Home,Home,East,2026-09,5842,5672
P05755,Home,Home,East,2026-09,13653,13255
P05756,Home,Home,East,2026-09,22690,22029
P05757,Home,Home,East,2026-09,7979,7747
P05758,Home,Home,East,2026-09,6795,6597
P05759,Home,Home,East,2026-09,22026,21384
P05760,Home,Home,East,2026-09,15450,15000
P05761,Home,Home,East,2026-09,25893,25139
P05762,Home,Home,East,2026-09,29395,28539
P05763,Home,Home,East,2026-09,29905,29034
P05764,Home,Home,East,2026-09,16169,15698
P05765,Home,Home,East,2026-09,12002,11652
P05766,Home,Home,East,2026-09,20900,20291
P05767,Home,Home,East,2026-09,21405,20782
P05768,Home,Home,East,2026-09,21255,20636
P05769,Home,Home,East,2026-09,13486,13093
P05770,Home,Home,East,2026-09,6817,6618
P05771,Home,Home,East,2026-09,10598,10289
P05772,Home,Home,East,2026-09,9161,8894
P05773,Home,Home,East,2026-09,8372,8128
P05774,Home,Home,East,2026-09,29111,28263
P05775,Home,Home,East,2026-09,5527,5366
P05776,Home,Home,East,2026-09,20726,20122
P05777,Home,Home,East,2026-09,29658,28794
P05778,Home,Home,East,2026-09,14476,14054
P05779,Home,Home,East,2026-09,18793,18246
P05780,Home,Home,East,2026-09,23152,22478
P05781,Home,Home,East,2026-09,13367,12978
P05782,Home,Home,East,2026-09,17515,17005
P05783,Home,Home,East,2026-09,26289,25523
P05784,Home,Home,East,2026-09,24434,23722
P05785,Home,Home,East,2026-09,26065,25306
P05786,Home,Home,East,2026-09,30689,29795
P05787,Home,Home,East,2026-09,14741,14312
P05788,Home,Home,East,2026-09,24479,23766
P05789,Home,Home,East,2026-09,20749,20145
P05790,Home,Home,East,2026-09,22398,21746
P05791,Home,Home,East,2026-09,24293,23585
P05792,Home,Home,East,2026-09,24547,23832
P05793,Home,Home,East,2026-09,28062,27245
P05794,Home,Home,East,2026-09,14198,13784
P05795,Home,Home,East,2026-09,22060,21417
P05796,Home,Home,East,2026-09,12414,12052
P05797,Home,Home,East,2026-09,20537,19939
P05798,Home,Home,East,2026-09,24584,23868
P05799,Home,Home,East,2026-09,25614,24868
P05800,Home,Home,East,2026-09,16028,15561
P05801,Home,Home,East,2026-09,18318,17784
P05802,Home,Home,East,2026-09,13798,13396
P05803,Home,Home,East,2026-09,9538,9260
P05804,Home,Home,East,2026-09,11903,11556
P05805,Home,Home,East,2026-09,28745,27908
P05806,Home,Home,East,2026-09,13155,12772
P05807,Home,Home,East,2026-09,30363,29479
P05808,Home,Home,East,2026-09,11410,11078
P05809,Home,Home,East,2026-09,23858,23163
P05810,Home,Home,East,2026-09,20003,19420
P05811,Home,Home,East,2026-09,23181,22506
P05812,Home,Home,East,2026-09,21813,21178
P05813,Home,Home,East,2026-09,23437,22754
P05814,Home,Home,East,2026-09,28574,27742
P05815,Home,Home,East,2026-09,19733,19158
P05816,Home,Home,East,2026-09,6923,6721
P05817,Home,Home,East,2026-09,12169,11815
P05818,Home,Home,East,2026-09,23474,22790
P05819,Home,Home,East,2026-09,17940,17417
P05820,Home,Home,East,2026-09,19348,18784
P05821,Home,Home,East,2026-09,20589,19989
P05822,Home,Home,East,2026-09,15059,14620
P05823,Home,Home,East,2026-09,25172,24439
P05824,Home,Home,East,2026-09,23870,23175
P05825,Home,Home,East,2026-09,23631,22943
P05826,Home,Home,East,2026-09,23657,22968
P05827,Home,Home,East,2026-09,28182,27361
P05828,Home,Home,East,2026-09,20558,19959
P05829,Home,Home,East,2026-09,30165,29286
P05830,Home,Home,East,2026-09,8250,8010
P05831,Home,Home,East,2026-09,21503,20877
P05832,Home,Home,East,2026-09,23699,23009
P05833,Home,Home,East,2026-09,17504,16994
P05834,Home,Home,East,2026-09,12619,12251
P05835,Home,Home,East,2026-09,19386,18821
P05836,Home,Home,East,2026-09,14597,14172
P05837,Home,Home,East,2026-09,28667,27832
P05838,Home,Home,East,2026-09,14391,13972
P05839,Home,Home,East,2026-09,9711,9428
P05840,Home,Home,East,2026-09,20066,19482
P05841,Home,Home,East,2026-09,15405,14956
P05842,Home,Home,East,2026-09,7648,7425
P05843,Home,Home,East,2026-09,19769,19193
P05844,Home,Home,East,2026-09,19070,18515
P05845,Home,Home,East,2026-09,9646,9365
P05846,Home,Home,East,2026-09,20616,20016
P05847,Home,Home,East,2026-09,19834,19256
P05848,Home,Home,East,2026-09,25164,24431
P05849,Home,Home,East,2026-09,14515,14092
P05850,Home,Home,East,2026-09,11599,11261
P05851,Home,Home,East,2026-09,29755,28888
P05852,Home,Home,East,2026-09,19675,19102
P05853,Home,Home,East,2026-09,5871,5700
P05854,Home,Home,East,2026-09,26381,25613
P05855,Home,Home,East,2026-09,10255,9956
P05856,Home,Home,East,2026-09,25485,24743
P05857,Home,Home,East,2026-09,23395,22714
P05858,Home,Home,East,2026-09,30210,29330
P05859,Home,Home,East,2026-09,30126,29249
P05860,Home,Home,East,2026-09,12262,11905
P05861,Home,Home,East,2026-09,24980,24252
P05862,Home,Home,East,2026-09,13359,12970
P05863,Home,Home,East,2026-09,21432,20808
P05864,Home,Home,East,2026-09,20619,20018
P05865,Home,Home,East,2026-09,6579,6387
P05866,Home,Home,East,2026-09,5303,5149
P05867,Home,Home,East,2026-09,6662,6468
P05868,Home,Home,East,2026-09,8476,8229
P05869,Home,Home,East,2026-09,11829,11484
P05870,Home,Home,East,2026-09,28610,27777
P05871,Home,Home,East,2026-09,18574,18033
P05872,Home,Home,East,2026-09,25766,25016
P05873,Home,Home,East,2026-09,26837,26055
P05874,Home,Home,West,2026-09,13903,13498
P05875,Home,Home,West,2026-09,5433,5275
P05876,Home,Home,West,2026-09,5425,5267
P05877,Home,Home,West,2026-09,18012,17487
P05878,Home,Home,West,2026-09,28371,27545
P05879,Home,Home,West,2026-09,28206,27384
P05880,Home,Home,West,2026-09,12845,12471
P05881,Home,Home,West,2026-09,16321,15846
P05882,Home,Home,West,2026-09,7183,6974
P05883,Home,Home,West,2026-09,17265,16762
P05884,Home,Home,West,2026-09,19119,18562
P05885,Home,Home,West,2026-09,10784,10470
P05886,Home,Home,West,2026-09,19416,18850
P05887,Home,Home,West,2026-09,26291,25525
P05888,Home,Home,West,2026-09,4804,4664
P05889,Home,Home,West,2026-09,10255,9956
P05890,Home,Home,West,2026-09,9800,9515
P05891,Home,Home,West,2026-09,7744,7518
P05892,Home,Home,West,2026-09,8753,8498
P05893,Home,Home,West,2026-09,19745,19170
P05894,Home,Home,West,2026-09,7237,7026
P05895,Home,Home,West,2026-09,22438,21784
P05896,Home,Home,West,2026-09,25988,25231
P05897,Home,Home,West,2026-09,26933,26149
P05898,Home,Home,West,2026-09,20565,19966
P05899,Home,Home,West,2026-09,9501,9224
P05900,Home,Home,West,2026-09,6821,6622
P05901,Home,Home,West,2026-09,10329,10028
P05902,Home,Home,West,2026-09,27779,26970
P05903,Home,Home,West,2026-09,27788,26979
P05904,Home,Home,West,2026-09,13912,13507
P05905,Home,Home,West,2026-09,12570,12204
P05906,Home,Home,West,2026-09,16974,16480
P05907,Home,Home,West,2026-09,11755,11413
P05908,Home,Home,West,2026-09,28202,27381
P05909,Home,Home,West,2026-09,10070,9777
P05910,Home,Home,West,2026-09,13606,13210
P05911,Home,Home,West,2026-09,15046,14608
P05912,Home,Home,West,2026-09,7771,7545
P05913,Home,Home,West,2026-09,13934,13528
P05914,Home,Home,West,2026-09,25264,24528
P05915,Home,Home,West,2026-09,8137,7900
P05916,Home,Home,West,2026-09,18744,18198
P05917,Home,Home,West,2026-09,14503,14081
P05918,Home,Home,West,2026-09,8859,8601
P05919,Home,Home,West,2026-09,5077,4929
P05920,Home,Home,West,2026-09,11317,10987
P05921,Home,Home,West,2026-09,6259,6077
P05922,Home,Home,West,2026-09,13789,13387
P05923,Home,Home,West,2026-09,24151,23448
P05924,Home,Home,West,2026-09,21987,21347
P05925,Home,Home,West,2026-09,27431,26632
P05926,Home,Home,West,2026-09,14991,14554
P05927,Home,Home,West,2026-09,21703,21071
P05928,Home,Home,West,2026-09,20688,20085
P05929,Home,Home,West,2026-09,9970,9680
P05930,Home,Home,West,2026-09,12040,11689
P05931,Home,Home,West,2026-09,17448,16940
P05932,Home,Home,West,2026-09,23827,23133
P05933,Home,Home,West,2026-09,15822,15361
P05934,Home,Home,West,2026-09,10226,9928
P05935,Home,Home,West,2026-09,28533,27702
P05936,Home,Home,West,2026-09,7545,7325
P05937,Home,Home,West,2026-09,27634,26829
P05938,Home,Home,West,2026-09,24124,23421
P05939,Home,Home,West,2026-09,24837,24114
P05940,Home,Home,West,2026-09,23786,23093
P05941,Home,Home,West,2026-09,9758,9474
P05942,Home,Home,West,2026-09,19905,19325
P05943,Home,Home,West,2026-09,22873,22207
P05944,Home,Home,West,2026-09,22608,21950
P05945,Home,Home,West,2026-09,11274,10946
P05946,Home,Home,West,2026-09,9111,8846
P05947,Home,Home,West,2026-09,12626,12258
P05948,Home,Home,West,2026-09,16253,15780
P05949,Home,Home,West,2026-09,18499,17960
P05950,Home,Home,West,2026-09,24791,24069
P05951,Home,Home,West,2026-09,23167,22492
P05952,Home,Home,West,2026-09,20946,20336
P05953,Home,Home,West,2026-09,11081,10758
P05954,Home,Home,West,2026-09,16230,15757
P05955,Home,Home,West,2026-09,12801,12428
P05956,Home,Home,West,2026-09,10398,10095
P05957,Home,Home,West,2026-09,5026,4880
P05958,Home,Home,West,2026-09,12897,12521
P05959,Home,Home,West,2026-09,10905,10587
P05960,Home,Home,West,2026-09,18455,17917
P05961,Home,Home,West,2026-09,6271,6088
P05962,Home,Home,West,2026-09,11249,10921
P05963,Home,Home,West,2026-09,5851,5681
P05964,Home,Home,West,2026-09,20116,19530
P05965,Home,Home,West,2026-09,18365,17830
P05966,Home,Home,West,2026-09,12849,12475
P05967,Home,Home,West,2026-09,8304,8062
P05968,Home,Home,West,2026-09,27682,26876
P05969,Home,Home,West,2026-09,18753,18207
P05970,Home,Home,West,2026-09,21017,20405
P05971,Home,Home,West,2026-09,17484,16975
P05972,Home,Home,West,2026-09,24064,23363
P05973,Home,Home,West,2026-09,26211,25448
P05974,Home,Home,West,2026-09,13931,13525
P05975,Home,Home,West,2026-09,21278,20658
P05976,Home,Home,West,2026-09,10277,9978
P05977,Home,Home,West,2026-09,20365,19772
P05978,Home,Home,West,2026-09,14324,13907
P05979,Home,Home,West,2026-09,4944,4800
P05980,Home,Home,West,2026-09,27626,26821
P05981,Home,Home,West,2026-09,25544,24800
P05982,Home,Home,West,2026-09,11735,11393
P05983,Home,Home,West,2026-09,28635,27801
P05984,Home,Home,West,2026-09,12363,12003
P05985,Home,Home,West,2026-09,15751,15292
P05986,Home,Home,West,2026-09,25133,24401
P05987,Home,Home,West,2026-09,12063,11712
P05988,Home,Home,West,2026-09,15553,15100
P05989,Home,Home,West,2026-09,20694,20091
P05990,Home,Home,West,2026-09,7900,7670
P05991,Home,Home,West,2026-09,14878,14445
P05992,Home,Home,West,2026-09,12179,11824
P05993,Home,Home,West,2026-09,20962,20351
P05994,Home,Home,West,2026-09,8032,7798
P05995,Home,Home,West,2026-09,10345,10044
P05996,Home,Home,West,2026-09,21789,21154
P05997,Home,Home,West,2026-09,8516,8268
P05998,Home,Home,West,2026-09,14871,14438
P05999,Home,Home,West,2026-09,21825,21189
P06000,Home,Home,West,2026-09,23081,22409
